
--- 20260225_164941 cifar10_seq L=9 T=4 ---
[info] cifar10_seq, L=9, T=4, P_in=8000, P_rec=8000, P_last=5000, n_train_total=5000, n_test=2000
[seed 0] -> cvx best beta=0.001 lr=0.001 => train_loss_history=[2.795089202880859, 2.5293390731811525, 2.3649217834472656, 2.28758215713501, 2.2649618606567383, 2.2430670795440673, 2.2116281452178956, 2.1955406589508057, 2.168194253921509, 2.1553688774108886, 2.136693815231323, 2.1226761207580567, 2.0901436901092527, 2.0727750091552735, 2.0806581954956056, 2.0641116676330564, 2.040769655227661, 2.03574373626709, 2.0057739181518555, 1.9770173454284667, 1.983225317955017, 1.9631535425186157, 1.9706447353363037, 1.943861524581909, 1.9297414293289186, 1.9189675750732422, 1.8945898303985595, 1.884831371307373, 1.8815078601837159, 1.8916328439712524, 1.8521611022949218, 1.8426055898666382, 1.8323962669372558, 1.8299050064086915, 1.8238978843688964, 1.8186490144729615, 1.8159345331192016, 1.810809955596924, 1.8173420639038087, 1.8120320320129395, 1.8098787317276002, 1.8083014125823975, 1.7981319942474365, 1.7998318405151368, 1.7931422996520996, 1.7820251750946046, 1.779110125541687, 1.7769333353042602, 1.7777040796279908, 1.775921555519104, 1.7644616231918335, 1.756892629623413, 1.750770071029663, 1.7546193389892577, 1.7525188446044921, 1.7553161458969115, 1.7494558477401734, 1.7409696722030639, 1.732785135269165, 1.7274549970626831, 1.7260446071624755, 1.7191422195434571, 1.714987226486206, 1.7134024209976195, 1.710357048034668, 1.7080857400894165, 1.7075496587753296, 1.709611207962036, 1.7072825202941895, 1.7041160411834717, 1.7017603321075438, 1.6996126041412354, 1.697917766571045, 1.6986075992584229, 1.70038463306427, 1.6958631114959717, 1.6955197525024415, 1.6949135274887086, 1.690590723991394, 1.6894304246902465, 1.6884626560211182, 1.6892809991836548, 1.6909166469573975, 1.6844200048446656, 1.6849752864837646, 1.680823127746582, 1.6816685781478882, 1.6791337404251099, 1.6790942668914794, 1.6810893907546998, 1.6710421829223632, 1.6720706167221069, 1.670865234375, 1.6699903049468994, 1.6680914125442505, 1.6662541761398315, 1.6655686902999878, 1.6671535778045654, 1.6652394723892212, 1.664382402420044] , train_acc_history=[0.174, 0.097, 0.18325, 0.10925, 0.391, 0.23325, 0.1875, 0.32975, 0.49975, 0.318, 0.4215, 0.44825, 0.49525, 0.3895, 0.4445, 0.48425, 0.4565, 0.4765, 0.642, 0.64475, 0.607, 0.55, 0.622, 0.54225, 0.68925, 0.67275, 0.69625, 0.651, 0.58725, 0.688, 0.73225, 0.74325, 0.7725, 0.6845, 0.75225, 0.76825, 0.77525, 0.72225, 0.71925, 0.741, 0.70925, 0.761, 0.69875, 0.7435, 0.77425, 0.763, 0.7485, 0.73825, 0.75075, 0.7405, 0.76, 0.7765, 0.771, 0.7915, 0.7595, 0.75275, 0.76825, 0.78725, 0.791, 0.7735, 0.801, 0.80975, 0.8175, 0.81925, 0.816, 0.82175, 0.81375, 0.81575, 0.8145, 0.8155, 0.82525, 0.816, 0.82025, 0.80675, 0.8195, 0.82225, 0.819, 0.814, 0.822, 0.8085, 0.83525, 0.81625, 0.8315, 0.8135, 0.83175, 0.81875, 0.82825, 0.827, 0.83025, 0.83075, 0.84, 0.83775, 0.839, 0.842, 0.8375, 0.84125, 0.83925, 0.842, 0.839, 0.8435] , val_score=0.13 || snn => train_loss_history=[2.3025853633880615, 2.3025853633880615, 2.3025853633880615, 2.3025853633880615, 2.3025853633880615, 2.3025853633880615, 2.3025853633880615, 2.3025853633880615, 2.3025853633880615, 2.3025853633880615, 2.3025853633880615, 2.3025853633880615, 2.3025853633880615, 2.3025853633880615, 2.3025853633880615, 2.3025853633880615, 2.3025853633880615, 2.3025853633880615, 2.3025853633880615, 2.3025853633880615, 2.3025853633880615, 2.3025853633880615, 2.3025853633880615, 2.3025853633880615, 2.3025853633880615, 2.3025853633880615, 2.3025853633880615, 2.3025853633880615, 2.3025853633880615, 2.3025853633880615, 2.3025853633880615, 2.3025853633880615, 2.3025853633880615, 2.3025853633880615, 2.3025853633880615, 2.3025853633880615, 2.3025853633880615, 2.3025853633880615, 2.3025853633880615, 2.3025853633880615, 2.3025853633880615, 2.3025853633880615, 2.3025853633880615, 2.3025853633880615, 2.3025853633880615, 2.3025853633880615, 2.3025853633880615, 2.3025853633880615, 2.3025853633880615, 2.3025853633880615, 2.3025853633880615, 2.3025853633880615, 2.3025853633880615, 2.3025853633880615, 2.3025853633880615, 2.3025853633880615, 2.3025853633880615, 2.3025853633880615, 2.3025853633880615, 2.3025853633880615, 2.3025853633880615, 2.3025853633880615, 2.3025853633880615, 2.3025853633880615, 2.3025853633880615, 2.3025853633880615, 2.3025853633880615, 2.3025853633880615, 2.3025853633880615, 2.3025853633880615, 2.3025853633880615, 2.3025853633880615, 2.3025853633880615, 2.3025853633880615, 2.3025853633880615, 2.3025853633880615, 2.3025853633880615, 2.3025853633880615, 2.3025853633880615, 2.3025853633880615, 2.3025853633880615, 2.3025853633880615, 2.3025853633880615, 2.3025853633880615, 2.3025853633880615, 2.3025853633880615, 2.3025853633880615, 2.3025853633880615, 2.3025853633880615, 2.3025853633880615, 2.3025853633880615, 2.3025853633880615, 2.3025853633880615, 2.3025853633880615, 2.3025853633880615, 2.3025853633880615, 2.3025853633880615, 2.3025853633880615, 2.3025853633880615, 2.3025853633880615] , train_acc_history=[0.10475, 0.10475, 0.10475, 0.10475, 0.10475, 0.10475, 0.10475, 0.10475, 0.10475, 0.10475, 0.10475, 0.10475, 0.10475, 0.10475, 0.10475, 0.10475, 0.10475, 0.10475, 0.10475, 0.10475, 0.10475, 0.10475, 0.10475, 0.10475, 0.10475, 0.10475, 0.10475, 0.10475, 0.10475, 0.10475, 0.10475, 0.10475, 0.10475, 0.10475, 0.10475, 0.10475, 0.10475, 0.10475, 0.10475, 0.10475, 0.10475, 0.10475, 0.10475, 0.10475, 0.10475, 0.10475, 0.10475, 0.10475, 0.10475, 0.10475, 0.10475, 0.10475, 0.10475, 0.10475, 0.10475, 0.10475, 0.10475, 0.10475, 0.10475, 0.10475, 0.10475, 0.10475, 0.10475, 0.10475, 0.10475, 0.10475, 0.10475, 0.10475, 0.10475, 0.10475, 0.10475, 0.10475, 0.10475, 0.10475, 0.10475, 0.10475, 0.10475, 0.10475, 0.10475, 0.10475, 0.10475, 0.10475, 0.10475, 0.10475, 0.10475, 0.10475, 0.10475, 0.10475, 0.10475, 0.10475, 0.10475, 0.10475, 0.10475, 0.10475, 0.10475, 0.10475, 0.10475, 0.10475, 0.10475, 0.10475]
[seed 0] -> cvx test_acc=0.137 , snn test_acc=0.098
[final test results] cvx=0.137000±0.000000 , snn=0.098000±0.000000 , delta=0.039000±0.000000

--- 20260225_234918 cifar10_seq L=5 T=4 ---
[info] cifar10_seq, L=5, T=4, P_in=8000, P_rec=8000, P_last=5000, n_train_total=5000, n_test=2000
[seed 0] -> cvx best beta=0.001 lr=0.005 => train_loss_history=[13.91562351989746, 20.39792617034912, 8.741386688232422, 6.671869720458984, 4.342475708007813, 3.3135194816589357, 2.7001149044036867, 2.4538089160919188, 2.3163576698303223, 2.1999144401550295, 2.1600915431976317, 2.1144836807250975, 2.0901614112854006, 2.0446213150024413, 2.0097509441375734, 1.9765155973434447, 1.9444474544525145, 1.9242201080322265, 1.904355164527893, 1.8811753959655761, 1.859899393081665, 1.840598777770996, 1.8160946979522705, 1.7913700723648072, 1.7935989990234376, 1.759287808418274, 1.7409897022247314, 1.7215698509216308, 1.7190692625045776, 1.7126061210632324, 1.6755083856582642, 1.6593545532226563, 1.6488916130065918, 1.6376902713775634, 1.6290611171722411, 1.6264391212463378, 1.619099446296692, 1.6089933681488038, 1.6063700408935546, 1.6054816150665283, 1.5971771488189697, 1.5848635063171386, 1.5870138559341431, 1.5857175426483154, 1.5796561422348023, 1.575374550819397, 1.5683471965789795, 1.5795868883132935, 1.562269416809082, 1.5659488105773927, 1.5582596626281737, 1.5529842853546143, 1.5464207725524903, 1.5353172779083253, 1.538614740371704, 1.5408801612854004, 1.5339092578887938, 1.531935441970825, 1.5322430229187012, 1.5316310043334962, 1.5199381790161133, 1.5157260856628418, 1.5111312065124511, 1.5047179908752442, 1.497910213470459, 1.5039319553375243, 1.4990868339538574, 1.493803674697876, 1.4905751905441285, 1.4891923160552978, 1.4923445434570313, 1.4895322065353394, 1.4824340095520019, 1.4902320098876953, 1.4861683559417724, 1.482508098602295, 1.4859053936004638, 1.4839263315200806, 1.480487298965454, 1.4842217426300048, 1.482338649749756, 1.478969829559326, 1.4789411649703978, 1.4823561305999755, 1.4775652122497558, 1.4751501483917235, 1.4769208841323853, 1.4759240398406983, 1.47512229347229, 1.4661737403869628, 1.459795124053955, 1.4553285522460937, 1.4578678092956543, 1.4549619884490967, 1.4554123153686525, 1.4549477396011352, 1.457565146446228, 1.453363681793213, 1.4530496845245362, 1.4508689613342285] , train_acc_history=[0.099, 0.11075, 0.16925, 0.17725, 0.11375, 0.28925, 0.23625, 0.2775, 0.46975, 0.599, 0.549, 0.5755, 0.66925, 0.62125, 0.672, 0.67425, 0.70475, 0.7185, 0.683, 0.76125, 0.7195, 0.736, 0.7745, 0.7765, 0.72925, 0.7475, 0.78025, 0.7885, 0.75475, 0.772, 0.83075, 0.825, 0.83875, 0.847, 0.84725, 0.84875, 0.8425, 0.846, 0.83025, 0.841, 0.864, 0.87225, 0.86325, 0.85675, 0.865, 0.87225, 0.835, 0.859, 0.85525, 0.84575, 0.87325, 0.8755, 0.8795, 0.84725, 0.86275, 0.8645, 0.8755, 0.861, 0.853, 0.85725, 0.88175, 0.882, 0.88425, 0.883, 0.877, 0.88875, 0.888, 0.89, 0.9025, 0.89625, 0.89675, 0.899, 0.88575, 0.89125, 0.9005, 0.9035, 0.908, 0.90675, 0.9005, 0.89925, 0.89025, 0.8995, 0.88275, 0.89875, 0.9015, 0.906, 0.90825, 0.89825, 0.899, 0.907, 0.91325, 0.91325, 0.9155, 0.9145, 0.91475, 0.91225, 0.91775, 0.9135, 0.91875, 0.918] , val_score=0.194 || snn => train_loss_history=[4.154619915008545, 3.3387964668273926, 2.682118309020996, 2.4717995567321775, 2.4137874431610107, 2.3741231651306154, 2.33741729927063, 2.350967830657959, 2.345358112335205, 2.3605438117980957, 2.3865666275024413, 2.3962107429504393, 2.36840799331665, 2.356952543258667, 2.3674487953186034, 2.3474669551849363, 2.3761815853118895, 2.3637048969268797, 2.3898113079071046, 2.3684535751342772, 2.360275827407837, 2.3837698860168457, 2.36648024559021, 2.3526168327331543, 2.362962829589844, 2.3515959815979004, 2.360839021682739, 2.395712657928467, 2.3988492641448973, 2.3882180213928224, 2.3564641952514647, 2.352285165786743, 2.336687105178833, 2.3299410800933837, 2.3292084636688233, 2.3302059402465822, 2.3253258113861084, 2.321254207611084, 2.323762243270874, 2.3286057739257813, 2.324174509048462, 2.3272829132080077, 2.3183008155822753, 2.321289861679077, 2.32022278213501, 2.3361506156921386, 2.3319247608184814, 2.326414894104004, 2.3295587120056154, 2.342866891860962, 2.339965633392334, 2.3360405559539794, 2.3506980838775635, 2.353419397354126, 2.3448513584136963, 2.3434659538269043, 2.329880676269531, 2.3362772789001465, 2.3270012092590333, 2.3108043899536135, 2.3079604892730714, 2.2932277870178224, 2.302716272354126, 2.2951749992370605, 2.2848791275024416, 2.2877424964904787, 2.26973956489563, 2.2510327758789064, 2.237382516860962, 2.206366771697998, 2.2335946884155273, 2.2441545963287353, 2.218486072540283, 2.176097578048706, 2.1699878959655763, 2.1802653484344483, 2.1718936233520507, 2.148970136642456, 2.16004335975647, 2.160315269470215, 2.1438862686157227, 2.112004270553589, 2.1130416831970216, 2.087569999694824, 2.0716872997283935, 2.0671086215972903, 2.0554313373565676, 2.0626592655181883, 2.036807907104492, 2.008551769256592, 2.0001499633789064, 1.9566899290084838, 1.9310432109832765, 1.9183946647644043, 1.9004137315750123, 1.8659000692367553, 1.8321175575256348, 1.8510002021789551, 1.8465713481903077, 1.8488560466766357] , train_acc_history=[0.10525, 0.097, 0.099, 0.099, 0.10175, 0.08925, 0.10075, 0.097, 0.10475, 0.10525, 0.10075, 0.10175, 0.10525, 0.10175, 0.0955, 0.10525, 0.10175, 0.104, 0.10275, 0.104, 0.097, 0.10275, 0.10525, 0.0955, 0.104, 0.10175, 0.0955, 0.099, 0.09675, 0.104, 0.104, 0.1085, 0.10525, 0.10275, 0.104, 0.10175, 0.104, 0.10525, 0.104, 0.10525, 0.099, 0.099, 0.10275, 0.10275, 0.10275, 0.10275, 0.10475, 0.08925, 0.08925, 0.10525, 0.0955, 0.0955, 0.10525, 0.099, 0.10325, 0.10175, 0.0955, 0.11275, 0.10825, 0.12825, 0.1315, 0.132, 0.1225, 0.121, 0.1095, 0.12875, 0.12275, 0.163, 0.16225, 0.16175, 0.172, 0.1575, 0.1335, 0.1485, 0.15225, 0.15125, 0.1705, 0.1745, 0.19725, 0.19475, 0.189, 0.18425, 0.20125, 0.18375, 0.1705, 0.2065, 0.212, 0.2135, 0.20675, 0.204, 0.235, 0.25875, 0.26, 0.25875, 0.272, 0.292, 0.30675, 0.28375, 0.27075, 0.30225]
[seed 0] -> cvx test_acc=0.1935 , snn test_acc=0.1535
[final test results] cvx=0.193500±0.000000 , snn=0.153500±0.000000 , delta=0.040000±0.000000

--- 20260226_001058 two_step_xor_seq L=5 T=6 ---
[info] two_step_xor_seq, L=5, T=6, P_in=2000, P_rec=2000, P_last=5000, n_train_total=5000, n_test=5000
[seed 0] -> cvx best beta=1e-06 lr=0.01 => train_loss_history=[2.9671942977905275, 1.3820999546051025, 0.8499426202774047, 0.7477645692825318, 0.7807451615333557, 0.8859312715530395, 0.8072879712581634, 0.7025345816612244, 0.8026685180664063, 0.7620060687065124, 0.4786856713294983, 0.5932342886924744, 0.7244666776657105, 0.44998153162002563, 0.6491271286010742, 0.41684199070930483, 0.34251251220703127, 0.32165430545806883, 0.3660857346057892, 0.44984520196914674, 0.6343814997673035, 0.49248108673095703, 0.31686485481262205, 0.40100387144088745, 0.4380165858268738, 0.27826439702510836, 0.30208906853199, 0.24762732803821563, 0.26428475546836855, 0.2832422114610672, 0.1636740062236786, 0.163106058716774, 0.16841546881198882, 0.19002804827690126, 0.20482228422164916, 0.1493899635076523, 0.1423759769797325, 0.1351561863422394, 0.22712864124774934, 0.16720578169822692, 0.1902721312046051, 0.1705804053544998, 0.11283595716953278, 0.1592536161839962, 0.17764594650268556, 0.10411111706495285, 0.1119938052892685, 0.12014786279201507, 0.1295368725657463, 0.11209247183799743, 0.14329253250360488, 0.1322498173713684, 0.13509363442659378, 0.10722719579935074, 0.10563267463445664, 0.10465770423412322, 0.10062188822031021, 0.12683734703063965, 0.12728109470009805, 0.10310359582304955, 0.07698900508880616, 0.06505984035134316, 0.061133222728967665, 0.07695655798912049, 0.08001894354820252, 0.06975700858235359, 0.0687459184252657, 0.05867478733230382, 0.0653543718457222, 0.06018523342907429, 0.06751228332519531, 0.05357978117465973, 0.057401681944727896, 0.07012412536144257, 0.055691945433616635, 0.05634986966848374, 0.06457790534989909, 0.04854988168179989, 0.06308691227436065, 0.07411802127957344, 0.07309554716944694, 0.054637130156159404, 0.06829246170446276, 0.0458259212076664, 0.054259018637239934, 0.06441991382837295, 0.04889275403320789, 0.05682001918554306, 0.063902154520154, 0.09806525528430939, 0.06552993780374528, 0.03813615321367979, 0.03689451474323869, 0.04228881927579641, 0.04316477458178997, 0.035875449448823926, 0.03746163315325975, 0.039535736134275794, 0.03707425408996642, 0.03377749633602798, 0.0377552452981472, 0.043823289453983304, 0.04098166051506996, 0.0371538025662303, 0.03475832677260041, 0.03684640573710203, 0.03636635060608387, 0.039148421481251715, 0.035248668149113656, 0.032510222682729364, 0.04082047164440155, 0.07641010475158691, 0.06182259741052985, 0.03549054092168808, 0.03710694072954357, 0.04301431912183762, 0.03944880331307649, 0.03577293494576588, 0.03341178669035435, 0.03569771346915513, 0.03213211361132562, 0.03216370459645987, 0.03023052940145135, 0.02985134778311476, 0.029735529209021477, 0.029030853182077408, 0.030176655013114215, 0.02992005933076143, 0.03319554191455245, 0.03619546249508858, 0.03105463780462742, 0.02861857439391315, 0.029892524145543574, 0.03262273900955916, 0.030536513326223938, 0.030212105141952633, 0.03078133613942191, 0.03378055302007124, 0.027454084912315012, 0.027487259116023777, 0.032209319753572344, 0.032324005941394715, 0.029065827883780003, 0.03761113844066858, 0.02816005943948403, 0.029452979108318688, 0.029375208541750908, 0.029297686405479906, 0.029305581040680408, 0.030455607899930327] , train_acc_history=[0.53775, 0.5555, 0.63125, 0.67975, 0.53025, 0.578, 0.774, 0.6795, 0.60575, 0.723, 0.7145, 0.76525, 0.835, 0.786, 0.856, 0.85775, 0.8985, 0.89275, 0.91125, 0.89575, 0.88575, 0.89875, 0.879, 0.722, 0.91075, 0.92325, 0.935, 0.842, 0.944, 0.951, 0.954, 0.95725, 0.93325, 0.955, 0.91325, 0.96175, 0.96325, 0.96425, 0.916, 0.879, 0.884, 0.9665, 0.9635, 0.909, 0.972, 0.971, 0.974, 0.97, 0.9745, 0.96475, 0.9175, 0.96975, 0.96575, 0.968, 0.97625, 0.97575, 0.95675, 0.9285, 0.9775, 0.97725, 0.98025, 0.9805, 0.98175, 0.9815, 0.97925, 0.98125, 0.98225, 0.98125, 0.98325, 0.98325, 0.983, 0.98275, 0.9845, 0.983, 0.9825, 0.98225, 0.98425, 0.98475, 0.9845, 0.981, 0.9805, 0.9835, 0.98525, 0.983, 0.98225, 0.984, 0.985, 0.98525, 0.984, 0.97825, 0.985, 0.98525, 0.9845, 0.98525, 0.98525, 0.98475, 0.9845, 0.98575, 0.98475, 0.98475, 0.98575, 0.98625, 0.986, 0.98575, 0.986, 0.98625, 0.9865, 0.9865, 0.98675, 0.987, 0.98575, 0.98475, 0.98675, 0.987, 0.98575, 0.986, 0.986, 0.98775, 0.9875, 0.98725, 0.98625, 0.98775, 0.988, 0.987, 0.98825, 0.98675, 0.98825, 0.987, 0.98775, 0.98825, 0.98825, 0.988, 0.9885, 0.98825, 0.98825, 0.98725, 0.98825, 0.98825, 0.98825, 0.98825, 0.98825, 0.987, 0.987, 0.98825, 0.9885, 0.98825, 0.987, 0.98825, 0.98725, 0.98725] , val_score=0.765 || snn => train_loss_history=[1.585882082939148, 1.0114959058761597, 1.0643320236206055, 0.9994622211456299, 1.1229306907653809, 1.1778251838684082, 1.0135420007705689, 1.0840689554214478, 1.2450554971694947, 1.0135990600585938, 1.0184787158966064, 1.2406409912109375, 1.012192060470581, 1.0216211032867433, 1.2347545127868653, 1.341218596458435, 1.016312183380127, 1.0207984361648559, 1.0065953769683837, 1.1153561115264892, 1.0643781752586365, 1.0686075601577758, 1.0403388137817382, 1.0175268774032593, 0.9854230690002441, 1.0037122983932496, 1.014012565612793, 1.0086348457336425, 1.0143741035461427, 1.0368667707443238, 1.0113890724182129, 1.0085548667907716, 1.0083630900382996, 0.9969982666969299, 0.9972500324249267, 1.0017587060928346, 1.041835705757141, 1.0566829957962036, 1.004274839401245, 0.9867219982147217, 1.0053793258666992, 1.002336522102356, 1.0131080226898193, 1.0101503562927245, 1.0263616981506347, 1.012754548549652, 0.9973878507614136, 1.0122661037445069, 1.0307621121406556, 1.012870156288147, 1.0059323868751526, 1.0161768608093262, 1.0107110776901245, 1.014473874092102, 0.9989749479293824, 1.0009234132766724, 1.0009577775001526, 1.025695602416992, 1.0002094821929932, 1.015573791027069, 1.0065092062950134, 1.0031489524841308, 0.9957652339935302, 0.9869504671096802, 0.9836736664772033, 0.995514757156372, 0.9887216262817383, 0.9988978691101075, 1.0188225145339966, 1.0023873348236083, 1.0133602929115295, 0.9870488014221191, 0.9895722093582153, 0.9822841844558716, 1.0006518802642823, 1.005302430152893, 0.9888932108879089, 0.9918443565368652, 1.0036438961029053, 1.0063095660209656, 1.0045756387710572, 0.9904573955535889, 0.9899730129241944, 1.000667360305786, 0.9984340534210205, 1.0025251111984252, 1.0066324734687806, 1.0088666162490845, 0.9947952146530151, 0.9897286128997803, 0.9964697322845459, 1.0004206466674805, 0.9971940841674805, 1.0121390800476073, 0.9931087121963501, 0.9966201725006103, 0.9898843698501587, 1.0015193042755126, 1.0025137796401977, 0.9975542221069336, 0.9934700984954834, 0.988664867401123, 1.013809404373169, 0.9948015451431275, 0.9974038619995117, 0.992961519241333, 0.9890532178878784, 1.0093378801345825, 1.006020622253418, 0.9927932500839234, 0.9948711853027343, 0.9871509208679199, 0.9973859605789185, 0.9967523603439331, 1.0001411113739014, 0.9935083131790161, 0.987010766506195, 1.001661506652832, 1.0000237588882446, 0.9934879407882691, 1.005135316848755, 0.9875576009750366, 0.9751322221755981, 1.012001971244812, 0.9920917739868164, 0.9891332621574402, 0.9875256247520446, 0.9979543514251709, 0.9969018812179565, 0.9861711091995239, 0.9877493495941162, 0.9853681840896606, 0.983775179862976, 0.9945369911193848, 0.9910531902313232, 0.9938210868835449, 0.9844150867462158, 0.9888368110656738, 0.9886812591552734, 0.984764757156372, 1.0014018054008484, 0.9891508479118347, 0.9831655797958374, 0.9885493226051331, 0.985096890449524, 0.9916626014709473, 0.9821543369293213, 0.9913255710601807, 1.0037749919891357, 0.9895356569290161] , train_acc_history=[0.50875, 0.50875, 0.50875, 0.509, 0.5095, 0.49, 0.49, 0.5095, 0.49, 0.5095, 0.5095, 0.49, 0.49, 0.5095, 0.49, 0.5095, 0.49, 0.49, 0.49, 0.5095, 0.5095, 0.49, 0.5095, 0.49, 0.5095, 0.5095, 0.49, 0.49, 0.5095, 0.5095, 0.5095, 0.49, 0.5095, 0.5095, 0.49, 0.5095, 0.49, 0.5095, 0.5095, 0.49, 0.49, 0.49, 0.5095, 0.5095, 0.49, 0.49, 0.5095, 0.5095, 0.5095, 0.5095, 0.49, 0.5095, 0.5095, 0.49, 0.5095, 0.49, 0.49, 0.5095, 0.49, 0.5095, 0.5095, 0.49, 0.5095, 0.49, 0.49, 0.5095, 0.5095, 0.49, 0.49, 0.5095, 0.5095, 0.5095, 0.5095, 0.49, 0.5095, 0.5095, 0.5095, 0.49, 0.5095, 0.5095, 0.5095, 0.5095, 0.5095, 0.5095, 0.5095, 0.5095, 0.5095, 0.5095, 0.5095, 0.5095, 0.5095, 0.5095, 0.5095, 0.5095, 0.49, 0.5095, 0.5095, 0.5095, 0.5095, 0.5095, 0.49, 0.5095, 0.5095, 0.5095, 0.5095, 0.5095, 0.49, 0.5095, 0.5095, 0.5095, 0.5095, 0.49, 0.5095, 0.5095, 0.5095, 0.5095, 0.49, 0.5095, 0.5095, 0.49, 0.5095, 0.5095, 0.49, 0.5095, 0.5095, 0.5095, 0.5095, 0.5095, 0.5095, 0.5095, 0.5095, 0.5095, 0.5095, 0.5095, 0.49, 0.5095, 0.5095, 0.5095, 0.5095, 0.5095, 0.5095, 0.5095, 0.5095, 0.5095, 0.5095, 0.5095, 0.5095, 0.5095, 0.5095, 0.5095]
[seed 0] -> cvx test_acc=0.783 , snn test_acc=0.504
[final test results] cvx=0.783000±0.000000 , snn=0.504000±0.000000 , delta=0.279000±0.000000

--- 20260226_011512 cifar10_seq L=3 T=4 ---
[info] cifar10_seq, L=3, T=4, P_in=8000, P_rec=8000, P_last=5000, n_train_total=5000, n_test=2000
[seed 0] -> cvx best beta=0.001 lr=0.001 => train_loss_history=[2.718838731765747, 2.3387453365325928, 2.2285841655731202, 2.1365012702941892, 2.076025526046753, 2.0416392421722414, 2.012259801864624, 1.9872490577697755, 1.9670591955184937, 1.945131196975708, 1.9123344535827638, 1.8989495134353638, 1.891903190612793, 1.8680818033218385, 1.8628468799591065, 1.8355080690383911, 1.809651403427124, 1.7960510816574096, 1.7878423948287965, 1.7695838069915772, 1.7663315143585205, 1.762321376800537, 1.7413799257278442, 1.7273388538360597, 1.7133535270690918, 1.6918670139312744, 1.6912917737960815, 1.6831844577789306, 1.6865742177963257, 1.685495174407959, 1.6677703342437744, 1.641405086517334, 1.6401177444458008, 1.634621741294861, 1.6211649169921876, 1.6161874055862426, 1.6141406183242797, 1.615423478126526, 1.605114408493042, 1.6048928127288817, 1.5996977615356445, 1.5954278450012207, 1.5921481494903564, 1.5834330215454102, 1.5799331703186035, 1.5778908615112304, 1.5756111354827882, 1.5756553936004638, 1.5715609445571899, 1.5716854209899902, 1.5654283580780028, 1.5604361124038697, 1.5545089883804322, 1.5553221731185913, 1.5513165731430054, 1.542770770072937, 1.5387569246292114, 1.5419932918548584, 1.537940128326416, 1.5384225902557374, 1.5291905117034912, 1.5230586128234864, 1.5208771486282349, 1.5185218658447266, 1.5170617351531983, 1.515116205215454, 1.5159866762161256, 1.5124403886795044, 1.5118610429763795, 1.5101254844665528, 1.51003919506073, 1.508919737815857, 1.5071731824874879, 1.5036665306091308, 1.5012948684692382, 1.5014467353820802, 1.501252582550049, 1.5032353773117066, 1.4990976161956786, 1.497502368927002, 1.4966886072158814, 1.4986863441467284, 1.4958392238616944, 1.4945044794082643, 1.4908755502700806, 1.490084867477417, 1.489341570854187, 1.4898875017166138, 1.4856989059448242, 1.4851707515716552, 1.4819433441162109, 1.4793334217071534, 1.4798433151245116, 1.478323925971985, 1.476892204284668, 1.4773866901397705, 1.476126693725586, 1.4777648096084595, 1.479492691040039, 1.4787319803237915] , train_acc_history=[0.16775, 0.16175, 0.28225, 0.316, 0.3555, 0.38075, 0.4135, 0.4185, 0.44725, 0.4795, 0.46625, 0.44175, 0.50275, 0.5045, 0.51825, 0.57225, 0.5885, 0.60375, 0.61175, 0.6005, 0.5485, 0.603, 0.626, 0.609, 0.66125, 0.66475, 0.699, 0.6595, 0.636, 0.60725, 0.69125, 0.71125, 0.7245, 0.728, 0.71525, 0.73025, 0.7165, 0.733, 0.735, 0.7405, 0.729, 0.74025, 0.7535, 0.7605, 0.74875, 0.76475, 0.772, 0.76125, 0.756, 0.766, 0.76925, 0.776, 0.77075, 0.77825, 0.79375, 0.78625, 0.784, 0.78525, 0.78075, 0.786, 0.8005, 0.80025, 0.8115, 0.80475, 0.80925, 0.81025, 0.808, 0.81225, 0.8055, 0.81275, 0.8095, 0.8075, 0.816, 0.817, 0.8195, 0.817, 0.81325, 0.8185, 0.81775, 0.82175, 0.8195, 0.82075, 0.824, 0.8255, 0.82425, 0.82025, 0.82225, 0.821, 0.8265, 0.8335, 0.8285, 0.8345, 0.83225, 0.83525, 0.831, 0.8355, 0.833, 0.83625, 0.834, 0.83775] , val_score=0.29 || snn => train_loss_history=[3.0610645503997804, 2.2095597724914553, 2.1301538105010986, 2.0557765483856203, 1.9901304063796996, 1.9424660301208496, 1.8816600522994995, 1.8312004194259643, 1.7831116333007813, 1.7218714323043822, 1.6751665706634522, 1.6158537244796753, 1.5757328023910522, 1.5305587892532349, 1.5066824922561646, 1.4301292295455932, 1.4337200136184693, 1.3336398782730103, 1.2653457221984863, 1.312702823638916, 1.2152096910476684, 1.168182370185852, 1.1410457344055176, 1.145088502883911, 1.0758223819732666, 1.0396126375198365, 0.9352176809310913, 1.0036505327224732, 0.9520490989685059, 0.889434012889862, 0.7847300782203674, 0.6657341251373291, 0.6367808856964111, 0.5622817845344543, 0.5336531209945679, 0.5427480864524842, 0.4649541802406311, 0.42845054125785825, 0.40944886112213136, 0.357204719543457, 0.32479936504364015, 0.3122296717166901, 0.2810275566577911, 0.3072136471271515, 0.29891653299331666, 0.2655232625007629, 0.2276188188791275, 0.2718033170700073, 0.2593038582801819, 0.21472682642936708, 0.1886001776456833, 0.2111950397491455, 0.21540936505794525, 0.16446505188941957, 0.16102699995040892, 0.13216164380311965, 0.11655185014009475, 0.11540118783712387, 0.10459167289733887, 0.13117338782548904, 0.08949555039405822, 0.058002119928598404, 0.04129075542092323, 0.029869779631495477, 0.024064201146364213, 0.02023388561606407, 0.01742669053375721, 0.014932717949151993, 0.013156144045293331, 0.011872618451714516, 0.010742816604673862, 0.009941728323698044, 0.009259368993341923, 0.008766181647777557, 0.008238753154873848, 0.007881689228117467, 0.0074905742295086385, 0.007188096981495619, 0.006879923526197672, 0.006559100084006787, 0.006345048628747464, 0.006117499984800816, 0.0059391392841935155, 0.005728134449571371, 0.005556487374007702, 0.005400871153920889, 0.005258356295526028, 0.005122454758733511, 0.004984768684953451, 0.004862401381134987, 0.004724461037665605, 0.004649721063673496, 0.004608544200658799, 0.004540541552007198, 0.004480574607849121, 0.0044130607098340985, 0.004373776756227016, 0.0043020078986883165, 0.0042364905923604965, 0.004190350897610187] , train_acc_history=[0.19275, 0.22325, 0.2575, 0.274, 0.29825, 0.3325, 0.33575, 0.36325, 0.381, 0.40375, 0.436, 0.42825, 0.46025, 0.4615, 0.5095, 0.482, 0.5355, 0.57175, 0.57925, 0.58925, 0.602, 0.61975, 0.635, 0.635, 0.66025, 0.701, 0.68825, 0.64975, 0.7065, 0.73725, 0.8085, 0.8155, 0.845, 0.87, 0.838, 0.87375, 0.889, 0.8875, 0.9145, 0.937, 0.922, 0.942, 0.92475, 0.94675, 0.94175, 0.95725, 0.944, 0.95275, 0.9345, 0.958, 0.9535, 0.948, 0.96925, 0.97075, 0.979, 0.97525, 0.98325, 0.9805, 0.96825, 0.9855, 0.994, 0.998, 0.9995, 0.99925, 0.99975, 0.99975, 1.0, 1.0, 1.0, 1.0, 1.0, 1.0, 1.0, 1.0, 1.0, 1.0, 1.0, 1.0, 1.0, 1.0, 1.0, 1.0, 1.0, 1.0, 1.0, 1.0, 1.0, 1.0, 1.0, 1.0, 1.0, 1.0, 1.0, 1.0, 1.0, 1.0, 1.0, 1.0, 1.0, 1.0]
[seed 0] -> cvx test_acc=0.2745 , snn test_acc=0.3325
[final test results] cvx=0.274500±0.000000 , snn=0.332500±0.000000 , delta=-0.058000±0.000000

--- 20260226_015309 cifar10_seq L=3 T=4 ---
[info] cifar10_seq, L=3, T=4, P_in=8000, P_rec=8000, P_last=5000, n_train_total=5000, n_test=2000
[seed 0] -> cvx best beta=0.001 lr=0.008 => train_loss_history=[23.82013104248047, 32.56605355834961, 12.84739762878418, 9.428021537780761, 5.95257947921753, 4.409287998199463, 3.350500705718994, 2.851330303192139, 2.452193691253662, 2.315872013092041, 2.2298713607788088, 2.111202854156494, 2.0329485206604003, 1.9917055511474608, 1.936149616241455, 1.9057271337509156, 1.9030656909942627, 1.8944468059539794, 1.8464688119888306, 1.82961159324646, 1.7953008613586425, 1.7962961292266846, 1.7611867246627808, 1.7044236946105957, 1.6876290464401245, 1.6860463924407958, 1.6950106697082519, 1.6993292179107666, 1.705118055343628, 1.6481689462661744, 1.5875087871551514, 1.5515543241500855, 1.5537030582427978, 1.5296891632080079, 1.522893048286438, 1.5247860946655274, 1.5216645803451538, 1.5072877225875854, 1.529117413520813, 1.4992882747650147, 1.4946430931091308, 1.4976363754272461, 1.4824397163391114, 1.4815764846801758, 1.4698520774841308, 1.4607205276489257, 1.4590402355194092, 1.4566589078903198, 1.4592624702453614, 1.4566977462768556, 1.452030954360962, 1.4636539268493651, 1.4564022693634033, 1.4549798221588135, 1.438431694984436, 1.4536649417877197, 1.4642959098815918, 1.4432506942749024, 1.4328159503936768, 1.418408233642578, 1.4121481037139894, 1.401970989227295, 1.390532033920288, 1.3904707622528076, 1.3951527080535888, 1.3934945173263549, 1.3903679008483887, 1.3898162593841552, 1.3935458126068114, 1.3994504203796387, 1.4023463354110717, 1.4019832935333252, 1.3934180374145508, 1.3950698652267457, 1.3851334562301636, 1.3873676719665526, 1.3750083255767822, 1.3749598770141602, 1.3838575496673584, 1.3740710105895997, 1.3701149234771728, 1.3716933765411377, 1.3761022453308105, 1.376367862701416, 1.3751275386810302, 1.374239059448242, 1.3713063926696778, 1.365369620323181, 1.364036068916321, 1.3699561214447022, 1.3609496879577636, 1.353056552886963, 1.352782753944397, 1.3522611293792726, 1.3510864505767821, 1.3483407096862794, 1.3525180683135987, 1.3506204738616943, 1.353922233581543, 1.3526192512512207, 1.3547613964080811, 1.3524122257232667, 1.353485662460327, 1.3511465387344361, 1.3510586042404176, 1.352508222579956, 1.3528830137252807, 1.350124725341797, 1.3492787733078002, 1.349381854057312, 1.352081160545349, 1.3470389366149902, 1.3461213464736939, 1.3459324321746826, 1.3443758687973022, 1.3413936939239501, 1.3436475944519044, 1.3429637107849122, 1.3422781972885132, 1.3400448322296143, 1.3393624382019043, 1.3344665660858155, 1.3356288471221924, 1.3330113706588744, 1.3331654663085937, 1.3334727115631104, 1.3344726524353028, 1.330458077430725, 1.3298104190826416, 1.3293194904327392, 1.329488338470459, 1.3307943801879882, 1.3316741542816162, 1.3305128660202026, 1.329145538330078, 1.3305266056060792, 1.3286952590942382, 1.328132716178894, 1.3273832750320436, 1.3278038759231567, 1.328311367034912, 1.3290298137664796, 1.3285446100234986, 1.3276205701828003, 1.329714961051941, 1.3289643325805665, 1.3290256156921387, 1.3272848682403564, 1.326580554962158, 1.326588500022888, 1.3247814483642577, 1.32231036567688, 1.322283613204956, 1.3234204607009887, 1.3237810134887695, 1.3222836151123047, 1.3219721031188965, 1.3218862075805664, 1.3223543968200684, 1.322037286758423, 1.3222126159667968, 1.3215204277038575, 1.321330039024353, 1.3207228889465332, 1.321432053565979, 1.3206043128967284, 1.3211359186172484, 1.32081321144104, 1.320483076095581, 1.3197217121124267, 1.3205610494613647, 1.319798038482666, 1.320147479057312, 1.3201887760162354, 1.3191420946121215, 1.3199970512390136, 1.3190809574127198, 1.3193968477249145, 1.3192672901153564, 1.3192922668457032, 1.3176547145843507, 1.3173447856903076, 1.317046362876892, 1.3169152355194091, 1.3168470611572265, 1.316555347442627, 1.3166849956512452, 1.3169491653442382, 1.3167442827224731, 1.3162392473220825, 1.3163862085342408, 1.316228946685791, 1.316440731048584, 1.316556836128235, 1.3164722118377685, 1.3162403726577758, 1.3161237602233886, 1.3158059072494508, 1.3154362897872924, 1.3156015243530272, 1.3162634744644166, 1.3157278137207031, 1.3161692428588867, 1.3159160652160644, 1.3156072597503663, 1.3153166589736938, 1.3153125381469726, 1.3153409337997437, 1.3153137063980103, 1.3151284236907959, 1.3145545444488524, 1.314170232772827, 1.3140950031280518, 1.3139815139770508, 1.3139439086914062, 1.3138835859298705, 1.313968976020813, 1.3138760414123536, 1.314137746810913, 1.314122844696045, 1.3139070358276368, 1.3141082677841187, 1.3140266246795653, 1.31387872505188, 1.3139999570846557, 1.3137634315490723, 1.3136171226501465, 1.3135225200653076, 1.3133488159179687, 1.313629581451416, 1.3139166631698609, 1.3134472179412842, 1.3134345703125, 1.3134496002197265, 1.3130965242385864, 1.3134636392593384, 1.3134500455856324, 1.3134414262771605, 1.3137105903625488, 1.3129441013336183, 1.3129341945648194, 1.3127179231643678, 1.3126037492752076, 1.3125587730407715, 1.3125058212280274, 1.3126421241760253, 1.3126038417816162, 1.3124733114242553, 1.3126252765655517, 1.3126388063430787, 1.3123678007125854, 1.3124304218292235, 1.3123776264190674, 1.3124075145721437, 1.3124633445739746, 1.3123945264816284, 1.3123582878112794, 1.3122788524627687, 1.3122447872161864, 1.3123585243225098, 1.3123292150497436, 1.3121840286254882, 1.312295955657959, 1.3121394176483154, 1.312147156715393, 1.3120970859527588, 1.31204217338562, 1.3120457630157472, 1.3120984992980957, 1.3119336585998536, 1.3118273859024048, 1.3117370853424073, 1.311792245864868, 1.3116788816452027, 1.3117013368606567, 1.3116606016159058, 1.3116784019470216, 1.3116867790222169, 1.3116450080871582, 1.3116361255645752, 1.311688446998596, 1.3116574840545654, 1.3116417436599732, 1.3116168975830078, 1.3115759601593018, 1.3115821380615234, 1.3115487442016602, 1.3115827703475953, 1.3115700435638429, 1.3115697193145752, 1.311547306060791, 1.3114799499511718, 1.3114588317871094, 1.3115752124786377, 1.311462646484375, 1.3115358724594117, 1.3115135173797607, 1.311483018875122, 1.3115278911590575, 1.3114794054031371] , train_acc_history=[0.134, 0.10525, 0.15, 0.23125, 0.25, 0.28175, 0.38, 0.46925, 0.48475, 0.565, 0.65425, 0.65375, 0.74175, 0.74475, 0.755, 0.755, 0.712, 0.72175, 0.701, 0.753, 0.7125, 0.81125, 0.8035, 0.812, 0.78475, 0.79025, 0.76425, 0.79025, 0.7295, 0.7805, 0.886, 0.8755, 0.887, 0.884, 0.91025, 0.86, 0.89025, 0.86725, 0.876, 0.88975, 0.87675, 0.898, 0.8945, 0.88825, 0.9225, 0.926, 0.91475, 0.91, 0.90575, 0.915, 0.90825, 0.9125, 0.879, 0.91375, 0.91, 0.87775, 0.899, 0.92675, 0.916, 0.9145, 0.921, 0.932, 0.93275, 0.92875, 0.924, 0.93475, 0.93325, 0.93675, 0.93375, 0.91025, 0.89825, 0.90625, 0.931, 0.9315, 0.92075, 0.925, 0.931, 0.933, 0.92825, 0.93675, 0.94125, 0.93225, 0.93125, 0.93575, 0.93375, 0.91975, 0.933, 0.94375, 0.9375, 0.93425, 0.94725, 0.9455, 0.94575, 0.94475, 0.9445, 0.9405, 0.943, 0.94525, 0.94525, 0.929, 0.946, 0.9395, 0.93825, 0.94325, 0.94125, 0.94475, 0.9455, 0.9365, 0.943, 0.94325, 0.944, 0.94925, 0.94675, 0.945, 0.94925, 0.9485, 0.94875, 0.9465, 0.95, 0.948, 0.9505, 0.948, 0.9495, 0.95325, 0.95225, 0.95175, 0.95175, 0.9525, 0.953, 0.95075, 0.9525, 0.947, 0.95125, 0.951, 0.95175, 0.95525, 0.95375, 0.953, 0.953, 0.95275, 0.95375, 0.9515, 0.95075, 0.95175, 0.95025, 0.9525, 0.95225, 0.95175, 0.95325, 0.95425, 0.95425, 0.95425, 0.9555, 0.95425, 0.956, 0.955, 0.95525, 0.95525, 0.956, 0.956, 0.956, 0.95475, 0.9565, 0.95525, 0.95625, 0.9545, 0.95525, 0.95675, 0.9555, 0.9555, 0.9565, 0.95625, 0.9565, 0.9565, 0.95625, 0.9545, 0.95575, 0.95625, 0.95625, 0.9545, 0.95725, 0.95525, 0.9575, 0.95625, 0.95625, 0.95625, 0.95625, 0.957, 0.95625, 0.957, 0.95575, 0.9565, 0.95625, 0.9555, 0.9555, 0.95775, 0.957, 0.95575, 0.95625, 0.957, 0.95675, 0.95725, 0.9555, 0.95675, 0.9565, 0.95675, 0.9565, 0.95625, 0.95725, 0.9565, 0.95625, 0.957, 0.95725, 0.95675, 0.956, 0.95675, 0.9575, 0.95625, 0.9575, 0.956, 0.95675, 0.956, 0.9575, 0.957, 0.9565, 0.956, 0.9575, 0.9565, 0.9575, 0.957, 0.9565, 0.95825, 0.957, 0.957, 0.95675, 0.957, 0.95725, 0.95725, 0.957, 0.95625, 0.95775, 0.95775, 0.9575, 0.95725, 0.95675, 0.957, 0.95725, 0.9575, 0.95675, 0.95725, 0.95725, 0.9575, 0.95675, 0.957, 0.9575, 0.95725, 0.9565, 0.95725, 0.957, 0.957, 0.95775, 0.957, 0.9565, 0.95725, 0.95775, 0.957, 0.95725, 0.95675, 0.957, 0.95725, 0.9565, 0.957, 0.957, 0.95725, 0.957, 0.95675, 0.957, 0.95725, 0.957, 0.957, 0.95775, 0.95725, 0.957, 0.957, 0.9575, 0.95725, 0.9565, 0.95725, 0.957, 0.95725, 0.9565, 0.95675, 0.9565, 0.95725, 0.9565, 0.95775, 0.95725, 0.95725, 0.95725, 0.9565] , val_score=0.275 || snn => train_loss_history=[17.310747024536134, 13.737850059509277, 10.797722137451172, 6.886419685363769, 4.96657515335083, 3.408391151428223, 2.7697432231903076, 2.4997864933013916, 2.347857427597046, 2.312271369934082, 2.294247123718262, 2.2797103385925293, 2.2676910076141357, 2.3038547077178957, 2.27942307472229, 2.2312873191833495, 2.246896276473999, 2.2512678394317627, 2.31308624458313, 2.3501211528778074, 2.2892536220550537, 2.2646641120910647, 2.2865576171875, 2.2885892753601076, 2.2826611289978027, 2.357489154815674, 2.3015484619140625, 2.27780753326416, 2.2258315658569336, 2.2649794616699217, 2.2524224033355713, 2.2124903469085693, 2.2056618881225587, 2.2121104793548585, 2.2074649314880372, 2.1886641502380373, 2.1806185073852538, 2.1962841548919676, 2.1889381103515624, 2.180849359512329, 2.171269649505615, 2.172102249145508, 2.1627427425384522, 2.1713137340545656, 2.1752650699615477, 2.1886255416870117, 2.195117628097534, 2.1664580993652343, 2.1753221912384033, 2.166109375, 2.1768020515441893, 2.199493469238281, 2.1701320400238036, 2.186244300842285, 2.1938461990356446, 2.2395127048492434, 2.2355571250915527, 2.216372869491577, 2.2025718307495117, 2.1815632877349853, 2.1623860473632814, 2.1592577896118166, 2.136692533493042, 2.135430696487427, 2.129058235168457, 2.130927392959595, 2.144954872131348, 2.141821653366089, 2.1459290466308594, 2.13335471534729, 2.118551950454712, 2.1261644077301027, 2.139119989395142, 2.144475160598755, 2.1376578044891357, 2.136426902770996, 2.123014289855957, 2.142124258041382, 2.1288602180480956, 2.1155695095062255, 2.104384122848511, 2.1029168338775635, 2.1122400150299074, 2.1131575412750245, 2.1191730995178224, 2.1298268814086914, 2.1318790073394775, 2.112720766067505, 2.104788387298584, 2.114293409347534, 2.1133151264190673, 2.1184474964141846, 2.102541694641113, 2.103958148956299, 2.0914192752838137, 2.096182304382324, 2.0838888778686524, 2.0827821254730225, 2.0891523666381837, 2.0869772701263427, 2.0898501262664797, 2.0863301143646242, 2.081440309524536, 2.082187490463257, 2.0791826400756834, 2.081491746902466, 2.0777831478118896, 2.073066404342651, 2.0762905387878416, 2.0768138790130615, 2.0864543819427492, 2.072370288848877, 2.07550066947937, 2.0690326290130616, 2.061632930755615, 2.0645512714385985, 2.061711431503296, 2.0591360969543455, 2.0615303325653076, 2.064925018310547, 2.056652364730835, 2.049210376739502, 2.0460015563964844, 2.044823345184326, 2.0394001235961916, 2.0387327308654783, 2.037813415527344, 2.038005651473999, 2.037982364654541, 2.0383520545959475, 2.036762622833252, 2.033737457275391, 2.033048596382141, 2.0328230476379394, 2.034058267593384, 2.031005464553833, 2.0303080234527586, 2.027046442985535, 2.02557804107666, 2.022812268257141, 2.023370241165161, 2.023437891960144, 2.021471827507019, 2.0238290729522705, 2.01814054107666, 2.0198073587417604, 2.019959463119507, 2.0168499927520753, 2.0167091102600097, 2.0179181270599367, 2.011645965576172, 2.008087303161621, 2.0063096313476563, 2.0044600830078125, 2.0042549686431883, 2.0014389448165892, 2.0009000358581543, 2.0003897266387938, 2.0009580097198487, 1.998426830291748, 1.9966996860504151, 1.9949940242767334, 1.9951448459625245, 1.9926688594818116, 1.9911385917663573, 1.9905812683105468, 1.9917399978637695, 1.9882848796844483, 1.9865989646911622, 1.9878890171051025, 1.9862036581039428, 1.9864388675689697, 1.9851434154510499, 1.9836283626556397, 1.9829735298156739, 1.9813825016021729, 1.982795329093933, 1.9815116539001465, 1.9800287895202637, 1.983322587966919, 1.9786073379516602, 1.9766070098876953, 1.9760346851348878, 1.9747566585540772, 1.9738993940353393, 1.9732900428771973, 1.97388644695282, 1.9742281494140625, 1.9729582595825195, 1.9725799160003663, 1.971460454940796, 1.9715623483657836, 1.97103045463562, 1.97062251663208, 1.9706478300094605, 1.9698281269073485, 1.9701126585006714, 1.969214856147766, 1.969734546661377, 1.9691747255325318, 1.9674618034362792, 1.9667465114593505, 1.9669333305358887, 1.9661235361099243, 1.9654927015304566, 1.9659791536331177, 1.9649222431182862, 1.9656971130371095, 1.9641688413619995, 1.9633208208084107, 1.9632171640396119, 1.9624814758300781, 1.9625030040740967, 1.9624055032730103, 1.9618902311325073, 1.9616395540237426, 1.9612550373077393, 1.961266339302063, 1.9610048847198487, 1.960727952003479, 1.9610141944885253, 1.9606162929534912, 1.9603099727630615, 1.9601926908493041, 1.9596605186462401, 1.9595730953216552, 1.9595049724578857, 1.9592503814697266, 1.9593594036102295, 1.9585806007385254, 1.958564561843872, 1.9584521007537843, 1.9582646389007567, 1.957830410003662, 1.9583501787185669, 1.957832124710083, 1.95800985622406, 1.9576962385177612, 1.9573109016418457, 1.9569018497467041, 1.95649911403656, 1.9563053531646728, 1.9559825630187988, 1.9561245393753053, 1.9560811910629272, 1.955576584815979, 1.955641164779663, 1.9555594911575318, 1.955369740486145, 1.955510280609131, 1.9551334018707276, 1.9549964332580567, 1.9551111335754394, 1.9547755784988403, 1.954930905342102, 1.9545801181793212, 1.954708553314209, 1.954461742401123, 1.9547077283859253, 1.9545009965896607, 1.9543363981246948, 1.9542605762481688, 1.9542575044631958, 1.9538548679351806, 1.9536521453857423, 1.953535922050476, 1.9533471250534058, 1.9536202487945558, 1.9531349325180054, 1.9532170162200928, 1.95288161277771, 1.9528439331054688, 1.952806697845459, 1.952656566619873, 1.9527059288024902, 1.9526068840026856, 1.9527825756072998, 1.9525829973220825, 1.9524371347427367, 1.9524744930267335, 1.952400071144104, 1.952349618911743, 1.952455578804016, 1.952202359199524, 1.952133755683899, 1.9521867427825927, 1.9520828495025635, 1.9520068655014038, 1.9519665679931641, 1.9520863447189332, 1.9519169425964356, 1.9518885459899902, 1.9516664609909058, 1.9517051334381104, 1.9516897468566894, 1.951617919921875, 1.9515903129577636, 1.9515627479553224, 1.9514820270538331, 1.9513177185058594] , train_acc_history=[0.08925, 0.10175, 0.1285, 0.11375, 0.13625, 0.11175, 0.12375, 0.1525, 0.156, 0.12875, 0.1625, 0.157, 0.176, 0.13625, 0.16875, 0.17525, 0.1755, 0.156, 0.167, 0.14925, 0.1595, 0.1435, 0.17225, 0.1705, 0.15525, 0.1445, 0.174, 0.20025, 0.16875, 0.11225, 0.2025, 0.18975, 0.18425, 0.2195, 0.19125, 0.19325, 0.1945, 0.1945, 0.19525, 0.2075, 0.19625, 0.219, 0.20875, 0.19325, 0.204, 0.16125, 0.1815, 0.19275, 0.19225, 0.204, 0.17025, 0.21875, 0.19425, 0.20775, 0.1695, 0.17075, 0.1565, 0.2165, 0.21225, 0.1815, 0.19825, 0.20075, 0.224, 0.21925, 0.207, 0.2185, 0.211, 0.197, 0.232, 0.2335, 0.21975, 0.2, 0.19325, 0.2095, 0.22175, 0.21575, 0.2125, 0.227, 0.23525, 0.22575, 0.23675, 0.23675, 0.23425, 0.22125, 0.225, 0.22525, 0.226, 0.21875, 0.226, 0.20975, 0.198, 0.22725, 0.212, 0.2245, 0.22475, 0.246, 0.22, 0.23625, 0.22725, 0.22025, 0.22425, 0.24025, 0.237, 0.2405, 0.2395, 0.2535, 0.242, 0.25325, 0.24925, 0.23325, 0.243, 0.24175, 0.25675, 0.24675, 0.2515, 0.25075, 0.259, 0.24525, 0.26075, 0.2565, 0.25675, 0.26775, 0.26075, 0.26875, 0.27325, 0.274, 0.269, 0.26, 0.2645, 0.27925, 0.271, 0.27, 0.278, 0.2675, 0.27075, 0.273, 0.266, 0.2725, 0.27875, 0.28275, 0.27475, 0.27775, 0.27225, 0.281, 0.26825, 0.273, 0.277, 0.274, 0.28525, 0.28225, 0.2865, 0.287, 0.294, 0.29075, 0.2905, 0.293, 0.29, 0.2965, 0.29225, 0.291, 0.295, 0.2925, 0.29625, 0.29225, 0.30075, 0.29125, 0.2945, 0.29875, 0.29775, 0.2985, 0.30175, 0.307, 0.29775, 0.30175, 0.30025, 0.305, 0.296, 0.29925, 0.3035, 0.30275, 0.30425, 0.30275, 0.307, 0.3015, 0.3125, 0.304, 0.3015, 0.30875, 0.30375, 0.308, 0.30825, 0.3025, 0.30775, 0.30775, 0.30525, 0.304, 0.3035, 0.3115, 0.31175, 0.30375, 0.30825, 0.315, 0.308, 0.309, 0.3095, 0.30775, 0.3085, 0.30775, 0.3055, 0.31575, 0.31425, 0.3075, 0.31, 0.309, 0.31025, 0.3125, 0.309, 0.313, 0.30775, 0.316, 0.31, 0.31225, 0.30825, 0.3135, 0.30875, 0.31175, 0.3145, 0.31275, 0.31025, 0.313, 0.31575, 0.31175, 0.3125, 0.3145, 0.315, 0.3105, 0.31475, 0.31225, 0.316, 0.3135, 0.311, 0.31525, 0.3135, 0.3155, 0.31225, 0.31325, 0.3165, 0.31675, 0.31475, 0.3135, 0.315, 0.31525, 0.3115, 0.31625, 0.31725, 0.31325, 0.3125, 0.31425, 0.31425, 0.3135, 0.31575, 0.3155, 0.31525, 0.31525, 0.314, 0.31525, 0.31575, 0.3135, 0.3145, 0.31375, 0.31625, 0.3165, 0.31625, 0.317, 0.31675, 0.31525, 0.3175, 0.31475, 0.316, 0.31575, 0.31475, 0.31375, 0.31675, 0.31425, 0.315, 0.31475, 0.3165, 0.31425, 0.31575, 0.317, 0.3165, 0.3175, 0.314, 0.315, 0.316, 0.31325, 0.315, 0.3155, 0.315, 0.319]
[seed 0] -> cvx test_acc=0.255 , snn test_acc=0.228
[final test results] cvx=0.255000±0.000000 , snn=0.228000±0.000000 , delta=0.027000±0.000000

--- 20260226_015934 two_step_xor_seq L=3 T=12 ---
[info] two_step_xor_seq, L=3, T=12, P_in=8000, P_rec=8000, P_last=6000, n_train_total=6000, n_test=5000
[seed 0] -> cvx best beta=0.01 lr=0.001 => train_loss_history=[] , train_acc_history=[] , val_score=0.5466666666666666 || snn => train_loss_history=[] , train_acc_history=[]
[seed 0] -> cvx test_acc=0.5194 , snn test_acc=0.508
[final test results] cvx=0.519400±0.000000 , snn=0.508000±0.000000 , delta=0.011400±0.000000

--- 20260226_021023 cifar10_seq L=3 T=4 ---
[info] cifar10_seq, L=3, T=4, P_in=15000, P_rec=15000, P_last=12000, n_train_total=12000, n_test=5000
[seed 0] -> cvx best beta=1e-06 lr=0.001 => train_loss_history=[] , train_acc_history=[] , val_score=0.3179166666666667 || snn => train_loss_history=[] , train_acc_history=[]
[seed 0] -> cvx test_acc=0.3132 , snn test_acc=0.37
[final test results] cvx=0.313200±0.000000 , snn=0.370000±0.000000 , delta=-0.056800±0.000000

--- 20260227_030353 cifar10_seq L=7 T=4 ---
[info] cifar10_seq, L=7, T=4, P_in=12000, P_rec=12000, P_last=11000, n_train_total=11000, n_test=5000
[seed 0] -> cvx best beta=1e-06 lr=0.001 => train_loss_history=[5.145039485584606, 4.281648406982422, 2.9442063322934238, 2.4400311235948045, 2.2295584045756947, 2.1360609418695624, 2.046128807067871, 1.9833672497489236, 1.9295060435208407, 1.8920978225361218, 1.8436379593068903, 1.7869737143950029, 1.7442602010206743, 1.690219241922552, 1.6543683299151335, 1.608423595861955, 1.581980604691939, 1.5316653273322365, 1.497977000583302, 1.4626365596597846, 1.4258278322219848, 1.389675920226357, 1.3441709145632657, 1.3091066308455033, 1.281621253273704, 1.246056026545438, 1.2176937042583118, 1.183829008882696, 1.1476439866152677, 1.1201150569048794, 1.0865696339173752, 1.0751077508926392, 1.0673576120896773, 1.0484291726892645, 1.0346979167244652, 1.0208086748556657, 1.0061996694044633, 0.995243759805506, 0.9827311114831404, 0.9687825298309326, 0.9604716244610874, 0.9438734633272344, 0.930575602054596, 0.9210086343505166, 0.9131897254423662, 0.906838133985346, 0.8876377534866333, 0.8763609951192682, 0.8661691123789007, 0.8586344068700617, 0.8423529783162204, 0.8316884374618531, 0.8198514457182451, 0.8068708211725408, 0.7981383275985717, 0.7887135193564675, 0.7780630774931474, 0.7673311734199524, 0.7578424737670205, 0.746590489690954, 0.7372644979303533, 0.7323272483999079, 0.7257311337644403, 0.7217668789083307, 0.7163121780482206, 0.7128958413817665, 0.7093510220267556, 0.7030776331641457, 0.6981729451092806, 0.6943192432143471, 0.688253241669048, 0.6833581202680414, 0.6789520088109103, 0.6734814435785467, 0.6692431300336664, 0.6655279874801636, 0.6605328338796442, 0.6578186119686473, 0.6533185074546121, 0.6486107358065518, 0.6447134319218722, 0.6391274640776894, 0.6351309210603887, 0.6307641278613697, 0.6266023226217791, 0.62060640855269, 0.6162119644338434, 0.6122310159423134, 0.6083330897851423, 0.6048459063876759, 0.60008497801694, 0.5971363850073381, 0.5958122738924894, 0.5927551247856834, 0.5907680563493208, 0.5887948794798418, 0.5868181657791137, 0.5843256950378418, 0.5822274626385082, 0.5796315657008778] , train_acc_history=[0.09397727272727273, 0.1453409090909091, 0.20886363636363636, 0.2489772727272727, 0.28295454545454546, 0.35556818181818184, 0.48102272727272727, 0.45431818181818184, 0.44375, 0.5442045454545454, 0.5514772727272728, 0.5665909090909091, 0.6638636363636363, 0.6331818181818182, 0.6918181818181818, 0.6663636363636364, 0.675340909090909, 0.7057954545454546, 0.6861363636363637, 0.7181818181818181, 0.7179545454545454, 0.7828409090909091, 0.7434090909090909, 0.7386363636363636, 0.785, 0.8139772727272727, 0.7940909090909091, 0.81625, 0.8428409090909091, 0.8565909090909091, 0.8692045454545455, 0.8677272727272727, 0.8752272727272727, 0.8740909090909091, 0.8725, 0.8831818181818182, 0.8803409090909091, 0.8865909090909091, 0.8893181818181818, 0.8819318181818182, 0.8939772727272727, 0.9004545454545455, 0.9001136363636364, 0.9004545454545455, 0.8868181818181818, 0.9096590909090909, 0.9123863636363636, 0.9192045454545454, 0.9157954545454545, 0.9205681818181818, 0.9232954545454546, 0.93, 0.9286363636363636, 0.9360227272727273, 0.9292045454545454, 0.9360227272727273, 0.9444318181818182, 0.9453409090909091, 0.9431818181818182, 0.9455681818181818, 0.9464772727272728, 0.9529545454545455, 0.9556818181818182, 0.955, 0.9585227272727272, 0.9542045454545455, 0.9568181818181818, 0.9540909090909091, 0.9590909090909091, 0.9628409090909091, 0.9630681818181818, 0.9636363636363636, 0.9648863636363636, 0.9648863636363636, 0.9639772727272727, 0.9655681818181818, 0.9677272727272728, 0.9690909090909091, 0.9704545454545455, 0.9679545454545454, 0.9672727272727273, 0.9698863636363636, 0.9679545454545454, 0.9721590909090909, 0.97375, 0.9747727272727272, 0.9738636363636364, 0.9742045454545455, 0.9730681818181818, 0.9755681818181818, 0.9776136363636364, 0.9781818181818182, 0.97875, 0.9775, 0.9794318181818182, 0.9796590909090909, 0.9780681818181818, 0.9793181818181819, 0.9802272727272727, 0.9784090909090909] , val_score=0.19863636363636364 || snn => train_loss_history=[4.709677005247636, 3.29842114275152, 2.65529803796248, 2.455080993825739, 2.3580045491998844, 2.3309738965467974, 2.321344300183383, 2.3234736295179887, 2.3152924381602893, 2.310958863171664, 2.3133974968303335, 2.3070035405592484, 2.303329160863703, 2.309386276765303, 2.3090968409451573, 2.305227114937522, 2.303116863424128, 2.301187440698797, 2.304983158978549, 2.3003467126326127, 2.294348261573098, 2.2919831388646905, 2.3118189386887984, 2.3045391351526434, 2.305761058980768, 2.2967272090911863, 2.2890832753614947, 2.283176748969338, 2.2847160131281075, 2.2617715991627088, 2.2317956187508323, 2.2143187141418457, 2.1916711382432417, 2.1667201050845057, 2.1460551287911156, 2.123374908620661, 2.1202312920310282, 2.0812406305833298, 2.0615578321977095, 2.048227275501598, 2.0419256288355045, 2.0214148980920963, 1.9692959880828858, 1.9653019410913641, 1.9736248501864346, 1.933362971652638, 1.8871015795794401, 1.8633069229125976, 1.8861917933550747, 1.8579938676140526, 1.8362944876063954, 1.8766494651274248, 1.8116780077327381, 1.8046334179964933, 1.789561722495339, 1.799722098870711, 1.7811015003377741, 1.7793759723143143, 1.7593706026944247, 1.7762770622426813, 1.6767426057295365, 1.6398620908910577, 1.5911635247143832, 1.5661143749410456, 1.5172674517198041, 1.538734148198908, 1.5161725586110895, 1.4890146433223377, 1.4507994161952626, 1.4237256128137763, 1.4190286653692072, 1.4282662677764892, 1.4051071851903743, 1.3685511511022395, 1.3612400540438565, 1.3353718241778287, 1.3115996941653165, 1.3595529833706943, 1.2800034245577725, 1.293553876876831, 1.3272117029536854, 1.2961825704574585, 1.2670963343706998, 1.2456276442787864, 1.2397881148078225, 1.216190226728266, 1.1579962960156527, 1.1980544354698874, 1.2488929479772395, 1.2082642043720593, 1.1206936489452015, 1.0535009345141324, 1.0068892565640537, 0.9723035168647766, 0.9530764835531061, 0.9301403375105425, 0.9136449909210205, 0.9022652357274836, 0.8905857831781561, 0.869394089308652] , train_acc_history=[0.10034090909090909, 0.0996590909090909, 0.1, 0.10181818181818182, 0.09704545454545455, 0.09704545454545455, 0.09397727272727273, 0.10147727272727272, 0.10102272727272728, 0.10238636363636364, 0.10215909090909091, 0.1, 0.12340909090909091, 0.12227272727272727, 0.13170454545454546, 0.12613636363636363, 0.09977272727272728, 0.12863636363636363, 0.12761363636363637, 0.1275, 0.1293181818181818, 0.1, 0.12397727272727273, 0.13193181818181818, 0.12068181818181818, 0.13693181818181818, 0.14625, 0.14295454545454545, 0.11443181818181818, 0.14147727272727273, 0.15636363636363637, 0.15511363636363637, 0.16727272727272727, 0.16125, 0.16886363636363635, 0.1796590909090909, 0.17022727272727273, 0.1709090909090909, 0.1769318181818182, 0.1871590909090909, 0.20375, 0.20909090909090908, 0.19477272727272726, 0.19295454545454546, 0.20829545454545453, 0.2159090909090909, 0.24738636363636363, 0.23829545454545453, 0.23477272727272727, 0.23272727272727273, 0.23625, 0.2390909090909091, 0.2425, 0.2646590909090909, 0.26329545454545455, 0.2606818181818182, 0.24647727272727274, 0.27454545454545454, 0.23011363636363635, 0.2676136363636364, 0.29102272727272727, 0.3221590909090909, 0.3386363636363636, 0.36215909090909093, 0.37795454545454543, 0.37375, 0.39829545454545456, 0.38795454545454544, 0.4017045454545455, 0.39840909090909093, 0.3856818181818182, 0.43136363636363634, 0.45704545454545453, 0.42772727272727273, 0.43931818181818183, 0.4672727272727273, 0.45454545454545453, 0.4571590909090909, 0.5029545454545454, 0.4793181818181818, 0.4634090909090909, 0.47045454545454546, 0.50375, 0.5168181818181818, 0.4531818181818182, 0.5243181818181818, 0.5360227272727273, 0.5096590909090909, 0.47602272727272726, 0.5070454545454546, 0.5965909090909091, 0.5886363636363636, 0.6173863636363637, 0.6423863636363636, 0.6497727272727273, 0.6501136363636364, 0.6505681818181818, 0.6606818181818181, 0.6744318181818182, 0.6795454545454546]
[seed 0] -> cvx test_acc=0.186 , snn test_acc=0.1974
[final test results] cvx=0.186000±0.000000 , snn=0.197400±0.000000 , delta=-0.011400±0.000000

--- 20260227_032828 binary_adding_seq L=2 T=5 ---
[info] binary_adding_seq, L=2, T=5, P_in=5000, P_rec=5000, P_last=8000, n_train_total=8000, n_test=1000
[seed 0] -> cvx best beta=1e-06 lr=0.005 => train_loss_history=[] , train_acc_history=[] , val_score=-0.04678596496582031 || snn => train_loss_history=[] , train_acc_history=[]
[seed 0] -> cvx test_acc=-0.05888173818588257 , snn test_acc=-1.3134959716796875
[final test results] cvx=-0.058882±0.000000 , snn=-1.313496±0.000000 , delta=1.254614±0.000000

--- 20260227_035601 binary_adding_seq L=2 T=2 ---
[info] binary_adding_seq, L=2, T=2, P_in=2000, P_rec=2000, P_last=5000, n_train_total=5000, n_test=5000
[seed 0] -> cvx best beta=1e-06 lr=0.001 => train_loss_history=[0.8408101596832276, 0.02016721082571894, 0.0008023786885314621, 3.941526221751701e-05, 1.1736202177416999e-05, 1.0819811017427128e-05, 1.078822098497767e-05, 1.0785257989482488e-05, 1.0784978047013282e-05, 1.0784751379105728e-05, 1.078452478395775e-05, 1.0784290592710021e-05, 1.078405964653939e-05, 1.0783776051539462e-05, 1.0783489517052658e-05, 1.0783200101286638e-05, 1.078290132136317e-05, 1.0782591736642644e-05, 1.0782260076666716e-05, 1.0781922996102367e-05, 1.0781580145703628e-05, 1.0781223245430738e-05, 1.0780846751003991e-05, 1.0780454438645392e-05, 1.078007128671743e-05, 1.077971185441129e-05, 1.0779297255794518e-05, 1.0778803713037633e-05, 1.0778360134281684e-05, 1.0777922485431191e-05, 1.077755048754625e-05, 1.0777300733025185e-05, 1.0777059476822615e-05, 1.0776810202514753e-05, 1.0776549155707471e-05, 1.077628310304135e-05, 1.0776013812574092e-05, 1.0775739538075868e-05, 1.077545225416543e-05, 1.077516424265923e-05, 1.0774869602755643e-05, 1.0774563248560298e-05, 1.0774252979899757e-05, 1.0773938462079969e-05, 1.0773615569632966e-05, 1.0773289483040571e-05, 1.0772958303277846e-05, 1.0772610432468355e-05, 1.0772281420940999e-05, 1.077191399235744e-05, 1.077154068480013e-05, 1.0771162538731005e-05, 1.0770785323984455e-05, 1.0770398352178744e-05, 1.0770012740977109e-05, 1.0769615779281594e-05, 1.0769195781904272e-05, 1.0768776657641866e-05, 1.0768351545266341e-05, 1.0767918509372975e-05, 1.0767577077785972e-05, 1.0767348874651362e-05, 1.0767120591481217e-05, 1.0766886647616047e-05, 1.0766651394078508e-05, 1.0766415747639257e-05, 1.0766176346805878e-05, 1.0765911858470645e-05, 1.0765663762867916e-05, 1.07653948944062e-05, 1.0765135411929805e-05, 1.0764863007352688e-05, 1.0764589649625122e-05, 1.0764319020381662e-05, 1.0764026388642379e-05, 1.0763742655399256e-05, 1.0763442332972772e-05, 1.0763141755887773e-05, 1.0762836427602452e-05, 1.0762525693280622e-05, 1.0762213438283652e-05, 1.0761896352050827e-05, 1.076156563067343e-05, 1.0761230616481043e-05, 1.0760900579043665e-05, 1.0760573444713373e-05, 1.0760202931123786e-05, 1.0759846903965808e-05, 1.0759488868643529e-05, 1.075915434921626e-05, 1.0758836840977893e-05, 1.075864051381359e-05, 1.0758448646811302e-05, 1.0758254029497039e-05, 1.0758054762845859e-05, 1.0757855074189138e-05, 1.0757649753941224e-05, 1.0757434618426488e-05, 1.0757222051324789e-05, 1.0757002673926763e-05] , train_acc_history=[-0.07723469948768616, -0.0013855659030377865, -7.23643135279417e-05, -4.2469476411497455e-06, -1.5318316195589431e-07, -6.743969784395176e-09, -5.474694999563213e-10, -2.7125296925278876e-11, -1.8302908216805136e-11, -1.8856424477409207e-11, -2.6428915333998047e-11, -7.144098645994745e-11, -2.5147933291336244e-11, -1.8790508177213284e-11, -2.3761961953638888e-11, -3.429667932985936e-11, -2.591954903485849e-11, -2.646357596947091e-11, -2.8534894114251587e-11, -6.122150009169047e-11, -4.356392402371512e-11, -3.0471257517206143e-11, -3.893766092888384e-11, -3.234991152734068e-11, -7.125348577829982e-11, -1.3978914764622986e-10, -4.8064071167530645e-11, -1.650324592261665e-11, -2.3016174433010406e-10, -1.756363415816864e-11, -2.1807450456545752e-11, -2.672272489401273e-11, -2.4994653680110446e-11, -2.5497671113372534e-11, -2.7132380508998467e-11, -3.8653836742508216e-11, -2.4126576264604792e-11, -4.8213059378188206e-11, -3.413788640660442e-11, -2.7523668622020382e-11, -1.944731217728979e-11, -1.9464378220312994e-11, -1.9820515534396677e-11, -4.725430963192778e-11, -4.7486512388950074e-11, -2.6341355319203786e-11, -4.563243205524259e-11, -2.061233866923473e-11, -2.0175139434086553e-11, -2.883894201222148e-11, -2.5374436204983476e-11, -4.447087575965014e-11, -2.759724676559827e-11, -2.408451260649258e-11, -1.1746298267389932e-10, -4.652763466173049e-11, -1.8293009662606607e-11, -4.4478915064982693e-11, -1.9361151792907095e-11, -2.962290679420221e-11, -2.5989630614287053e-11, -2.6659544988261174e-11, -2.6701899469294687e-11, -2.312274316462748e-11, -4.4050028513709096e-11, -2.764044229608409e-11, -2.5974013773133463e-11, -2.5921657931249342e-11, -2.1297871966030613e-11, -3.733810607919885e-11, -1.570189867017291e-11, -2.9245718513593036e-11, -4.9659138912083736e-11, -2.0732670413803334e-11, -1.832183418870592e-11, -3.591550887249717e-11, -3.4129585740894083e-11, -5.400507674391264e-11, -3.440559193101933e-11, -2.713208052673721e-11, -2.998402939824452e-11, -2.052275310804319e-11, -2.0306309439499513e-11, -4.340655646029035e-11, -5.237344469222194e-11, -2.919260339018237e-11, -2.1006242578724966e-11, -3.6551844495580355e-11, -2.7124550744384023e-11, -3.920638555476863e-11, -1.986923471586355e-11, -1.8085362013531283e-11, -3.026623414392748e-11, -3.0775484161083e-11, -2.0529716954209576e-11, -2.3881926991542456e-11, -2.8355682718528285e-11, -2.5132068925959316e-11, -1.8014310626535135e-11, -2.7650705392012753e-11] , val_score=-1.406986138707822e-11 || snn => train_loss_history=[1.2604799003601075, 0.6780767593383789, 0.613756290435791, 0.5690168347358704, 0.5355115685462951, 0.5152302627563476, 0.5072436147928238, 0.49584867334365845, 0.38878708171844484, 0.25808694887161254, 0.18089229202270507, 0.1649017940759659, 0.16503806471824645, 0.16615269219875337, 0.167417453289032, 0.16115061020851135, 0.1562520250082016, 0.15159536957740782, 0.15330016779899597, 0.15082851415872575, 0.14578842198848724, 0.14394460988044738, 0.14510454440116882, 0.1494260048866272, 0.15136474525928498, 0.14945446175336838, 0.15083953368663788, 0.15642635178565978, 0.1655890097618103, 0.16454490113258363, 0.16237737679481506, 0.16770237040519714, 0.16392155408859252, 0.1627453889846802, 0.16325789999961854, 0.16162433528900147, 0.16376824927330016, 0.173084236741066, 0.16824370992183685, 0.1737031626701355, 0.1775546405315399, 0.1803395655155182, 0.1706049566268921, 0.17448287069797516, 0.16847691398859024, 0.17369487500190736, 0.16847612047195434, 0.1797242844104767, 0.17683612382411956, 0.17592387509346008, 0.1789254722595215, 0.16838832306861878, 0.17585367006063463, 0.17038630723953246, 0.17961171251535415, 0.17160709035396576, 0.16125390136241913, 0.18731823825836183, 0.18108126342296602, 0.1725252190232277, 0.16194614720344544, 0.17031942987442017, 0.173576712846756, 0.17593921339511873, 0.17573456561565398, 0.18517653703689574, 0.18868466222286223, 0.18054534435272218, 0.18813236105442047, 0.1720684368610382, 0.1748764761686325, 0.1734520351886749, 0.16902525317668915, 0.18491004252433776, 0.1737737010717392, 0.17338816499710083, 0.16274370777606964, 0.18729356509447098, 0.1832713737487793, 0.19704753518104554, 0.18233833146095277, 0.19748897075653077, 0.19506199395656584, 0.18600418281555176, 0.16786285269260406, 0.19813638401031494, 0.21136647033691405, 0.187152508020401, 0.17052662587165832, 0.18605325984954835, 0.18686097288131714, 0.19799876940250397, 0.17181924319267272, 0.19771677589416503, 0.18118870532512665, 0.1780338056087494, 0.19028041923046113, 0.18551793611049652, 0.1967330859899521, 0.19707187151908875] , train_acc_history=[-0.7870552835464477, -0.6352829890251159, -0.589795654296875, -0.546292869567871, -0.5266386370658874, -0.5103438854217529, -0.5077360172271729, -0.44856723260879516, -0.3102145209312439, -0.20158026254177094, -0.17184023761749267, -0.16524592781066894, -0.16763913118839263, -0.17278248727321624, -0.1670663743019104, -0.16177511465549468, -0.15007269179821014, -0.1526431645154953, -0.1572903492450714, -0.1478492888212204, -0.14054022789001464, -0.15119493687152863, -0.1488612846136093, -0.15289453101158143, -0.14583276426792144, -0.14703603982925414, -0.1639292857646942, -0.1637400826215744, -0.15055695533752442, -0.15830158531665803, -0.1612748705148697, -0.16940402495861054, -0.15838282918930055, -0.16222669386863708, -0.16779657757282257, -0.16503179359436035, -0.16331905913352968, -0.17979094529151918, -0.1743842098712921, -0.18136625266075135, -0.1742376778125763, -0.16841355395317079, -0.1734641103744507, -0.17144845616817475, -0.17321620535850524, -0.16319295048713683, -0.18077324974536896, -0.1708136260509491, -0.18514924335479738, -0.18569423270225524, -0.1819168131351471, -0.16298373055458068, -0.1600951964855194, -0.167878609418869, -0.1717500292658806, -0.16707682168483734, -0.1622338390350342, -0.17671278429031373, -0.15924599027633668, -0.15129523634910583, -0.17117138636112214, -0.17672453892230988, -0.156099566757679, -0.1909898135662079, -0.16980341124534606, -0.17872133564949036, -0.189154789686203, -0.17630794703960417, -0.16690804243087767, -0.1815055227279663, -0.2112886245250702, -0.17686845993995667, -0.182685560464859, -0.17681077075004578, -0.16606449747085572, -0.17201578748226165, -0.15702738976478578, -0.1611642484664917, -0.1849452474117279, -0.19318547797203064, -0.16556535601615907, -0.28069594180583957, -0.16119029492139816, -0.17206824231147766, -0.16320180594921113, -0.19465638017654419, -0.1812642707824707, -0.19104338508844376, -0.17092075395584105, -0.23898804759979247, -0.1821331263780594, -0.16662682533264161, -0.2620516434907913, -0.1687412153482437, -0.15880495893955232, -0.1590356903076172, -0.1662608277797699, -0.17879895734786988, -0.1863981704711914, -0.16235373008251192]
[seed 0] -> cvx test_acc=-1.2193284137929084e-11 , snn test_acc=-0.1464514782190323
[final test results] cvx=-0.000000±0.000000 , snn=-0.146451±0.000000 , delta=0.146451±0.000000

--- 20260227_035616 binary_adding_seq L=2 T=5 ---
[info] binary_adding_seq, L=2, T=5, P_in=5000, P_rec=5000, P_last=8000, n_train_total=8000, n_test=1000
[seed 0] -> cvx best beta=1e-06 lr=0.005 => train_loss_history=[84.79064743638038, 38.113548211455345, 10.98453674003482, 7.107480851411819, 3.148160325884819, 1.513448843024671, 0.9256787270866335, 0.5988326201401651, 0.4299550278671086, 0.31812637558206913, 0.24796719141304494, 0.21009609499946236, 0.18375747315585614, 0.17240483845584095, 0.15755785525776445, 0.14490305652376265, 0.13594493855722248, 0.1255180921126157, 0.11809826919808984, 0.11153562064282596, 0.10913453856017441, 0.10555812615435571, 0.09919343790970743, 0.09466024822555483, 0.08935642947908491, 0.08432279415428638, 0.08104009709786623, 0.08058676263317466, 0.08201697843149304, 0.07807274801190943, 0.07193200547248126, 0.07013674652203918, 0.0689227959769778, 0.0687175221578218, 0.06762503086822108, 0.06632585315965116, 0.06508671005023643, 0.06455890646670014, 0.06399105769349261, 0.06248927995795384, 0.061864907073322685, 0.06112777111586183, 0.0606780102616176, 0.060751127738039944, 0.059937281077727673, 0.060099548946600405, 0.059101461758837105, 0.057717069287318734, 0.05619376747636125, 0.05585668999236077, 0.055237928703427315, 0.05451590498909354, 0.05406439701793715, 0.053567635850049554, 0.05305783091811463, 0.05436232033884153, 0.05471154371276498, 0.053368329692166296, 0.05156411895062774, 0.0508978782617487, 0.05041522785788402, 0.049982952082064006, 0.050093659227713944, 0.04969288689084351, 0.04949248084332794, 0.04935078835114837, 0.04934909333707765, 0.04938505488680676, 0.04890549493953586, 0.04849512849468738, 0.04832917081890628, 0.04802142678527162, 0.048641084639821204, 0.047785612647421656, 0.04799471673555672, 0.04789027929189615, 0.04732832195237279, 0.047347082253545524, 0.047013862379826604, 0.04672158973524347, 0.04647205689223483, 0.046620315900072457, 0.04634051488945261, 0.04603509481996298, 0.04634143324336037, 0.046859602387994526, 0.045812437070999294, 0.04548439214937389, 0.04541894283611327, 0.04506840515648946, 0.04501375162974, 0.04491577795241028, 0.04486419063061476, 0.04481329518253915, 0.04464292690390721, 0.04469996390864253, 0.044543875220697374, 0.04449190160026774, 0.04432590726297349, 0.04448252264875919] , train_acc_history=[-69.0403857421875, -3.058608207702637, -16.43786636352539, -1.2376130485534669, -1.697415599822998, -1.892580680847168, -0.9426293563842774, -0.5601693296432495, -0.3732416844367981, -0.29421788930892945, -0.2319789147377014, -0.1956195878982544, -0.1787177813053131, -0.16269106149673462, -0.14824215054512024, -0.14168494820594787, -0.1291763699054718, -0.12036262273788452, -0.11415720582008362, -0.11097054958343505, -0.10479506134986877, -0.09865626573562622, -0.09841841816902161, -0.09021093487739563, -0.08535638093948364, -0.0818335771560669, -0.08148319482803344, -0.08169376611709595, -0.0750162386894226, -0.07146467387676239, -0.07072162449359894, -0.06931969821453095, -0.0684039545059204, -0.0672139585018158, -0.0663668429851532, -0.06541379928588867, -0.06448577761650086, -0.06442495346069337, -0.06285594642162323, -0.0623674738407135, -0.0611233127117157, -0.060423805713653564, -0.060868791341781615, -0.05986530244350433, -0.05826164662837982, -0.059056755304336545, -0.06049376130104065, -0.05647251605987549, -0.05582893192768097, -0.05514952659606934, -0.05466255009174347, -0.05406811475753784, -0.0542016476392746, -0.05315895974636078, -0.053288391828536986, -0.05228196382522583, -0.05375663995742798, -0.0519504714012146, -0.05137458264827728, -0.05073267459869385, -0.049952540397644046, -0.05012470006942749, -0.04979097694158554, -0.049472383856773376, -0.04913776934146881, -0.04895414113998413, -0.04872044086456299, -0.04872058123350143, -0.04875456929206848, -0.04818052738904953, -0.04816187709569931, -0.04790873408317566, -0.04760194778442383, -0.04755717545747757, -0.04795100033283234, -0.04732386469841003, -0.04805961191654205, -0.04674118787050247, -0.04721774697303772, -0.04641694158315659, -0.04624921679496765, -0.04656148135662079, -0.04593434423208237, -0.04639015048742294, -0.04632274568080902, -0.04545101255178451, -0.045695091485977175, -0.04527037590742111, -0.045009182393550874, -0.044910479485988614, -0.04483447939157486, -0.0449885892868042, -0.04468111574649811, -0.04469252049922943, -0.044520039856433866, -0.04443634569644928, -0.044393906593322756, -0.04433618932962417, -0.04430870413780212, -0.04415227770805359] , val_score=-0.04721139430999756 || snn => train_loss_history=[13.274255907535553, 7.265917439162731, 5.995793277323246, 5.131875524520874, 4.56881333142519, 3.869000011831522, 3.4157954096794128, 3.3876602555811406, 3.498627801835537, 3.5230771993100642, 3.7312660920619964, 4.324429410099984, 4.73182041913271, 5.219028477668762, 6.149089531004429, 7.090450043976307, 10.871413289904595, 12.14287392437458, 15.583315947651863, 14.941690859794617, 13.841657298207283, 13.801741359829903, 12.258016200065613, 11.90802170574665, 11.417445399761199, 11.790580187439918, 8.365080147385598, 10.30324520111084, 7.834446433484555, 6.905483126044273, 6.592370423972607, 4.917104864418507, 4.578372928500175, 4.062475474923849, 4.058451516330242, 3.9868488688766957, 4.308237875550986, 4.053623676300049, 3.5154302740097045, 3.5499313828349113, 3.300506634712219, 3.1975721290707586, 3.1060303880274294, 2.971792837381363, 2.6239529587328434, 2.7853974497318266, 2.708152105510235, 2.880114028304815, 2.5383486071228982, 2.092998558357358, 2.0135737581551076, 1.9082562848180533, 1.9953523793071508, 2.3703480169177054, 2.4855987551808356, 2.756449660807848, 2.5310064491629602, 2.354835830181837, 2.1604659000784157, 2.1930539973080156, 2.1126635353267194, 1.9403496725857259, 1.8665034294128418, 1.6647793156653643, 1.602978372424841, 1.6552753157168627, 1.7777050991356373, 1.831490227431059, 1.822215313911438, 1.7233984549343586, 1.6417131102830171, 1.5591719037294387, 1.557320265173912, 1.5522626266628503, 1.539338054060936, 1.380035139620304, 1.3853984206169843, 1.370979866310954, 1.4241705483943223, 1.4980172438919543, 1.3545608104765414, 1.2848831636458635, 1.3815015856176616, 1.4095575726032257, 1.392907628417015, 1.4569672208279372, 1.2842486350983382, 1.218821693584323, 1.320056803599, 1.19996023863554, 1.1393099797517061, 1.2320450153201818, 1.2260829786211251, 1.221406797915697, 1.214709850475192, 1.206982020661235, 1.2270403627306223, 1.22383711732924, 1.1887603743374349, 1.1709080369770526] , train_acc_history=[-9.153561935424804, -5.977117309570312, -5.729690895080567, -5.063308448791504, -4.14237075805664, -3.562528610229492, -3.351292037963867, -3.269178657531738, -3.495645294189453, -3.6002495193481447, -4.448323097229004, -3.6676111221313477, -4.488163719177246, -5.783830299377441, -7.256350631713867, -11.338727569580078, -10.649538803100587, -15.563753356933594, -10.374665451049804, -15.281956176757813, -12.947972259521485, -9.72650230407715, -10.375043258666992, -10.92110481262207, -15.484353637695312, -9.045044403076172, -8.793717956542968, -7.72327751159668, -7.653283386230469, -7.199936904907227, -5.2057459259033205, -5.1258921051025395, -4.317388114929199, -3.8906846618652344, -3.8976782608032225, -4.181172142028808, -4.02993148803711, -3.643008232116699, -3.551888542175293, -3.303410873413086, -3.212888298034668, -3.1197410202026368, -3.09832275390625, -2.4697078323364257, -2.888389434814453, -2.5352635383605957, -2.803784255981445, -2.8067367553710936, -2.2530720138549807, -1.9847995567321777, -2.02854248046875, -1.8621284866333008, -2.370370407104492, -2.3516767120361326, -2.5377852058410646, -2.5376076889038086, -2.5806122398376465, -2.4558030700683595, -2.0442700576782227, -2.2491883850097656, -1.9978966331481933, -1.8957508659362794, -1.8228639793395995, -1.5930886268615723, -1.6048739814758302, -1.7339881706237792, -1.843261489868164, -1.8518946075439453, -1.8645546531677246, -1.674653835296631, -1.5355658149719238, -1.5379082489013671, -1.5493458557128905, -1.513044319152832, -1.4014059829711913, -1.4006055736541747, -1.340240707397461, -1.3316029167175294, -1.4818318367004395, -1.5082232856750488, -1.2973609924316407, -1.386706485748291, -1.3305870151519776, -1.3951959609985352, -1.4288295364379884, -1.4200151252746582, -1.1721538352966308, -1.3257404899597167, -1.2140026378631592, -1.1330273628234864, -1.1792047786712647, -1.2082240390777588, -1.2136741828918458, -1.2259579372406006, -1.2209344863891602, -1.1966186714172364, -1.23432466506958, -1.209034652709961, -1.1999663925170898, -1.1672808456420898]
[seed 0] -> cvx test_acc=-0.05888173818588257 , snn test_acc=-1.080547821044922
[final test results] cvx=-0.058882±0.000000 , snn=-1.080548±0.000000 , delta=1.021666±0.000000

--- 20260226_025326 two_step_xor_seq L=2 T=6 ---
[info] two_step_xor_seq, L=2, T=6, P_in=2000, P_rec=2000, P_last=5000, n_train_total=5000, n_test=5000
[seed 0] -> cvx best beta=1e-06 lr=0.01 => train_loss_history=[2.0425256156921385, 1.0848803763389587, 1.0524638595581055, 0.7241447329521179, 0.8220589447021485, 0.8474054608345032, 0.7046205201148987, 0.9727714114189148, 0.9098063311576843, 1.0480247509479523, 0.6693754887580872, 0.5218868169784546, 0.4624926383495331, 0.42518961334228517, 0.6861130409240722, 0.49963929200172424, 0.4423185291290283, 0.563425306558609, 0.42558773469924926, 0.368566392660141, 0.4281555061340332, 0.4528566541671753, 0.48677324640750885, 0.5843574647903442, 0.4357066715955734, 0.4355133929252625, 0.4837388482093811, 0.32830249607563017, 0.47964194560050966, 0.46820254921913146, 0.24755007994174957, 0.31832045304775236, 0.2564145061969757, 0.2580454496741295, 0.39118801593780517, 0.2923894476890564, 0.23024519634246826, 0.329545880317688, 0.36698945927619936, 0.3567067251205444, 0.2909251265525818, 0.28688917398452757, 0.21937607836723327, 0.3236647114753723, 0.3047275207042694, 0.26992458629608157, 0.28757423186302183, 0.25863696551322934, 0.27759882116317747, 0.21433794331550599, 0.22348459672927856, 0.2667665477991104, 0.2234798292517662, 0.23685704469680785, 0.22759284925460815, 0.31714637637138365, 0.3556087234020233, 0.24088275146484375, 0.21387174415588378, 0.23434439778327942, 0.21184055626392365, 0.1803255878686905, 0.18497293877601623, 0.17684204506874085, 0.19388835144042968, 0.184631600022316, 0.19677800607681276, 0.17585787498950958, 0.18361031782627105, 0.22907289624214172, 0.18215588310360908, 0.19331845235824585, 0.19211019277572633, 0.17639323782920838, 0.17393563282489777, 0.17004907035827638, 0.20066801488399505, 0.2089269152879715, 0.19516540482640266, 0.24797190183401108, 0.17096030592918396, 0.22037747132778168, 0.23252153933048247, 0.17561817929148674, 0.20998832273483276, 0.19402518713474273, 0.24362837898731232, 0.21547142493724822, 0.19376913344860078, 0.19239039584994316, 0.19072367149591446, 0.15512201690673827, 0.15796087491512298, 0.19421362566947936, 0.20192248380184175, 0.17578751850128174, 0.176833802819252, 0.16297518122196197, 0.16800675588846206, 0.17113606107234955, 0.16458913332223893, 0.16444364279508591, 0.1561857693195343, 0.15713187074661256, 0.16585694885253907, 0.17425187516212465, 0.1708552702665329, 0.16259951400756836, 0.15412425275146963, 0.17599183151125908, 0.1654576078504324, 0.1646917133629322, 0.1659652533531189, 0.15668185818195343, 0.16386329996585847, 0.1616421037912369, 0.16355671560764312, 0.18344650423526765, 0.1669412189424038, 0.1587754716873169, 0.16041511106491088, 0.1635110655426979, 0.15131687712669373, 0.15705907629430294, 0.1473973934650421, 0.15578683805465698, 0.1531165897846222, 0.14431751418113709, 0.14966623401641846, 0.16085461258888245, 0.1614379150867462, 0.1630797107219696, 0.1564381819367409, 0.16214900147914887, 0.15941837787628174, 0.149825816988945, 0.15583465564250945, 0.15326819133758546, 0.16098019456863402, 0.15412029851227999, 0.14947198313474655, 0.16216733768582345, 0.1494627460241318, 0.15260059595108033, 0.1639032055735588, 0.15672264569997787, 0.15509254121780394, 0.17757016211748122, 0.15660906410217285, 0.14438375306129456] , train_acc_history=[0.621, 0.7255, 0.66625, 0.6895, 0.7875, 0.76525, 0.56475, 0.73375, 0.51975, 0.803, 0.81175, 0.8295, 0.831, 0.53875, 0.83775, 0.785, 0.8805, 0.84575, 0.8845, 0.83725, 0.891, 0.84625, 0.71875, 0.727, 0.869, 0.87425, 0.90075, 0.8035, 0.6055, 0.89425, 0.8685, 0.88275, 0.90825, 0.8845, 0.8655, 0.90725, 0.87825, 0.8065, 0.918, 0.8865, 0.91975, 0.91, 0.883, 0.92225, 0.92125, 0.91075, 0.91125, 0.90325, 0.9225, 0.9255, 0.89725, 0.9185, 0.9275, 0.92425, 0.76275, 0.81125, 0.91475, 0.91475, 0.852, 0.9155, 0.91025, 0.929, 0.931, 0.9285, 0.926, 0.92575, 0.92175, 0.91625, 0.93075, 0.9265, 0.9315, 0.92025, 0.916, 0.9295, 0.9295, 0.93, 0.925, 0.9315, 0.80775, 0.93025, 0.9305, 0.891, 0.922, 0.929, 0.93075, 0.93175, 0.922, 0.8905, 0.93, 0.9275, 0.932, 0.93225, 0.922, 0.9265, 0.92975, 0.9325, 0.932, 0.93175, 0.93175, 0.9285, 0.9325, 0.92275, 0.93225, 0.9315, 0.923, 0.93225, 0.93225, 0.9325, 0.9325, 0.92275, 0.9325, 0.92975, 0.9325, 0.93275, 0.9325, 0.9325, 0.9165, 0.9325, 0.923, 0.93275, 0.92325, 0.9325, 0.933, 0.9325, 0.933, 0.9325, 0.93275, 0.9325, 0.933, 0.92325, 0.9325, 0.9325, 0.93275, 0.93, 0.9325, 0.933, 0.9325, 0.933, 0.932, 0.9325, 0.9325, 0.93175, 0.933, 0.933, 0.93125, 0.9235, 0.92325, 0.92325, 0.933, 0.933] , val_score=0.799 || snn => train_loss_history=[1.1817306699752808, 1.0964680013656616, 1.053981996536255, 1.071231939792633, 1.06501682472229, 1.0397697067260743, 1.0646500511169434, 1.0019388236999511, 1.026950530052185, 1.0039612331390382, 1.0103747968673706, 1.0036934995651245, 1.0011996936798095, 1.0057689142227173, 1.0011255054473878, 1.0064320130348205, 1.0131925630569458, 0.9848039922714233, 0.9883020401000977, 1.0008343753814697, 1.0009920048713683, 0.9984956512451172, 1.0044794521331788, 1.0031748905181885, 0.9873500280380249, 1.0020616264343263, 0.9866349148750305, 0.9881604056358337, 0.9832249212265015, 0.9805698509216308, 0.9783469724655152, 0.9816976823806762, 0.9843348522186279, 0.9858265271186829, 0.9802182140350342, 0.9779240064620972, 0.9757198705673218, 0.9766619758605957, 0.9818855075836181, 0.9815351185798645, 0.9772333393096924, 0.9775680198669433, 0.9768720178604126, 0.9749639577865601, 0.9757980270385742, 0.9737441544532776, 0.9778033828735352, 0.9817997407913208, 0.9739315538406372, 0.9867443103790283, 0.9764622707366943, 0.9898269844055175, 0.9740377540588379, 0.9842217292785644, 0.9799081869125367, 0.9725728998184204, 0.9796084594726563, 0.9814604167938232, 0.9792302951812745, 0.9795029449462891, 0.9689566841125489, 0.9651594409942627, 0.9689203705787659, 0.9687713890075683, 0.9627092857360839, 0.9667603797912597, 0.9667583446502686, 0.9622578115463257, 0.9678457279205323, 0.9620457077026368, 0.9594361038208008, 0.957915132522583, 0.9718107213973999, 0.9737385692596435, 0.9628581562042237, 0.9712245349884033, 0.9668913884162903, 0.9676227655410766, 0.97437970495224, 0.969834921836853, 0.9695603785514831, 0.9665467538833619, 0.9665973958969116, 0.9701950254440308, 0.9717361240386962, 0.9728549861907959, 0.967517144203186, 0.9791277503967285, 0.9737832174301148, 0.9656866436004639, 0.9633152399063111, 0.9633964614868165, 0.9624484205245971, 0.9681503639221192, 0.9625015034675598, 0.9644281444549561, 0.9684099326133728, 0.9634770679473877, 0.9676941528320312, 0.9671003036499023, 0.9633551979064942, 0.9757926301956177, 0.9682094259262085, 0.9557238903045654, 0.9596347274780274, 0.9663578319549561, 0.9735532855987549, 0.9732490496635438, 0.9672999238967895, 0.9727137241363525, 0.9716509704589844, 0.9671221008300781, 0.9761519174575806, 0.9658793125152588, 0.9664809188842773, 0.9647178339958191, 0.973164276599884, 0.9643439922332764, 0.973995129108429, 0.9670528774261474, 0.9677625522613525, 0.9629915580749512, 0.9665277099609375, 0.9679532985687256, 0.9650219030380249, 0.9729000797271729, 0.9597305965423584, 0.9597533206939697, 0.9567841596603394, 0.9729919815063477, 0.9587622041702271, 0.9591494150161743, 0.9690599126815795, 0.9711590194702149, 0.9598706431388855, 0.9611512393951416, 0.9700445623397828, 0.9642212810516357, 0.9691797890663147, 0.9558380122184753, 0.9657746648788452, 0.9643494567871094, 0.9676533408164978, 0.9666406335830688, 0.9665065946578979, 0.9679967727661133, 0.9617485370635986, 0.9672805771827698, 0.9691830062866211, 0.9665640320777893] , train_acc_history=[0.51225, 0.49425, 0.5155, 0.5085, 0.5015, 0.513, 0.5185, 0.49775, 0.493, 0.51175, 0.50825, 0.5075, 0.50875, 0.51675, 0.51, 0.492, 0.513, 0.5135, 0.50725, 0.5115, 0.51, 0.50225, 0.50825, 0.50125, 0.526, 0.511, 0.51575, 0.51675, 0.51475, 0.51325, 0.51725, 0.514, 0.51225, 0.512, 0.521, 0.5195, 0.528, 0.52575, 0.51825, 0.51025, 0.524, 0.5235, 0.5215, 0.515, 0.51675, 0.513, 0.5115, 0.523, 0.52325, 0.51625, 0.52025, 0.5185, 0.52, 0.514, 0.533, 0.5265, 0.5195, 0.5235, 0.5135, 0.51475, 0.5195, 0.52275, 0.52025, 0.53675, 0.53025, 0.53275, 0.5315, 0.52975, 0.53075, 0.53175, 0.5305, 0.52475, 0.5295, 0.52525, 0.52, 0.5245, 0.53275, 0.53175, 0.52075, 0.52375, 0.52975, 0.5295, 0.53225, 0.52975, 0.5165, 0.52825, 0.521, 0.53225, 0.529, 0.532, 0.5335, 0.53175, 0.53075, 0.5255, 0.5265, 0.517, 0.52325, 0.51525, 0.5225, 0.52525, 0.5225, 0.52825, 0.5245, 0.52175, 0.52575, 0.528, 0.5295, 0.5265, 0.52875, 0.5305, 0.5315, 0.52725, 0.53225, 0.53475, 0.53575, 0.52275, 0.5335, 0.5395, 0.52975, 0.53325, 0.5245, 0.52725, 0.52075, 0.53275, 0.531, 0.531, 0.53325, 0.53725, 0.53125, 0.521, 0.52975, 0.52875, 0.52625, 0.5225, 0.5365, 0.532, 0.5285, 0.5245, 0.53175, 0.5335, 0.523, 0.53775, 0.53475, 0.52175, 0.53075, 0.53725, 0.5365, 0.5305, 0.526, 0.5255]
[seed 0] -> cvx test_acc=0.7916 , snn test_acc=0.528
[final test results] cvx=0.791600±0.000000 , snn=0.528000±0.000000 , delta=0.263600±0.000000

--- 20260226_054051 mnist_seq L=2 T=7 ---
[info] mnist_seq, L=2, T=7, P_in=2000, P_rec=2000, P_last=5000, n_train_total=5000, n_test=5000
[seed 0] -> cvx best beta=0.01 lr=0.005 => train_loss_history=[5.255175220489502, 3.1804639673233033, 0.9532432870864869, 0.3740683741569519, 0.2950745134353638, 0.2509572913646698, 0.7111042823791504, 0.4659388380050659, 0.7280816268920899, 0.34109561204910277, 0.7146658396720886, 8.180806739807128, 2.8249410285949708, 0.7681299602985382, 0.6086731305122376, 0.6629089920520782, 0.3834764757156372, 0.3024563388824463, 0.49260188722610476, 0.5897871723175049, 3.8698425827026366, 1.0907608470916748, 0.6411000299453735, 0.420501757144928, 1.2547630567550658, 0.8748208866119385, 0.36649466848373413, 0.3188704756498337, 0.3114889893531799, 0.9545235543251037, 0.37489578473567964, 0.32330082654953, 0.2792370636463165, 0.2526051757335663, 0.204704758644104, 0.393093119263649, 0.22728760957717895, 0.3206155047416687, 0.2549284675121307, 0.30524712467193604, 0.2889501781463623, 0.23646642923355102, 2.2253683862686158, 0.5438147096633911, 0.3886624213457108, 0.5965288252830505, 0.4032836151123047, 0.5599102983474732, 1.5560090401172637, 0.41597907328605654, 0.25510070276260377, 0.41691801077127455, 0.24992574453353883, 0.25735325741767884, 0.24294100427627563, 1.7820444602966308, 1.1656209473609924, 0.465953962802887, 0.3968528380393982, 0.4936430215835571, 0.39313292837142944, 0.3274794998168945, 0.21827928161621094, 0.20277281832695007, 0.18491366028785705, 0.23507666504383087, 0.1766403587460518, 0.16368724751472474, 0.20213810420036316, 0.19068554043769836, 0.21109959578514098, 0.19246222019195558, 0.2385740749835968, 0.2074997947216034, 0.20682147812843324, 0.2226686247587204, 0.46678287506103516, 0.6783349595069885, 0.26532530355453493, 0.30399931693077087, 0.19341548120975494, 0.23289377331733704, 0.2601952369213104, 0.1766631200313568, 0.2628743866682053, 0.21351356267929078, 0.1797108918428421, 0.2412481397986412, 0.19558670616149904, 0.21941546750068663, 0.20487166523933412, 0.16615912497043608, 0.15302075922489167, 0.16212129896879196, 0.1630846779346466, 0.166953768491745, 0.16162525975704192, 0.16237558341026306, 0.15587374597787856, 0.15839212745428086, 0.14564271259307862, 0.16682510894536973, 0.1662776560783386, 0.1989244941473007, 0.15019937229156494, 0.1672095947265625, 0.16382529532909393, 0.15482661551237106, 0.14636384892463683, 0.1583262552022934, 0.14680452954769135, 0.15603372836112975, 0.16974071598052978, 0.1542014684677124, 0.15747979259490966, 0.18066750836372375, 0.17311535143852233, 0.17529316127300262, 0.17652820181846618, 0.15803077101707458, 0.14745970416069032, 0.14330951702594757, 0.14605011868476866, 0.1585539529323578, 0.15565185713768007, 0.13793758589029312, 0.15734566617012025, 0.1462774370908737, 0.14192984211444853, 0.1388048905134201, 0.14130190312862395, 0.140465871155262, 0.14913514316082, 0.1442798912525177, 0.13864965963363649, 0.13938179802894593, 0.14098026442527772, 0.17814636009931564, 0.16145981419086455, 0.14646108782291412, 0.14593367636203766, 0.1439507383108139, 0.1606736797094345, 0.15257880318164826, 0.13753279972076415, 0.1438317379951477, 0.14063702285289764, 0.15185807609558105, 0.14861429691314698, 0.16220889377593994] , train_acc_history=[0.114, 0.1645, 0.1625, 0.12375, 0.11575, 0.114, 0.114, 0.114, 0.11425, 0.114, 0.114, 0.114, 0.13775, 0.18425, 0.114, 0.1485, 0.1405, 0.18025, 0.114, 0.114, 0.16575, 0.114, 0.1275, 0.114, 0.139, 0.159, 0.17425, 0.1995, 0.114, 0.134, 0.20425, 0.183, 0.114, 0.17475, 0.1365, 0.16775, 0.13125, 0.189, 0.114, 0.114, 0.1625, 0.114, 0.15075, 0.12725, 0.1485, 0.1355, 0.1845, 0.114, 0.114, 0.1215, 0.114, 0.12125, 0.114, 0.2015, 0.195, 0.114, 0.19125, 0.114, 0.14325, 0.17775, 0.114, 0.11725, 0.18725, 0.16075, 0.11475, 0.17625, 0.1835, 0.17225, 0.20225, 0.114, 0.1575, 0.1185, 0.18025, 0.14025, 0.17, 0.172, 0.114, 0.1205, 0.193, 0.181, 0.16, 0.1335, 0.15425, 0.184, 0.119, 0.11975, 0.1595, 0.1325, 0.1835, 0.1915, 0.141, 0.1795, 0.153, 0.14425, 0.186, 0.1925, 0.15275, 0.13025, 0.1795, 0.16175, 0.17075, 0.1835, 0.18725, 0.16475, 0.18325, 0.163, 0.169, 0.17025, 0.16325, 0.17125, 0.1735, 0.153, 0.12125, 0.1785, 0.166, 0.1175, 0.15875, 0.18325, 0.16725, 0.184, 0.146, 0.1665, 0.14175, 0.18225, 0.16175, 0.184, 0.13975, 0.18875, 0.1705, 0.1495, 0.14325, 0.18225, 0.172, 0.166, 0.18475, 0.183, 0.15925, 0.139, 0.1715, 0.146, 0.1705, 0.166, 0.1885, 0.1765, 0.17225, 0.178, 0.16575, 0.15475, 0.1675, 0.114] , val_score=0.191 || snn => train_loss_history=[0.5210583319664002, 0.4629572503566742, 0.3697987651824951, 0.36020359802246094, 0.5224298272132873, 0.19711347365379334, 0.19486648285388947, 0.1667037341594696, 0.2948129948377609, 0.3264709119796753, 0.20747514700889588, 0.4829211959838867, 0.18536555922031403, 0.15013240373134612, 0.6380758013725281, 0.32868828761577606, 0.16247891783714294, 0.18734677451848983, 0.16622496151924132, 0.24830908870697022, 0.12290049523115158, 0.11701513504981995, 0.20383810691535473, 0.244032624065876, 0.20779581573605538, 1.6642979865074157, 0.43145722222328187, 0.2000742376446724, 0.1948869348168373, 0.2807075545787811, 0.12772151494026185, 0.10368180155754089, 0.08372330039739609, 0.1541137599349022, 0.08488276672363282, 0.08513076570630074, 0.09930115991830826, 0.1432770688533783, 0.10383355176448822, 0.10314789426326752, 0.07153517466783524, 0.07183501946926117, 0.0785436840802431, 0.07502951085567475, 0.06753228950500488, 0.09422789692878723, 0.09336948698759079, 0.07040035575628281, 0.08964290332794189, 0.07896271336078643, 0.06763764956593514, 0.09393045139312745, 0.07960790687799454, 0.25144431245327, 0.1539001965522766, 0.11411213207244873, 0.10908257150650025, 0.09732385051250458, 0.08901321887969971, 0.08257063341140747, 0.07083669543266297, 0.07227237915992737, 0.06357577413320542, 0.06119540369510651, 0.04780948919057846, 0.0755286219716072, 0.07472823196649551, 0.052223449781537055, 0.04730675907433033, 0.045681688249111174, 0.049417906939983366, 0.0516264431476593, 0.04335330107808113, 0.049739978224039076, 0.042887427508831025, 0.03684448155760765, 0.03749786637723446, 0.03684838801622391, 0.062148594617843625, 0.04960203433036804, 0.04917186334729195, 0.04341057100892067, 0.049090985000133515, 0.0417357026040554, 0.04633977016806602, 0.038942250683903695, 0.038327372834086416, 0.03596209639310837, 0.029900204762816428, 0.03782271572947502, 0.03508974051475525, 0.030740989565849305, 0.02749739530682564, 0.028213012903928757, 0.026394870951771735, 0.02453397934138775, 0.02216577821969986, 0.027430826798081398, 0.029591794118285178, 0.022876975253224373, 0.029270297408103944, 0.023940515115857125, 0.025728665262460707, 0.022561310917139053, 0.02065210774540901, 0.021498846232891083, 0.022161750435829162, 0.020172575429081917, 0.01884953513741493, 0.019658586457371712, 0.02512237238883972, 0.025358393743634224, 0.024430523052811622, 0.022875969216227532, 0.020859181821346284, 0.026460401624441146, 0.02366635340452194, 0.01885823903977871, 0.020034178256988524, 0.018428924664855004, 0.021807878240942956, 0.017227905854582788, 0.01433996407687664, 0.01774226349592209, 0.013505418628454209, 0.014240983307361604, 0.012235331892967225, 0.011120841681957245, 0.013078257665038109, 0.01059487746655941, 0.010780907481908799, 0.01186523738503456, 0.014429901868104935, 0.011809456840157509, 0.012254946008324623, 0.01178695347905159, 0.010007906436920165, 0.00915382096171379, 0.009767103627324105, 0.009803913414478302, 0.009296720936894418, 0.010002100884914399, 0.009625910103321075, 0.008127590388059616, 0.008989490360021592, 0.008438876390457154, 0.009399206459522247, 0.008392148971557618, 0.00852212043106556, 0.017621752560138704] , train_acc_history=[0.1215, 0.15125, 0.13025, 0.11775, 0.1425, 0.12575, 0.1305, 0.1945, 0.122, 0.179, 0.11475, 0.1325, 0.19625, 0.1215, 0.16975, 0.1705, 0.148, 0.151, 0.1255, 0.132, 0.13725, 0.11925, 0.19975, 0.16825, 0.19725, 0.15975, 0.123, 0.186, 0.143, 0.12875, 0.171, 0.18125, 0.2015, 0.1865, 0.1925, 0.1815, 0.2, 0.18375, 0.1735, 0.16675, 0.18525, 0.18375, 0.192, 0.191, 0.185, 0.16125, 0.17175, 0.17525, 0.1795, 0.183, 0.19325, 0.18775, 0.15325, 0.17125, 0.13925, 0.1515, 0.175, 0.17275, 0.1675, 0.18375, 0.18425, 0.177, 0.18325, 0.18825, 0.1895, 0.1625, 0.19, 0.1975, 0.19475, 0.19375, 0.1675, 0.19975, 0.20075, 0.1975, 0.193, 0.1995, 0.19625, 0.19325, 0.19975, 0.197, 0.184, 0.17175, 0.188, 0.199, 0.1865, 0.1945, 0.19425, 0.20075, 0.19575, 0.20125, 0.191, 0.20075, 0.20325, 0.196, 0.20475, 0.20475, 0.20225, 0.20375, 0.201, 0.20225, 0.206, 0.20575, 0.2055, 0.2035, 0.2025, 0.206, 0.20625, 0.20175, 0.203, 0.20275, 0.1985, 0.2015, 0.19675, 0.20525, 0.20625, 0.204, 0.204, 0.20225, 0.207, 0.2015, 0.20475, 0.20375, 0.20725, 0.20425, 0.20775, 0.20775, 0.20825, 0.208, 0.20825, 0.209, 0.207, 0.20875, 0.208, 0.20675, 0.20825, 0.209, 0.20925, 0.209, 0.209, 0.20925, 0.20875, 0.20925, 0.20925, 0.20925, 0.20925, 0.20925, 0.20875, 0.20925, 0.20875, 0.20675]
[seed 0] -> cvx test_acc=0.1932 , snn test_acc=0.1922
[final test results] cvx=0.193200±0.000000 , snn=0.192200±0.000000 , delta=0.001000±0.000000

--- 20260226_064426 mnist_seq L=2 T=7 ---
[info] mnist_seq, L=2, T=7, P_in=2000, P_rec=2000, P_last=8000, n_train_total=5000, n_test=5000
[seed 0] -> cvx best beta=1e-06 lr=0.001 => train_loss_history=[2.2623581857681274, 1.3451229610443116, 1.0789631748199462, 0.9073203673362732, 0.7638270459175109, 0.6624189984798431, 0.5629127726554871, 0.5077760806083679, 0.4446922092437744, 0.38971944332122804, 0.33653766417503356, 0.2902181646823883, 0.25226900696754456, 0.23766562581062317, 0.2055482063293457, 0.18402622520923614, 0.16374863147735597, 0.15116692614555358, 0.1392289983034134, 0.12564524447917938, 0.11314226412773132, 0.10728625148534775, 0.09938811129331589, 0.09265582686662674, 0.08275075453519821, 0.07645560306310653, 0.07229750460386276, 0.06649214762449264, 0.0630456714630127, 0.059966540336608885, 0.055721961945295335, 0.05302147904038429, 0.052309462070465086, 0.05143942707777023, 0.04967470547556877, 0.048417544454336166, 0.047097796678543094, 0.046354561686515805, 0.044498983174562454, 0.04364493158459663, 0.04243171602487564, 0.04179982373118401, 0.04098701524734497, 0.03951219728589058, 0.038507105767726896, 0.03768973550200462, 0.03680971848964691, 0.036113619834184645, 0.035414733707904815, 0.034467856109142304, 0.033722949385643006, 0.0331273065507412, 0.03216239973902702, 0.031713530153036115, 0.030927376836538314, 0.030139357984066008, 0.02948452764749527, 0.02884104037284851, 0.02815291751921177, 0.027521317183971404, 0.02679263047873974, 0.026530676245689392, 0.026309144973754882, 0.026085455521941185, 0.025693894416093828, 0.02539264154434204, 0.025167369678616523, 0.024958681374788284, 0.024610904663801194, 0.024290720611810684, 0.024126135155558587, 0.023770149141550064, 0.023631384119391443, 0.02330049030482769, 0.023017677769064902, 0.022784700855612756, 0.022543877363204956, 0.022418908506631852, 0.022092905044555664, 0.02189808115363121, 0.02164290152490139, 0.021400804951786995, 0.021239346519112585, 0.020889743506908417, 0.02068522319197655, 0.020391646951436998, 0.020282129034399986, 0.020016414001584052, 0.01976001501083374, 0.019548631303012372, 0.019378743961453438, 0.019145678251981737, 0.019032838895916938, 0.018932544231414796, 0.01885390865802765, 0.01874952346086502, 0.01861324767768383, 0.018537539064884187, 0.01837602472305298, 0.01835732853412628, 0.018205069079995154, 0.018044973105192184, 0.018001910611987113, 0.017880774945020675, 0.01776752698421478, 0.017657620817422868, 0.017534489318728447, 0.017396450370550157, 0.017309921130537986, 0.01721434509754181, 0.017076144322752954, 0.017017495915293692, 0.016899754196405412, 0.016779097959399223, 0.01664807067811489, 0.01654506453871727, 0.016456084340810775, 0.016315278872847557, 0.01622894411534071, 0.016105311557650565, 0.015966983556747437, 0.015888857871294022, 0.01584882754087448, 0.015780697524547575, 0.01571614809334278, 0.01570774559676647, 0.01563844786584377, 0.015579460367560386, 0.015522997379302978, 0.015446566984057426, 0.015388911589980125, 0.015364123746752738, 0.0152811199426651, 0.015216271847486496, 0.015179192632436752, 0.015101714134216309, 0.01503773882985115, 0.014984966911375523, 0.014916557416319847, 0.014889118388295174, 0.014814288504421711, 0.014737067341804504, 0.014679247960448265, 0.014604240708053112, 0.014570107489824295, 0.014525071144104004, 0.014450769662857056, 0.014389240771532058, 0.014331141039729118, 0.014256359599530697] , train_acc_history=[0.53, 0.658, 0.7085, 0.796, 0.84075, 0.86075, 0.86225, 0.9195, 0.9285, 0.971, 0.9785, 0.987, 0.98925, 0.99625, 0.997, 0.99875, 0.998, 0.999, 0.99975, 1.0, 1.0, 1.0, 0.99975, 0.99975, 1.0, 1.0, 1.0, 1.0, 1.0, 1.0, 1.0, 1.0, 1.0, 1.0, 1.0, 1.0, 1.0, 1.0, 1.0, 1.0, 1.0, 1.0, 1.0, 1.0, 1.0, 1.0, 1.0, 1.0, 1.0, 1.0, 1.0, 1.0, 1.0, 1.0, 1.0, 1.0, 1.0, 1.0, 1.0, 1.0, 1.0, 1.0, 1.0, 1.0, 1.0, 1.0, 1.0, 1.0, 1.0, 1.0, 1.0, 1.0, 1.0, 1.0, 1.0, 1.0, 1.0, 1.0, 1.0, 1.0, 1.0, 1.0, 1.0, 1.0, 1.0, 1.0, 1.0, 1.0, 1.0, 1.0, 1.0, 1.0, 1.0, 1.0, 1.0, 1.0, 1.0, 1.0, 1.0, 1.0, 1.0, 1.0, 1.0, 1.0, 1.0, 1.0, 1.0, 1.0, 1.0, 1.0, 1.0, 1.0, 1.0, 1.0, 1.0, 1.0, 1.0, 1.0, 1.0, 1.0, 1.0, 1.0, 1.0, 1.0, 1.0, 1.0, 1.0, 1.0, 1.0, 1.0, 1.0, 1.0, 1.0, 1.0, 1.0, 1.0, 1.0, 1.0, 1.0, 1.0, 1.0, 1.0, 1.0, 1.0, 1.0, 1.0, 1.0, 1.0, 1.0, 1.0] , val_score=0.668 || snn => train_loss_history=[1.6161284551620483, 1.15098929977417, 0.9898378415107727, 0.9176559638977051, 0.8113371362686157, 0.7538552799224854, 0.7419027285575867, 0.7005488586425781, 0.6407564926147461, 0.6202463545799255, 0.5752469906806946, 0.5364749610424042, 0.5176835246086121, 0.5025887322425843, 0.46031688499450685, 0.4311366195678711, 0.42043651723861697, 0.3856261005401611, 0.3838752431869507, 0.3611023325920105, 0.3243486018180847, 0.3128778305053711, 0.2776951608657837, 0.2799694118499756, 0.29669766569137573, 0.2773071870803833, 0.2413816887140274, 0.21469227027893067, 0.22522660303115843, 0.24928586822748183, 0.17023428684473038, 0.11246798205375672, 0.08813503086566925, 0.07291009169816971, 0.063740294277668, 0.05475312244892121, 0.04997859710454941, 0.04275464224815369, 0.03875774472951889, 0.03635348543524742, 0.031397384881973266, 0.029449234381318093, 0.027006511703133583, 0.025501054376363755, 0.023111317694187165, 0.022801814541220666, 0.021136114329099655, 0.02002455881237984, 0.018817616894841193, 0.017977358788251876, 0.017100314408540727, 0.016458569668233395, 0.015508627876639366, 0.015060071617364883, 0.014520562559366226, 0.013868350110948086, 0.013014105916023254, 0.013105699121952056, 0.01243555561453104, 0.012455423042178154, 0.011397671200335026, 0.010534365698695182, 0.010359663739800453, 0.010083468146622181, 0.009910709835588932, 0.009790427640080451, 0.009601898521184921, 0.00943621151149273, 0.00919303610920906, 0.009122868783771991, 0.008851373791694641, 0.00882270923256874, 0.00872161141037941, 0.008422268345952034, 0.008429768696427345, 0.008189035698771477, 0.00814620005339384, 0.007961711794137955, 0.007744994428008795, 0.00770587882399559, 0.007468262247741222, 0.007444738395512104, 0.00742083777487278, 0.007331760127097368, 0.007122839637100697, 0.0069159487001597885, 0.006935074627399444, 0.006881998345255852, 0.006748432785272598, 0.006579234074801207, 0.006217730361968279, 0.006154655199497938, 0.006115184195339679, 0.005984787814319134, 0.005949598602950573, 0.005895097948610783, 0.005757839605212212, 0.005740035768598318, 0.005728161603212357, 0.00565274103730917, 0.005787057146430016, 0.005595004789531231, 0.005648166850209236, 0.005519718278199435, 0.005528553709387779, 0.005454434148967266, 0.005407432533800602, 0.005379361789673567, 0.005420811653137207, 0.005242549628019333, 0.005347828298807144, 0.0052094546556472774, 0.005240692749619484, 0.005024018466472626, 0.005085499383509159, 0.005084894929081201, 0.004989631146192551, 0.004892334531992674, 0.004918828964233398, 0.004803281364962458, 0.004808742858469486, 0.004655348964035511, 0.0046791861727833745, 0.004555132560431957, 0.004576782464981079, 0.004527661027386784, 0.004440540904179216, 0.004466484881937504, 0.004454228777438402, 0.004408070903271437, 0.004437227956950665, 0.0044114187769591804, 0.004341317925602197, 0.0043123519718647006, 0.004383491035550833, 0.004301245335489512, 0.004262265315279365, 0.004284098826348782, 0.004294292010366916, 0.004187054634094238, 0.0041850904319435354, 0.004234491564333439, 0.004110647918656468, 0.004026325471699238, 0.004053260594606399, 0.0040277445204555985, 0.004089521016925573, 0.003966084204614162, 0.003906563445925712, 0.003952646743506193] , train_acc_history=[0.58775, 0.69275, 0.7105, 0.75375, 0.785, 0.797, 0.80625, 0.8085, 0.79975, 0.83225, 0.863, 0.86625, 0.85475, 0.88325, 0.9075, 0.9045, 0.907, 0.8945, 0.9035, 0.92725, 0.93875, 0.944, 0.9645, 0.9525, 0.93775, 0.95875, 0.969, 0.95225, 0.94625, 0.952, 0.9895, 0.997, 0.9985, 0.9985, 0.99925, 1.0, 1.0, 1.0, 1.0, 1.0, 1.0, 1.0, 1.0, 1.0, 1.0, 1.0, 1.0, 1.0, 1.0, 1.0, 1.0, 1.0, 1.0, 1.0, 1.0, 1.0, 1.0, 1.0, 1.0, 1.0, 1.0, 1.0, 1.0, 1.0, 1.0, 1.0, 1.0, 1.0, 1.0, 1.0, 1.0, 1.0, 1.0, 1.0, 1.0, 1.0, 1.0, 1.0, 1.0, 1.0, 1.0, 1.0, 1.0, 1.0, 1.0, 1.0, 1.0, 1.0, 1.0, 1.0, 1.0, 1.0, 1.0, 1.0, 1.0, 1.0, 1.0, 1.0, 1.0, 1.0, 1.0, 1.0, 1.0, 1.0, 1.0, 1.0, 1.0, 1.0, 1.0, 1.0, 1.0, 1.0, 1.0, 1.0, 1.0, 1.0, 1.0, 1.0, 1.0, 1.0, 1.0, 1.0, 1.0, 1.0, 1.0, 1.0, 1.0, 1.0, 1.0, 1.0, 1.0, 1.0, 1.0, 1.0, 1.0, 1.0, 1.0, 1.0, 1.0, 1.0, 1.0, 1.0, 1.0, 1.0, 1.0, 1.0, 1.0, 1.0, 1.0, 1.0]
[seed 0] -> cvx test_acc=0.589 , snn test_acc=0.7086
[final test results] cvx=0.589000±0.000000 , snn=0.708600±0.000000 , delta=-0.119600±0.000000

--- 20260226_140218 mnist_seq L=2 T=7 ---
[info] mnist_seq, L=2, T=7, P_in=2000, P_rec=2000, P_last=10000, n_train_total=5000, n_test=5000
[seed 0] -> cvx best beta=1e-06 lr=0.005 => train_loss_history=[9.937538455963134, 1.7616632986068725, 0.8749418563842773, 0.5178312649726867, 0.3064390969276428, 0.17140888047218322, 0.1602452187538147, 0.08187873315811157, 0.058433386147022245, 0.04938319307565689, 0.04014627441763878, 0.03490188720822334, 0.0317444621026516, 0.028467052340507507, 0.025652876421809197, 0.023429183885455132, 0.021731585904955865, 0.020030575290322303, 0.01861483931541443, 0.018096174120903016, 0.016922515153884887, 0.015569687567651272, 0.015354855671525001, 0.014429515562951564, 0.013861882776021957, 0.013320935517549514, 0.012781556442379952, 0.012306520029902459, 0.011672087498009204, 0.011204870775341987, 0.010764977507293225, 0.010547584727406502, 0.010368401609361172, 0.010229788199067115, 0.01005427596718073, 0.009969597078859806, 0.009765633910894394, 0.00963058978319168, 0.009511777296662331, 0.009377880960702896, 0.009268205963075161, 0.009119045823812484, 0.008968916356563567, 0.00891503293067217, 0.00881068081408739, 0.00866417157649994, 0.008528878450393677, 0.00846472779661417, 0.008362950302660465, 0.008242085382342338, 0.00810508805513382, 0.00807252186536789, 0.007959851659834385, 0.007849714860320092, 0.007751898199319839, 0.007668603949248791, 0.0076016937755048275, 0.0075714288577437405, 0.007438221167773008, 0.007347146965563297, 0.00726559717208147, 0.0072251387536525725, 0.007175047524273396, 0.007149273943156004, 0.007108916588127613, 0.007072521954774856, 0.007049203336238861, 0.006998962998390198, 0.00697198149189353, 0.006947010651230812, 0.006904681764543057, 0.006871898047626018, 0.006837415337562561, 0.006806601203978062, 0.006776441443711519, 0.0067380296215415, 0.00670817657187581, 0.006678195230662823, 0.006642141550779343, 0.006610689118504524, 0.0065776738040149215, 0.006545392200350762, 0.006520495787262917, 0.006488821849226951, 0.00645725453644991, 0.006443218193948269, 0.00640291240811348, 0.006362436830997467, 0.006331975609064102, 0.006311066545546055, 0.006257243104279041, 0.006247044503688812, 0.006228987913578748, 0.006219532981514931, 0.006205064386129379, 0.006182953827083111, 0.00617430255189538, 0.00616427318751812, 0.0061439195945858956, 0.006136875055730343, 0.0061182273775339125, 0.006113400653004647, 0.006094851672649383, 0.006080126184970141, 0.006060348816215992, 0.0060443924218416215, 0.0060281938090920445, 0.006016820684075355, 0.006014606926590204, 0.0059874054081738, 0.00597198249399662, 0.005955036085098982, 0.005946402087807655, 0.005922932866960764, 0.0059057575650513176, 0.005898268237709999, 0.00587544634193182, 0.005867773663252592, 0.005850084278732538, 0.005832855850458145, 0.005814013734459877, 0.005807855602353812, 0.005797376215457916, 0.00578930127620697, 0.005781916480511427, 0.005775135807693004, 0.005769372999668122, 0.005765449360013008, 0.0057536915093660355, 0.005744677297770977, 0.005736332885921002, 0.0057262743078172204, 0.005717814650386572, 0.005711086936295033, 0.005703696828335524, 0.005697220541536808, 0.005692556373775005, 0.005685422152280808, 0.005670980367809534, 0.00566183441132307, 0.0056596510037779805, 0.005643212616443634, 0.005636812031269074, 0.0056308706179261205, 0.005623553998768329, 0.005613695055246353, 0.005603449411690235, 0.005599542248994112, 0.005591026224195958, 0.00558050100505352] , train_acc_history=[0.448, 0.6635, 0.83875, 0.82475, 0.961, 0.9625, 0.99025, 0.99975, 1.0, 1.0, 1.0, 1.0, 1.0, 1.0, 1.0, 1.0, 1.0, 1.0, 1.0, 1.0, 1.0, 1.0, 1.0, 1.0, 1.0, 1.0, 1.0, 1.0, 1.0, 1.0, 1.0, 1.0, 1.0, 1.0, 1.0, 1.0, 1.0, 1.0, 1.0, 1.0, 1.0, 1.0, 1.0, 1.0, 1.0, 1.0, 1.0, 1.0, 1.0, 1.0, 1.0, 1.0, 1.0, 1.0, 1.0, 1.0, 1.0, 1.0, 1.0, 1.0, 1.0, 1.0, 1.0, 1.0, 1.0, 1.0, 1.0, 1.0, 1.0, 1.0, 1.0, 1.0, 1.0, 1.0, 1.0, 1.0, 1.0, 1.0, 1.0, 1.0, 1.0, 1.0, 1.0, 1.0, 1.0, 1.0, 1.0, 1.0, 1.0, 1.0, 1.0, 1.0, 1.0, 1.0, 1.0, 1.0, 1.0, 1.0, 1.0, 1.0, 1.0, 1.0, 1.0, 1.0, 1.0, 1.0, 1.0, 1.0, 1.0, 1.0, 1.0, 1.0, 1.0, 1.0, 1.0, 1.0, 1.0, 1.0, 1.0, 1.0, 1.0, 1.0, 1.0, 1.0, 1.0, 1.0, 1.0, 1.0, 1.0, 1.0, 1.0, 1.0, 1.0, 1.0, 1.0, 1.0, 1.0, 1.0, 1.0, 1.0, 1.0, 1.0, 1.0, 1.0, 1.0, 1.0, 1.0, 1.0, 1.0, 1.0] , val_score=0.679 || snn => train_loss_history=[1.67018607711792, 1.2884153518676758, 1.1359561719894409, 1.1099678983688355, 1.0344128170013427, 0.9528027582168579, 0.920551929473877, 0.866053539276123, 0.8052727298736573, 0.7941650223731994, 0.8531280736923218, 0.9095999813079834, 0.7456194524765014, 0.7491596565246582, 0.6848223190307617, 0.7317660999298096, 0.7489594593048096, 0.7769271016120911, 0.6597641835212708, 0.671990993976593, 0.6708694410324096, 0.6944892740249634, 0.6398757703304291, 0.6900711183547974, 0.6221730899810791, 0.7598866691589355, 0.648008355140686, 0.6355309839248657, 0.6480298175811767, 0.6529503021240234, 0.459022173166275, 0.3355881969928741, 0.2826342709064484, 0.25969568705558777, 0.22389226400852202, 0.2138745083808899, 0.20208730220794677, 0.19415653574466704, 0.19226520609855652, 0.16796074485778809, 0.14958419847488402, 0.1422747985124588, 0.14568951272964478, 0.13274023151397704, 0.13498761409521104, 0.11163966953754426, 0.10876442646980286, 0.1091430766582489, 0.10806522560119629, 0.08488543125987053, 0.07846902155876159, 0.08359268635511398, 0.08448924255371094, 0.0706744218468666, 0.06099110299348831, 0.056915769815444946, 0.05687914289534092, 0.04328062507510185, 0.04109393286705017, 0.037698104843497275, 0.028153617858886718, 0.021175739556550978, 0.01799923571944237, 0.016478174708783627, 0.015310263395309448, 0.01449839148670435, 0.013573284536600113, 0.012871197707951068, 0.012066220536828041, 0.011408731564879418, 0.010981384016573429, 0.010528699927031994, 0.010340087041258812, 0.009927395693957806, 0.009840337216854095, 0.00940167874097824, 0.00901269207522273, 0.008786422081291675, 0.00843132671713829, 0.008318235374987125, 0.008049790494143963, 0.00786626909673214, 0.007674336977303028, 0.007724972054362297, 0.007442896530032158, 0.007115259453654289, 0.006860901422798634, 0.006611526966094971, 0.0066303154081106186, 0.006443910658359527, 0.005977561578154564, 0.005704673461616039, 0.005610956147313118, 0.00568014282733202, 0.005568747904151678, 0.0053551850840449335, 0.0053373689353466034, 0.0052140215858817104, 0.005158509746193886, 0.00506996838003397, 0.004938806179910898, 0.004862353462725877, 0.004836620975285769, 0.0047775178775191305, 0.004778320997953415, 0.004743706952780485, 0.004649931911379099, 0.004536931127309799, 0.004547367341816425, 0.004404737230390311, 0.004309817045927047, 0.004248090831562877, 0.0042178877964615825, 0.004114599982276559, 0.003999198738485575, 0.003994842696934939, 0.00391824765689671, 0.003932807713747024, 0.0038302045464515687, 0.003815420638769865, 0.0036739162392914297, 0.0035676479414105417, 0.003552214816212654, 0.0034702832959592343, 0.003473517434671521, 0.0034600072074681522, 0.0034268668070435524, 0.0033932569418102503, 0.0033693096451461314, 0.00335347293689847, 0.0032855272591114045, 0.003234674034640193, 0.0032318252623081208, 0.003255479192361236, 0.0031733277663588523, 0.00312194281257689, 0.0031346532925963402, 0.0030910824351012708, 0.003097168141975999, 0.0030422940813004972, 0.0030423478074371813, 0.0030294858720153572, 0.0030007057022303344, 0.0029453004263341426, 0.002920726004987955, 0.002942041281610727, 0.0028719654586166145, 0.002854330312460661, 0.0028061965759843587, 0.0027996634654700757] , train_acc_history=[0.55675, 0.60075, 0.65425, 0.6525, 0.7135, 0.6925, 0.759, 0.77125, 0.748, 0.71925, 0.7305, 0.7115, 0.79675, 0.792, 0.792, 0.75375, 0.75625, 0.82575, 0.78325, 0.783, 0.783, 0.74725, 0.7555, 0.799, 0.74975, 0.75075, 0.82375, 0.79775, 0.82225, 0.8295, 0.902, 0.92175, 0.94075, 0.93725, 0.93725, 0.95325, 0.97175, 0.96425, 0.97175, 0.97925, 0.97825, 0.975, 0.97625, 0.9815, 0.9865, 0.97475, 0.98725, 0.98925, 0.9895, 0.99075, 0.99, 0.9915, 0.996, 0.99625, 0.997, 0.9975, 0.998, 0.9985, 0.99975, 0.99975, 1.0, 1.0, 1.0, 1.0, 1.0, 1.0, 1.0, 1.0, 1.0, 1.0, 1.0, 1.0, 1.0, 1.0, 1.0, 1.0, 1.0, 1.0, 1.0, 1.0, 1.0, 1.0, 1.0, 1.0, 1.0, 1.0, 1.0, 1.0, 1.0, 1.0, 1.0, 1.0, 1.0, 1.0, 1.0, 1.0, 1.0, 1.0, 1.0, 1.0, 1.0, 1.0, 1.0, 1.0, 1.0, 1.0, 1.0, 1.0, 1.0, 1.0, 1.0, 1.0, 1.0, 1.0, 1.0, 1.0, 1.0, 1.0, 1.0, 1.0, 1.0, 1.0, 1.0, 1.0, 1.0, 1.0, 1.0, 1.0, 1.0, 1.0, 1.0, 1.0, 1.0, 1.0, 1.0, 1.0, 1.0, 1.0, 1.0, 1.0, 1.0, 1.0, 1.0, 1.0, 1.0, 1.0, 1.0, 1.0, 1.0, 1.0]
[seed 0] -> cvx test_acc=0.5794 , snn test_acc=0.692
[final test results] cvx=0.579400±0.000000 , snn=0.692000±0.000000 , delta=-0.112600±0.000000

--- 20260227_025718 two_step_xor_seq L=3 T=12 ---
[info] two_step_xor_seq, L=3, T=12, P_in=12000, P_rec=12000, P_last=8000, n_train_total=8000, n_test=5000
[seed 0] -> cvx best beta=1e-06 lr=0.01 => train_loss_history=[3.8336484241485596, 1.0828682708740234, 1.6934938204288483, 1.035226547718048, 1.1542660492658614, 1.9799543005228042, 1.243121293783188, 0.9223597365617752, 0.551387124657631, 1.2156671684980394, 1.3191642212867736, 1.6254076087474822, 0.6579687732458115, 0.4561221441626549, 0.6331142669916153, 0.49881000846624374, 0.5225319054722786, 1.0104563003778457, 0.780432687997818, 0.8142747551202774, 0.4213998854160309, 0.6676591348648071, 0.9785168209671974, 0.45691199153661727, 0.44072163343429566, 0.5073398089408875, 0.5042312145233154, 0.6866109400987626, 0.5317562532424926, 0.35195391267538073, 0.30802206993103026, 0.23808375656604766, 0.28073814868927, 0.24618851274251938, 0.2457776565849781, 0.22271230712532997, 0.24523428186774254, 0.27110235780477526, 0.23110790997743608, 0.19337754622101783, 0.2251879808306694, 0.18982260450720786, 0.18240251526236534, 0.2406973072886467, 0.23289037123322487, 0.19261241495609283, 0.19700474396348, 0.27551247462630274, 0.2592177648842335, 0.3107756920158863, 0.23420632019639015, 0.18808365248143674, 0.15724725127220154, 0.15078135557472705, 0.21246471032500266, 0.2080641658604145, 0.17673681318759918, 0.274539874792099, 0.15175961524248124, 0.30442843951284887, 0.14916319631040095, 0.09999726429581642, 0.12352833084762097, 0.09653354797512292, 0.10046841856092215, 0.10845653098076583, 0.0931969603151083, 0.08978577129542828, 0.09606346979737282, 0.10355427771806718, 0.08795314736664295, 0.0873580215126276, 0.07271724976599217, 0.11326088704168796, 0.08166274908930063, 0.10172698881477117, 0.08202808057889342, 0.07861666228622198, 0.1098921262472868, 0.08974264156073332, 0.14027830511331557, 0.11234400119632483, 0.1574282095581293, 0.07519465528428554, 0.07641493279486894, 0.08106905732303858, 0.07051130134612321, 0.07712369188666343, 0.0744080275297165, 0.06544937621802091, 0.05550985265523195, 0.04714877111837268, 0.05927609378471971, 0.04454967688769102, 0.048938576281070706, 0.06153039675205946, 0.05003416055813432, 0.04354768823832274, 0.04669378243386745, 0.057946317233145236, 0.03515139645896852, 0.037056596456095575, 0.05158595597371459, 0.06526251068338752, 0.03672370487824082, 0.03707662353292108, 0.03915007146075368, 0.048113906346261504, 0.039431508220732214, 0.038756751846522094, 0.030596571369096638, 0.04732698731124401, 0.05589203614741564, 0.04802069697529077, 0.03400882687419653, 0.03626524331048131, 0.03697146512567997, 0.03658777325414121, 0.046723968889564274, 0.04542226037941873, 0.02676916013471782, 0.025966235380619766, 0.022647120389156044, 0.0215839521959424, 0.019621912324801087, 0.022037944896146654, 0.021542681935243307, 0.01947411716915667, 0.020229905594605954, 0.019284602627158164, 0.017752430436667056, 0.017235420285724102, 0.01659065059851855, 0.02068921411409974, 0.021694261403754352, 0.01682579099200666, 0.021061916486360133, 0.01537513427902013, 0.02092072496190667, 0.02559810400940478, 0.022280305945314466, 0.017297137959394603, 0.014276793897151948, 0.01782559433951974, 0.013792188258375972, 0.014953864051494747, 0.0485575183480978, 0.021293875095434487, 0.018741052765399217, 0.018607095039915294] , train_acc_history=[0.57171875, 0.56046875, 0.67359375, 0.53109375, 0.60484375, 0.66078125, 0.72953125, 0.8, 0.76953125, 0.76078125, 0.596875, 0.69640625, 0.8140625, 0.86453125, 0.83234375, 0.7803125, 0.8553125, 0.8190625, 0.8284375, 0.67640625, 0.814375, 0.6546875, 0.8534375, 0.86703125, 0.8928125, 0.901875, 0.61078125, 0.77296875, 0.8928125, 0.80328125, 0.92015625, 0.88265625, 0.9190625, 0.9303125, 0.90953125, 0.91609375, 0.9340625, 0.92015625, 0.9434375, 0.88203125, 0.94109375, 0.95609375, 0.88984375, 0.8590625, 0.8534375, 0.95234375, 0.74828125, 0.9465625, 0.95125, 0.9315625, 0.94703125, 0.9440625, 0.9659375, 0.75796875, 0.95078125, 0.8571875, 0.88921875, 0.960625, 0.7375, 0.91171875, 0.9746875, 0.95984375, 0.96421875, 0.979375, 0.9725, 0.97671875, 0.98046875, 0.9753125, 0.98140625, 0.97765625, 0.98453125, 0.98078125, 0.98328125, 0.9709375, 0.98046875, 0.98375, 0.9834375, 0.9859375, 0.97859375, 0.92734375, 0.976875, 0.973125, 0.98671875, 0.98453125, 0.98734375, 0.98765625, 0.98609375, 0.98171875, 0.99, 0.98828125, 0.9896875, 0.9884375, 0.990625, 0.9903125, 0.9890625, 0.9890625, 0.9903125, 0.99015625, 0.9909375, 0.99140625, 0.991875, 0.99140625, 0.9875, 0.9921875, 0.99203125, 0.991875, 0.99109375, 0.99265625, 0.99140625, 0.993125, 0.99359375, 0.9878125, 0.9934375, 0.99359375, 0.9940625, 0.99390625, 0.9940625, 0.99375, 0.99421875, 0.99484375, 0.9946875, 0.99453125, 0.9946875, 0.99515625, 0.9946875, 0.99515625, 0.9953125, 0.99546875, 0.99578125, 0.99546875, 0.99578125, 0.995625, 0.99578125, 0.99578125, 0.9959375, 0.99609375, 0.99609375, 0.99625, 0.9965625, 0.99640625, 0.99640625, 0.9965625, 0.99640625, 0.9965625, 0.99671875, 0.99640625, 0.9971875, 0.99671875, 0.996875, 0.99703125] , val_score=0.551875 || snn => train_loss_history=[2.755709775686264, 1.9277855849266052, 1.4196967959403992, 2.036292304992676, 1.9213758075237275, 2.502246356010437, 2.1447143852710724, 1.7751018190383911, 1.8596416771411897, 2.3574514174461365, 1.8890614426136016, 2.787015612125397, 2.164571406841278, 1.9300348520278932, 1.4843731331825256, 1.9513317632675171, 3.5206374764442443, 1.3347169435024262, 1.6506593894958497, 2.2730616343021395, 2.088793240785599, 1.887384363412857, 2.094691879749298, 2.044746218919754, 1.7334753561019898, 2.0335531783103944, 1.8928511977195739, 1.2025287234783173, 2.0249536383152007, 1.7954199171066285, 1.5324871563911437, 1.3852717447280884, 1.187716805934906, 1.3091731417179107, 1.2603417551517486, 1.2626306486129761, 1.1721458506584168, 1.2516557967662811, 1.1236993896961212, 1.1226894319057465, 1.1738457441329957, 1.0805557763576508, 1.0764652395248413, 1.4021759176254271, 1.5425992476940156, 1.1785951960086822, 1.1026671838760376, 1.2852425491809845, 1.2572081971168518, 1.234174462556839, 1.4665594291687012, 1.3269469010829926, 1.1129037570953368, 1.1424545562267303, 1.3624080526828766, 1.1349061715602875, 1.0807662904262543, 1.202218074798584, 1.1592906820774078, 1.2196874177455903, 1.0118053996562957, 1.1387320864200592, 1.0640703630447388, 1.076274790763855, 1.1470381689071656, 1.0396275687217713, 1.0378330886363982, 1.0318338000774383, 1.0494503557682038, 1.1248441135883331, 1.0705618107318877, 1.1579250395298004, 1.2504454720020295, 1.1031184852123261, 1.1385210716724397, 1.1381675279140473, 1.0714411628246308, 1.084343181848526, 1.2016608822345733, 1.0888720202445983, 1.1613388752937317, 1.047581114768982, 1.0525359773635865, 1.0497067964076996, 1.0125232279300689, 1.0417363953590393, 1.0451764643192292, 1.0458762526512146, 1.1256987857818603, 1.0856208515167236, 1.030975363254547, 1.0256703186035157, 1.0015540289878846, 1.0026596784591675, 1.0078215086460114, 0.99488352060318, 1.0733362805843354, 1.0576015138626098, 0.9987860083580017, 1.002728478908539, 0.9955572593212128, 1.0437985098361968, 1.0267377042770385, 1.0386513900756835, 1.0152320981025695, 1.0374086165428162, 1.0563477790355682, 1.0575620019435883, 1.0272377514839173, 1.0929708778858185, 1.0351913952827454, 1.045485508441925, 1.0505079853534698, 1.0141223299503326, 1.072825345993042, 1.0296957504749298, 1.0145784163475036, 1.051452121734619, 1.0084432899951934, 1.0141375660896301, 1.0242663717269898, 1.008510684967041, 1.0120856487751007, 1.017649976015091, 1.0015098285675048, 1.0106989526748658, 1.0211513495445252, 1.0017068123817443, 0.9978542757034302, 0.9899510908126831, 1.0067890334129332, 1.00283132314682, 1.0031065952777862, 1.02028156042099, 0.9993439364433289, 1.0034593808650971, 1.0017602050304413, 1.007315580844879, 1.0063885390758514, 0.995171743631363, 1.0089475679397584, 1.013160914182663, 1.0102466058731079, 1.0006819069385529, 1.02894704580307, 1.0022629284858704, 1.0092616605758666, 1.0133514666557313, 1.006901284456253, 1.018693472146988] , train_acc_history=[0.49515625, 0.49953125, 0.49953125, 0.49953125, 0.4996875, 0.50046875, 0.49953125, 0.49953125, 0.50046875, 0.50046875, 0.49953125, 0.50046875, 0.50046875, 0.50046875, 0.50046875, 0.50046875, 0.49953125, 0.50046875, 0.50046875, 0.49953125, 0.50046875, 0.50046875, 0.50046875, 0.49953125, 0.49953125, 0.50046875, 0.50046875, 0.50046875, 0.50046875, 0.50046875, 0.49953125, 0.50046875, 0.50046875, 0.49953125, 0.49953125, 0.50046875, 0.49953125, 0.49984375, 0.49953125, 0.50046875, 0.50046875, 0.50046875, 0.50046875, 0.50046875, 0.50046875, 0.49953125, 0.50046875, 0.50046875, 0.50046875, 0.49984375, 0.4996875, 0.49953125, 0.50046875, 0.50046875, 0.4996875, 0.50046875, 0.49984375, 0.4996875, 0.50046875, 0.49984375, 0.50046875, 0.50046875, 0.50046875, 0.50046875, 0.50046875, 0.49984375, 0.49984375, 0.4996875, 0.49984375, 0.49984375, 0.50046875, 0.49953125, 0.49984375, 0.49953125, 0.49984375, 0.4996875, 0.50046875, 0.49953125, 0.49984375, 0.50046875, 0.49984375, 0.49953125, 0.49953125, 0.49984375, 0.50046875, 0.5, 0.500625, 0.49984375, 0.49953125, 0.50046875, 0.50046875, 0.49984375, 0.49984375, 0.50046875, 0.50046875, 0.50046875, 0.50046875, 0.50046875, 0.49984375, 0.500625, 0.50078125, 0.50046875, 0.50046875, 0.50046875, 0.50046875, 0.50046875, 0.4996875, 0.4996875, 0.50046875, 0.4996875, 0.500625, 0.50046875, 0.50046875, 0.49984375, 0.49984375, 0.50046875, 0.50046875, 0.5, 0.50046875, 0.50046875, 0.5, 0.5, 0.50046875, 0.50046875, 0.50046875, 0.500625, 0.50046875, 0.500625, 0.50046875, 0.49984375, 0.50046875, 0.50046875, 0.49984375, 0.49984375, 0.49984375, 0.50046875, 0.50046875, 0.50078125, 0.50046875, 0.50046875, 0.49984375, 0.50046875, 0.5, 0.49984375, 0.49984375, 0.50046875, 0.50046875, 0.5, 0.50046875, 0.50046875]
[seed 0] -> cvx test_acc=0.5424 , snn test_acc=0.5096
[final test results] cvx=0.542400±0.000000 , snn=0.509600±0.000000 , delta=0.032800±0.000000