[cvx-run] method=sgd beta=0.01 lr=0.001 bias=-1 batch_size=full(6000) n_train=6000
[cvx-sgd] epoch=10/200 train_loss=2.022355 val_loss=2.047855 train_obj=2.070971 val_obj=2.096472 train_acc=0.3573 val_acc=0.3320
[cvx-sgd] epoch=20/200 train_loss=1.527506 val_loss=1.560421 train_obj=1.581010 val_obj=1.613925 train_acc=0.4885 val_acc=0.4650
[cvx-sgd] epoch=30/200 train_loss=1.312711 val_loss=1.364826 train_obj=1.370131 val_obj=1.422246 train_acc=0.5465 val_acc=0.5180
[cvx-sgd] epoch=40/200 train_loss=1.135643 val_loss=1.199956 train_obj=1.196632 val_obj=1.260945 train_acc=0.6410 val_acc=0.6095
[cvx-sgd] epoch=50/200 train_loss=1.028305 val_loss=1.103363 train_obj=1.092929 val_obj=1.167987 train_acc=0.7032 val_acc=0.6700
[cvx-sgd] epoch=60/200 train_loss=0.939835 val_loss=1.025147 train_obj=1.008200 val_obj=1.093512 train_acc=0.7483 val_acc=0.7045
[cvx-sgd] epoch=70/200 train_loss=0.870649 val_loss=0.964780 train_obj=0.942711 val_obj=1.036842 train_acc=0.7748 val_acc=0.7220
[cvx-sgd] epoch=80/200 train_loss=0.812604 val_loss=0.917383 train_obj=0.888247 val_obj=0.993026 train_acc=0.7928 val_acc=0.7390
[cvx-sgd] epoch=90/200 train_loss=0.762254 val_loss=0.875984 train_obj=0.841367 val_obj=0.955096 train_acc=0.8073 val_acc=0.7490
[cvx-sgd] epoch=100/200 train_loss=0.718214 val_loss=0.840117 train_obj=0.800679 val_obj=0.922583 train_acc=0.8198 val_acc=0.7620
[cvx-sgd] epoch=110/200 train_loss=0.679185 val_loss=0.809379 train_obj=0.764856 val_obj=0.895050 train_acc=0.8312 val_acc=0.7695
[cvx-sgd] epoch=120/200 train_loss=0.644290 val_loss=0.782348 train_obj=0.733006 val_obj=0.871064 train_acc=0.8412 val_acc=0.7805
[cvx-sgd] epoch=130/200 train_loss=0.612846 val_loss=0.758365 train_obj=0.704468 val_obj=0.849987 train_acc=0.8507 val_acc=0.7885
[cvx-sgd] epoch=140/200 train_loss=0.584313 val_loss=0.737067 train_obj=0.678707 val_obj=0.831462 train_acc=0.8590 val_acc=0.7945
[cvx-sgd] epoch=150/200 train_loss=0.558271 val_loss=0.717989 train_obj=0.655325 val_obj=0.815043 train_acc=0.8657 val_acc=0.7980
[cvx-sgd] epoch=160/200 train_loss=0.534388 val_loss=0.700826 train_obj=0.633969 val_obj=0.800407 train_acc=0.8737 val_acc=0.8015
[cvx-sgd] epoch=170/200 train_loss=0.512385 val_loss=0.685314 train_obj=0.614388 val_obj=0.787317 train_acc=0.8800 val_acc=0.8065
[cvx-sgd] epoch=180/200 train_loss=0.492029 val_loss=0.671233 train_obj=0.596352 val_obj=0.775556 train_acc=0.8852 val_acc=0.8090
[cvx-sgd] epoch=190/200 train_loss=0.473131 val_loss=0.658424 train_obj=0.579668 val_obj=0.764961 train_acc=0.8922 val_acc=0.8105
[cvx-sgd] epoch=200/200 train_loss=0.455526 val_loss=0.646714 train_obj=0.564175 val_obj=0.755363 train_acc=0.8980 val_acc=0.8135
[cvx-run] method=sgd beta=0.01 lr=0.001 bias=-0.5 batch_size=full(6000) n_train=6000
[cvx-sgd] epoch=10/200 train_loss=1.699703 val_loss=1.717543 train_obj=1.749041 val_obj=1.766882 train_acc=0.3928 val_acc=0.3880
[cvx-sgd] epoch=20/200 train_loss=1.385419 val_loss=1.419256 train_obj=1.439962 val_obj=1.473799 train_acc=0.5387 val_acc=0.5265
[cvx-sgd] epoch=30/200 train_loss=1.181586 val_loss=1.236763 train_obj=1.240673 val_obj=1.295851 train_acc=0.6332 val_acc=0.6130
[cvx-sgd] epoch=40/200 train_loss=1.046111 val_loss=1.117914 train_obj=1.109677 val_obj=1.181480 train_acc=0.7070 val_acc=0.6665
[cvx-sgd] epoch=50/200 train_loss=0.940817 val_loss=1.027453 train_obj=1.008887 val_obj=1.095523 train_acc=0.7405 val_acc=0.6990
[cvx-sgd] epoch=60/200 train_loss=0.857547 val_loss=0.954498 train_obj=0.930002 val_obj=1.026952 train_acc=0.7698 val_acc=0.7200
[cvx-sgd] epoch=70/200 train_loss=0.792267 val_loss=0.898197 train_obj=0.868881 val_obj=0.974811 train_acc=0.7907 val_acc=0.7390
[cvx-sgd] epoch=80/200 train_loss=0.737588 val_loss=0.854227 train_obj=0.818090 val_obj=0.934730 train_acc=0.8083 val_acc=0.7475
[cvx-sgd] epoch=90/200 train_loss=0.690866 val_loss=0.817564 train_obj=0.775055 val_obj=0.901752 train_acc=0.8233 val_acc=0.7595
[cvx-sgd] epoch=100/200 train_loss=0.650054 val_loss=0.785656 train_obj=0.737698 val_obj=0.873300 train_acc=0.8357 val_acc=0.7705
[cvx-sgd] epoch=110/200 train_loss=0.614002 val_loss=0.758364 train_obj=0.704924 val_obj=0.849286 train_acc=0.8458 val_acc=0.7770
[cvx-sgd] epoch=120/200 train_loss=0.581781 val_loss=0.734495 train_obj=0.675812 val_obj=0.828526 train_acc=0.8572 val_acc=0.7860
[cvx-sgd] epoch=130/200 train_loss=0.552724 val_loss=0.713244 train_obj=0.649702 val_obj=0.810222 train_acc=0.8658 val_acc=0.7920
[cvx-sgd] epoch=140/200 train_loss=0.526333 val_loss=0.694362 train_obj=0.626111 val_obj=0.794140 train_acc=0.8753 val_acc=0.7995
[cvx-sgd] epoch=150/200 train_loss=0.502216 val_loss=0.677468 train_obj=0.604669 val_obj=0.779921 train_acc=0.8825 val_acc=0.8050
[cvx-sgd] epoch=160/200 train_loss=0.480063 val_loss=0.662285 train_obj=0.585054 val_obj=0.767276 train_acc=0.8885 val_acc=0.8090
[cvx-sgd] epoch=170/200 train_loss=0.459622 val_loss=0.648533 train_obj=0.567040 val_obj=0.755952 train_acc=0.8967 val_acc=0.8125
[cvx-sgd] epoch=180/200 train_loss=0.440692 val_loss=0.636017 train_obj=0.550422 val_obj=0.745748 train_acc=0.9018 val_acc=0.8170
[cvx-sgd] epoch=190/200 train_loss=0.423097 val_loss=0.624628 train_obj=0.535037 val_obj=0.736568 train_acc=0.9077 val_acc=0.8205
[cvx-sgd] epoch=200/200 train_loss=0.406699 val_loss=0.614210 train_obj=0.520755 val_obj=0.728266 train_acc=0.9132 val_acc=0.8220
[cvx-run] method=sgd beta=0.01 lr=0.001 bias=0 batch_size=full(6000) n_train=6000
[cvx-sgd] epoch=10/200 train_loss=1.992460 val_loss=1.994503 train_obj=2.041304 val_obj=2.043347 train_acc=0.3292 val_acc=0.3280
[cvx-sgd] epoch=20/200 train_loss=1.554349 val_loss=1.582161 train_obj=1.608127 val_obj=1.635940 train_acc=0.4697 val_acc=0.4635
[cvx-sgd] epoch=30/200 train_loss=1.337521 val_loss=1.374852 train_obj=1.394851 val_obj=1.432182 train_acc=0.5698 val_acc=0.5565
[cvx-sgd] epoch=40/200 train_loss=1.175816 val_loss=1.234492 train_obj=1.236267 val_obj=1.294944 train_acc=0.6447 val_acc=0.6205
[cvx-sgd] epoch=50/200 train_loss=1.062865 val_loss=1.132478 train_obj=1.126516 val_obj=1.196129 train_acc=0.6985 val_acc=0.6585
[cvx-sgd] epoch=60/200 train_loss=0.977346 val_loss=1.054258 train_obj=1.044396 val_obj=1.121308 train_acc=0.7358 val_acc=0.6925
[cvx-sgd] epoch=70/200 train_loss=0.904456 val_loss=0.995239 train_obj=0.974974 val_obj=1.065758 train_acc=0.7620 val_acc=0.7115
[cvx-sgd] epoch=80/200 train_loss=0.843077 val_loss=0.944041 train_obj=0.917007 val_obj=1.017972 train_acc=0.7865 val_acc=0.7270
[cvx-sgd] epoch=90/200 train_loss=0.790138 val_loss=0.899601 train_obj=0.867388 val_obj=0.976851 train_acc=0.8037 val_acc=0.7440
[cvx-sgd] epoch=100/200 train_loss=0.743771 val_loss=0.862648 train_obj=0.824225 val_obj=0.943102 train_acc=0.8148 val_acc=0.7550
[cvx-sgd] epoch=110/200 train_loss=0.702756 val_loss=0.830048 train_obj=0.786308 val_obj=0.913599 train_acc=0.8287 val_acc=0.7655
[cvx-sgd] epoch=120/200 train_loss=0.666099 val_loss=0.801602 train_obj=0.752641 val_obj=0.888145 train_acc=0.8375 val_acc=0.7745
[cvx-sgd] epoch=130/200 train_loss=0.633078 val_loss=0.776425 train_obj=0.722491 val_obj=0.865838 train_acc=0.8460 val_acc=0.7785
[cvx-sgd] epoch=140/200 train_loss=0.603143 val_loss=0.754031 train_obj=0.695304 val_obj=0.846192 train_acc=0.8563 val_acc=0.7850
[cvx-sgd] epoch=150/200 train_loss=0.575837 val_loss=0.733929 train_obj=0.670646 val_obj=0.828738 train_acc=0.8648 val_acc=0.7915
[cvx-sgd] epoch=160/200 train_loss=0.550802 val_loss=0.715874 train_obj=0.648139 val_obj=0.813212 train_acc=0.8735 val_acc=0.7985
[cvx-sgd] epoch=170/200 train_loss=0.527742 val_loss=0.699509 train_obj=0.627507 val_obj=0.799274 train_acc=0.8813 val_acc=0.8040
[cvx-sgd] epoch=180/200 train_loss=0.506418 val_loss=0.684660 train_obj=0.608514 val_obj=0.786757 train_acc=0.8880 val_acc=0.8080
[cvx-sgd] epoch=190/200 train_loss=0.486628 val_loss=0.671122 train_obj=0.590955 val_obj=0.775448 train_acc=0.8933 val_acc=0.8095
[cvx-sgd] epoch=200/200 train_loss=0.468198 val_loss=0.658751 train_obj=0.574663 val_obj=0.765216 train_acc=0.8980 val_acc=0.8120
[cvx-run] method=sgd beta=0.01 lr=0.001 bias=0.5 batch_size=full(6000) n_train=6000
[cvx-sgd] epoch=10/200 train_loss=2.215004 val_loss=2.219610 train_obj=2.263935 val_obj=2.268541 train_acc=0.3477 val_acc=0.3430
[cvx-sgd] epoch=20/200 train_loss=1.476571 val_loss=1.527848 train_obj=1.529664 val_obj=1.580941 train_acc=0.5010 val_acc=0.4900
[cvx-sgd] epoch=30/200 train_loss=1.286913 val_loss=1.350600 train_obj=1.343833 val_obj=1.407521 train_acc=0.5727 val_acc=0.5495
[cvx-sgd] epoch=40/200 train_loss=1.135977 val_loss=1.199023 train_obj=1.196740 val_obj=1.259787 train_acc=0.6638 val_acc=0.6375
[cvx-sgd] epoch=50/200 train_loss=1.029135 val_loss=1.105481 train_obj=1.093946 val_obj=1.170292 train_acc=0.7082 val_acc=0.6745
[cvx-sgd] epoch=60/200 train_loss=0.940167 val_loss=1.025901 train_obj=1.009049 val_obj=1.094783 train_acc=0.7405 val_acc=0.7025
[cvx-sgd] epoch=70/200 train_loss=0.871368 val_loss=0.968604 train_obj=0.944173 val_obj=1.041409 train_acc=0.7730 val_acc=0.7240
[cvx-sgd] epoch=80/200 train_loss=0.812716 val_loss=0.920275 train_obj=0.889255 val_obj=0.996814 train_acc=0.7905 val_acc=0.7420
[cvx-sgd] epoch=90/200 train_loss=0.761643 val_loss=0.878029 train_obj=0.841777 val_obj=0.958163 train_acc=0.8108 val_acc=0.7575
[cvx-sgd] epoch=100/200 train_loss=0.716939 val_loss=0.842850 train_obj=0.800518 val_obj=0.926429 train_acc=0.8218 val_acc=0.7620
[cvx-sgd] epoch=110/200 train_loss=0.677277 val_loss=0.811889 train_obj=0.764143 val_obj=0.898755 train_acc=0.8323 val_acc=0.7685
[cvx-sgd] epoch=120/200 train_loss=0.641744 val_loss=0.784774 train_obj=0.731752 val_obj=0.874783 train_acc=0.8423 val_acc=0.7770
[cvx-sgd] epoch=130/200 train_loss=0.609691 val_loss=0.760796 train_obj=0.702696 val_obj=0.853801 train_acc=0.8520 val_acc=0.7850
[cvx-sgd] epoch=140/200 train_loss=0.580590 val_loss=0.739444 train_obj=0.676440 val_obj=0.835293 train_acc=0.8618 val_acc=0.7945
[cvx-sgd] epoch=150/200 train_loss=0.554024 val_loss=0.720253 train_obj=0.652601 val_obj=0.818831 train_acc=0.8693 val_acc=0.7975
[cvx-sgd] epoch=160/200 train_loss=0.529654 val_loss=0.703032 train_obj=0.630821 val_obj=0.804200 train_acc=0.8778 val_acc=0.8025
[cvx-sgd] epoch=170/200 train_loss=0.507205 val_loss=0.687451 train_obj=0.610844 val_obj=0.791090 train_acc=0.8855 val_acc=0.8040
[cvx-sgd] epoch=180/200 train_loss=0.486445 val_loss=0.673297 train_obj=0.592453 val_obj=0.779305 train_acc=0.8923 val_acc=0.8070
[cvx-sgd] epoch=190/200 train_loss=0.467183 val_loss=0.660404 train_obj=0.575456 val_obj=0.768676 train_acc=0.8967 val_acc=0.8090
[cvx-sgd] epoch=200/200 train_loss=0.449258 val_loss=0.648608 train_obj=0.559689 val_obj=0.759040 train_acc=0.9020 val_acc=0.8125
[cvx-run] method=sgd beta=0.01 lr=0.001 bias=1 batch_size=full(6000) n_train=6000
[cvx-sgd] epoch=10/200 train_loss=1.806203 val_loss=1.835603 train_obj=1.855457 val_obj=1.884856 train_acc=0.3848 val_acc=0.3610
[cvx-sgd] epoch=20/200 train_loss=1.520301 val_loss=1.588303 train_obj=1.574329 val_obj=1.642332 train_acc=0.4500 val_acc=0.4140
[cvx-sgd] epoch=30/200 train_loss=1.241782 val_loss=1.306322 train_obj=1.299748 val_obj=1.364288 train_acc=0.5960 val_acc=0.5600
[cvx-sgd] epoch=40/200 train_loss=1.105369 val_loss=1.167353 train_obj=1.167158 val_obj=1.229142 train_acc=0.6747 val_acc=0.6505
[cvx-sgd] epoch=50/200 train_loss=0.997833 val_loss=1.074737 train_obj=1.063590 val_obj=1.140495 train_acc=0.7245 val_acc=0.6815
[cvx-sgd] epoch=60/200 train_loss=0.912234 val_loss=1.004448 train_obj=0.981993 val_obj=1.074207 train_acc=0.7555 val_acc=0.7055
[cvx-sgd] epoch=70/200 train_loss=0.843626 val_loss=0.948314 train_obj=0.917248 val_obj=1.021936 train_acc=0.7803 val_acc=0.7240
[cvx-sgd] epoch=80/200 train_loss=0.785577 val_loss=0.899122 train_obj=0.862915 val_obj=0.976459 train_acc=0.7995 val_acc=0.7430
[cvx-sgd] epoch=90/200 train_loss=0.735322 val_loss=0.857921 train_obj=0.816252 val_obj=0.938851 train_acc=0.8170 val_acc=0.7545
[cvx-sgd] epoch=100/200 train_loss=0.691377 val_loss=0.822819 train_obj=0.775753 val_obj=0.907195 train_acc=0.8285 val_acc=0.7675
[cvx-sgd] epoch=110/200 train_loss=0.652491 val_loss=0.791710 train_obj=0.740152 val_obj=0.879372 train_acc=0.8395 val_acc=0.7765
[cvx-sgd] epoch=120/200 train_loss=0.617750 val_loss=0.765184 train_obj=0.708539 val_obj=0.855973 train_acc=0.8493 val_acc=0.7830
[cvx-sgd] epoch=130/200 train_loss=0.586470 val_loss=0.741735 train_obj=0.680245 val_obj=0.835511 train_acc=0.8582 val_acc=0.7900
[cvx-sgd] epoch=140/200 train_loss=0.558110 val_loss=0.720934 train_obj=0.654729 val_obj=0.817553 train_acc=0.8660 val_acc=0.7950
[cvx-sgd] epoch=150/200 train_loss=0.532246 val_loss=0.702351 train_obj=0.631578 val_obj=0.801683 train_acc=0.8730 val_acc=0.8015
[cvx-sgd] epoch=160/200 train_loss=0.508538 val_loss=0.685668 train_obj=0.610461 val_obj=0.787591 train_acc=0.8793 val_acc=0.8035
[cvx-sgd] epoch=170/200 train_loss=0.486716 val_loss=0.670623 train_obj=0.591114 val_obj=0.775021 train_acc=0.8870 val_acc=0.8065
[cvx-sgd] epoch=180/200 train_loss=0.466545 val_loss=0.657000 train_obj=0.573309 val_obj=0.763763 train_acc=0.8947 val_acc=0.8100
[cvx-sgd] epoch=190/200 train_loss=0.447835 val_loss=0.644616 train_obj=0.556861 val_obj=0.753641 train_acc=0.9012 val_acc=0.8130
[cvx-sgd] epoch=200/200 train_loss=0.430429 val_loss=0.633332 train_obj=0.541617 val_obj=0.744520 train_acc=0.9065 val_acc=0.8160
[cvx-run] method=sgd beta=0.01 lr=0.005 bias=-1 batch_size=full(6000) n_train=6000
[cvx-sgd] epoch=10/200 train_loss=5.945893 val_loss=5.767891 train_obj=6.034192 val_obj=5.856190 train_acc=0.2903 val_acc=0.2770
[cvx-sgd] epoch=20/200 train_loss=5.127089 val_loss=5.325795 train_obj=5.233949 val_obj=5.432655 train_acc=0.3505 val_acc=0.3375
[cvx-sgd] epoch=30/200 train_loss=1.910555 val_loss=2.099679 train_obj=2.027356 val_obj=2.216480 train_acc=0.5340 val_acc=0.4960
[cvx-sgd] epoch=40/200 train_loss=1.050188 val_loss=1.178777 train_obj=1.174753 val_obj=1.303341 train_acc=0.6793 val_acc=0.6545
[cvx-sgd] epoch=50/200 train_loss=0.829423 val_loss=0.980492 train_obj=0.958556 val_obj=1.109625 train_acc=0.7352 val_acc=0.6845
[cvx-sgd] epoch=60/200 train_loss=0.672845 val_loss=0.828749 train_obj=0.804697 val_obj=0.960601 train_acc=0.7925 val_acc=0.7315
[cvx-sgd] epoch=70/200 train_loss=0.556499 val_loss=0.717227 train_obj=0.689922 val_obj=0.850650 train_acc=0.8400 val_acc=0.7755
[cvx-sgd] epoch=80/200 train_loss=0.500248 val_loss=0.673636 train_obj=0.634717 val_obj=0.808106 train_acc=0.8672 val_acc=0.7980
[cvx-sgd] epoch=90/200 train_loss=0.462058 val_loss=0.646845 train_obj=0.597555 val_obj=0.782342 train_acc=0.8835 val_acc=0.7990
[cvx-sgd] epoch=100/200 train_loss=0.431114 val_loss=0.624972 train_obj=0.567857 val_obj=0.761715 train_acc=0.8988 val_acc=0.8080
[cvx-sgd] epoch=110/200 train_loss=0.404823 val_loss=0.609816 train_obj=0.542829 val_obj=0.747822 train_acc=0.9098 val_acc=0.8155
[cvx-sgd] epoch=120/200 train_loss=0.381856 val_loss=0.594561 train_obj=0.521288 val_obj=0.733992 train_acc=0.9175 val_acc=0.8225
[cvx-sgd] epoch=130/200 train_loss=0.361311 val_loss=0.583178 train_obj=0.502274 val_obj=0.724140 train_acc=0.9253 val_acc=0.8275
[cvx-sgd] epoch=140/200 train_loss=0.342697 val_loss=0.572306 train_obj=0.485148 val_obj=0.714757 train_acc=0.9312 val_acc=0.8295
[cvx-sgd] epoch=150/200 train_loss=0.325716 val_loss=0.563078 train_obj=0.469679 val_obj=0.707040 train_acc=0.9383 val_acc=0.8315
[cvx-sgd] epoch=160/200 train_loss=0.310123 val_loss=0.554635 train_obj=0.455673 val_obj=0.700185 train_acc=0.9415 val_acc=0.8340
[cvx-sgd] epoch=170/200 train_loss=0.295775 val_loss=0.547081 train_obj=0.442751 val_obj=0.694056 train_acc=0.9463 val_acc=0.8355
[cvx-sgd] epoch=180/200 train_loss=0.282536 val_loss=0.540319 train_obj=0.430963 val_obj=0.688746 train_acc=0.9508 val_acc=0.8375
[cvx-sgd] epoch=190/200 train_loss=0.270294 val_loss=0.534135 train_obj=0.420092 val_obj=0.683933 train_acc=0.9555 val_acc=0.8400
[cvx-sgd] epoch=200/200 train_loss=0.258956 val_loss=0.528499 train_obj=0.410020 val_obj=0.679562 train_acc=0.9598 val_acc=0.8425
[cvx-run] method=sgd beta=0.01 lr=0.005 bias=-0.5 batch_size=full(6000) n_train=6000
[cvx-sgd] epoch=10/200 train_loss=15.979125 val_loss=16.406855 train_obj=16.079920 val_obj=16.507650 train_acc=0.2323 val_acc=0.2155
[cvx-sgd] epoch=20/200 train_loss=6.832603 val_loss=6.735631 train_obj=6.957434 val_obj=6.860462 train_acc=0.3130 val_acc=0.3230
[cvx-sgd] epoch=30/200 train_loss=4.268439 val_loss=4.367936 train_obj=4.407753 val_obj=4.507249 train_acc=0.4120 val_acc=0.3945
[cvx-sgd] epoch=40/200 train_loss=2.066146 val_loss=2.204751 train_obj=2.211177 val_obj=2.349782 train_acc=0.5565 val_acc=0.5435
[cvx-sgd] epoch=50/200 train_loss=1.377409 val_loss=1.579189 train_obj=1.525051 val_obj=1.726832 train_acc=0.6465 val_acc=0.6030
[cvx-sgd] epoch=60/200 train_loss=0.999946 val_loss=1.165216 train_obj=1.148909 val_obj=1.314178 train_acc=0.7040 val_acc=0.6655
[cvx-sgd] epoch=70/200 train_loss=0.810529 val_loss=0.984728 train_obj=0.960041 val_obj=1.134240 train_acc=0.7525 val_acc=0.6990
[cvx-sgd] epoch=80/200 train_loss=0.657234 val_loss=0.830150 train_obj=0.806601 val_obj=0.979517 train_acc=0.8085 val_acc=0.7410
[cvx-sgd] epoch=90/200 train_loss=0.578392 val_loss=0.749392 train_obj=0.727480 val_obj=0.898479 train_acc=0.8360 val_acc=0.7795
[cvx-sgd] epoch=100/200 train_loss=0.528297 val_loss=0.709065 train_obj=0.677226 val_obj=0.857994 train_acc=0.8580 val_acc=0.7890
[cvx-sgd] epoch=110/200 train_loss=0.491316 val_loss=0.681290 train_obj=0.640177 val_obj=0.830151 train_acc=0.8745 val_acc=0.7965
[cvx-sgd] epoch=120/200 train_loss=0.461126 val_loss=0.656122 train_obj=0.610088 val_obj=0.805083 train_acc=0.8877 val_acc=0.8055
[cvx-sgd] epoch=130/200 train_loss=0.435905 val_loss=0.639337 train_obj=0.585252 val_obj=0.788683 train_acc=0.8970 val_acc=0.8130
[cvx-sgd] epoch=140/200 train_loss=0.414024 val_loss=0.625497 train_obj=0.563875 val_obj=0.775348 train_acc=0.9047 val_acc=0.8215
[cvx-sgd] epoch=150/200 train_loss=0.394368 val_loss=0.612665 train_obj=0.544901 val_obj=0.763198 train_acc=0.9135 val_acc=0.8255
[cvx-sgd] epoch=160/200 train_loss=0.376522 val_loss=0.601985 train_obj=0.527866 val_obj=0.753328 train_acc=0.9192 val_acc=0.8270
[cvx-sgd] epoch=170/200 train_loss=0.360163 val_loss=0.591995 train_obj=0.512274 val_obj=0.744107 train_acc=0.9240 val_acc=0.8275
[cvx-sgd] epoch=180/200 train_loss=0.345073 val_loss=0.583086 train_obj=0.498097 val_obj=0.736110 train_acc=0.9293 val_acc=0.8275
[cvx-sgd] epoch=190/200 train_loss=0.331090 val_loss=0.575041 train_obj=0.485005 val_obj=0.728956 train_acc=0.9338 val_acc=0.8305
[cvx-sgd] epoch=200/200 train_loss=0.318076 val_loss=0.567671 train_obj=0.472863 val_obj=0.722458 train_acc=0.9395 val_acc=0.8335
[cvx-run] method=sgd beta=0.01 lr=0.005 bias=0 batch_size=full(6000) n_train=6000
[cvx-sgd] epoch=10/200 train_loss=13.108153 val_loss=13.253138 train_obj=13.212810 val_obj=13.357794 train_acc=0.3113 val_acc=0.2900
[cvx-sgd] epoch=20/200 train_loss=5.858416 val_loss=5.889867 train_obj=5.973207 val_obj=6.004658 train_acc=0.3535 val_acc=0.3145
[cvx-sgd] epoch=30/200 train_loss=3.291859 val_loss=3.420218 train_obj=3.408596 val_obj=3.536954 train_acc=0.3948 val_acc=0.3710
[cvx-sgd] epoch=40/200 train_loss=2.042845 val_loss=2.138572 train_obj=2.161318 val_obj=2.257046 train_acc=0.5467 val_acc=0.5215
[cvx-sgd] epoch=50/200 train_loss=1.239432 val_loss=1.348494 train_obj=1.357858 val_obj=1.466920 train_acc=0.6275 val_acc=0.5935
[cvx-sgd] epoch=60/200 train_loss=0.996801 val_loss=1.122165 train_obj=1.115495 val_obj=1.240859 train_acc=0.6978 val_acc=0.6500
[cvx-sgd] epoch=70/200 train_loss=0.825030 val_loss=0.942190 train_obj=0.944110 val_obj=1.061271 train_acc=0.7515 val_acc=0.7045
[cvx-sgd] epoch=80/200 train_loss=0.742810 val_loss=0.872841 train_obj=0.862448 val_obj=0.992478 train_acc=0.7847 val_acc=0.7310
[cvx-sgd] epoch=90/200 train_loss=0.686107 val_loss=0.821949 train_obj=0.806526 val_obj=0.942368 train_acc=0.8148 val_acc=0.7510
[cvx-sgd] epoch=100/200 train_loss=0.643511 val_loss=0.789410 train_obj=0.764879 val_obj=0.910779 train_acc=0.8310 val_acc=0.7685
[cvx-sgd] epoch=110/200 train_loss=0.609319 val_loss=0.762525 train_obj=0.731764 val_obj=0.884970 train_acc=0.8440 val_acc=0.7760
[cvx-sgd] epoch=120/200 train_loss=0.579677 val_loss=0.741046 train_obj=0.703316 val_obj=0.864685 train_acc=0.8523 val_acc=0.7820
[cvx-sgd] epoch=130/200 train_loss=0.553035 val_loss=0.721680 train_obj=0.677940 val_obj=0.846585 train_acc=0.8620 val_acc=0.7910
[cvx-sgd] epoch=140/200 train_loss=0.528847 val_loss=0.703858 train_obj=0.655145 val_obj=0.830156 train_acc=0.8700 val_acc=0.7990
[cvx-sgd] epoch=150/200 train_loss=0.506677 val_loss=0.688422 train_obj=0.634363 val_obj=0.816108 train_acc=0.8783 val_acc=0.8010
[cvx-sgd] epoch=160/200 train_loss=0.486206 val_loss=0.674175 train_obj=0.615326 val_obj=0.803295 train_acc=0.8865 val_acc=0.8070
[cvx-sgd] epoch=170/200 train_loss=0.467235 val_loss=0.661084 train_obj=0.597801 val_obj=0.791650 train_acc=0.8928 val_acc=0.8070
[cvx-sgd] epoch=180/200 train_loss=0.449589 val_loss=0.649150 train_obj=0.581594 val_obj=0.781154 train_acc=0.8982 val_acc=0.8130
[cvx-sgd] epoch=190/200 train_loss=0.433129 val_loss=0.638225 train_obj=0.566582 val_obj=0.771678 train_acc=0.9057 val_acc=0.8155
[cvx-sgd] epoch=200/200 train_loss=0.417730 val_loss=0.628185 train_obj=0.552582 val_obj=0.763037 train_acc=0.9102 val_acc=0.8180
[cvx-run] method=sgd beta=0.01 lr=0.005 bias=0.5 batch_size=full(6000) n_train=6000
[cvx-sgd] epoch=10/200 train_loss=14.145996 val_loss=13.629420 train_obj=14.238039 val_obj=13.721464 train_acc=0.2690 val_acc=0.2835
[cvx-sgd] epoch=20/200 train_loss=6.804824 val_loss=7.304993 train_obj=6.909485 val_obj=7.409654 train_acc=0.3300 val_acc=0.2965
[cvx-sgd] epoch=30/200 train_loss=2.648938 val_loss=2.778104 train_obj=2.766221 val_obj=2.895387 train_acc=0.4625 val_acc=0.4500
[cvx-sgd] epoch=40/200 train_loss=1.395660 val_loss=1.498559 train_obj=1.520648 val_obj=1.623548 train_acc=0.6072 val_acc=0.5810
[cvx-sgd] epoch=50/200 train_loss=1.002013 val_loss=1.127447 train_obj=1.130680 val_obj=1.256114 train_acc=0.6812 val_acc=0.6435
[cvx-sgd] epoch=60/200 train_loss=0.753201 val_loss=0.905875 train_obj=0.883559 val_obj=1.036234 train_acc=0.7597 val_acc=0.6990
[cvx-sgd] epoch=70/200 train_loss=0.631924 val_loss=0.781436 train_obj=0.763290 val_obj=0.912801 train_acc=0.8058 val_acc=0.7595
[cvx-sgd] epoch=80/200 train_loss=0.552902 val_loss=0.712442 train_obj=0.684829 val_obj=0.844370 train_acc=0.8455 val_acc=0.7785
[cvx-sgd] epoch=90/200 train_loss=0.515384 val_loss=0.687961 train_obj=0.647826 val_obj=0.820404 train_acc=0.8640 val_acc=0.7980
[cvx-sgd] epoch=100/200 train_loss=0.479325 val_loss=0.656893 train_obj=0.612471 val_obj=0.790039 train_acc=0.8770 val_acc=0.8030
[cvx-sgd] epoch=110/200 train_loss=0.451332 val_loss=0.639131 train_obj=0.585289 val_obj=0.773087 train_acc=0.8902 val_acc=0.8090
[cvx-sgd] epoch=120/200 train_loss=0.427101 val_loss=0.622393 train_obj=0.562132 val_obj=0.757423 train_acc=0.8995 val_acc=0.8150
[cvx-sgd] epoch=130/200 train_loss=0.405485 val_loss=0.610169 train_obj=0.541715 val_obj=0.746398 train_acc=0.9080 val_acc=0.8220
[cvx-sgd] epoch=140/200 train_loss=0.385862 val_loss=0.597806 train_obj=0.523301 val_obj=0.735244 train_acc=0.9162 val_acc=0.8265
[cvx-sgd] epoch=150/200 train_loss=0.367901 val_loss=0.587373 train_obj=0.506667 val_obj=0.726139 train_acc=0.9222 val_acc=0.8290
[cvx-sgd] epoch=160/200 train_loss=0.351332 val_loss=0.577823 train_obj=0.491523 val_obj=0.718014 train_acc=0.9298 val_acc=0.8320
[cvx-sgd] epoch=170/200 train_loss=0.335985 val_loss=0.569259 train_obj=0.477480 val_obj=0.710754 train_acc=0.9330 val_acc=0.8325
[cvx-sgd] epoch=180/200 train_loss=0.321752 val_loss=0.561433 train_obj=0.464622 val_obj=0.704303 train_acc=0.9382 val_acc=0.8375
[cvx-sgd] epoch=190/200 train_loss=0.308511 val_loss=0.554354 train_obj=0.452719 val_obj=0.698562 train_acc=0.9427 val_acc=0.8395
[cvx-sgd] epoch=200/200 train_loss=0.296185 val_loss=0.547870 train_obj=0.441634 val_obj=0.693318 train_acc=0.9467 val_acc=0.8420
[cvx-run] method=sgd beta=0.01 lr=0.005 bias=1 batch_size=full(6000) n_train=6000
[cvx-sgd] epoch=10/200 train_loss=20.388838 val_loss=20.342304 train_obj=20.493478 val_obj=20.446944 train_acc=0.2228 val_acc=0.2340
[cvx-sgd] epoch=20/200 train_loss=8.113623 val_loss=8.478849 train_obj=8.242674 val_obj=8.607900 train_acc=0.3257 val_acc=0.3220
[cvx-sgd] epoch=30/200 train_loss=4.239309 val_loss=4.258547 train_obj=4.381521 val_obj=4.400759 train_acc=0.4278 val_acc=0.4260
[cvx-sgd] epoch=40/200 train_loss=2.217198 val_loss=2.381627 train_obj=2.365138 val_obj=2.529567 train_acc=0.5063 val_acc=0.4840
[cvx-sgd] epoch=50/200 train_loss=1.051259 val_loss=1.170074 train_obj=1.202872 val_obj=1.321686 train_acc=0.6973 val_acc=0.6620
[cvx-sgd] epoch=60/200 train_loss=0.929949 val_loss=1.074566 train_obj=1.083904 val_obj=1.228521 train_acc=0.7172 val_acc=0.6770
[cvx-sgd] epoch=70/200 train_loss=0.724886 val_loss=0.888844 train_obj=0.879739 val_obj=1.043698 train_acc=0.7843 val_acc=0.7215
[cvx-sgd] epoch=80/200 train_loss=0.613850 val_loss=0.784098 train_obj=0.769039 val_obj=0.939287 train_acc=0.8225 val_acc=0.7610
[cvx-sgd] epoch=90/200 train_loss=0.555061 val_loss=0.733092 train_obj=0.710284 val_obj=0.888315 train_acc=0.8488 val_acc=0.7765
[cvx-sgd] epoch=100/200 train_loss=0.511366 val_loss=0.698370 train_obj=0.666577 val_obj=0.853581 train_acc=0.8652 val_acc=0.7910
[cvx-sgd] epoch=110/200 train_loss=0.476247 val_loss=0.669603 train_obj=0.631491 val_obj=0.824848 train_acc=0.8803 val_acc=0.8025
[cvx-sgd] epoch=120/200 train_loss=0.447904 val_loss=0.646764 train_obj=0.603463 val_obj=0.802323 train_acc=0.8918 val_acc=0.8085
[cvx-sgd] epoch=130/200 train_loss=0.423403 val_loss=0.630006 train_obj=0.579520 val_obj=0.786122 train_acc=0.9012 val_acc=0.8125
[cvx-sgd] epoch=140/200 train_loss=0.401687 val_loss=0.615192 train_obj=0.558411 val_obj=0.771915 train_acc=0.9085 val_acc=0.8220
[cvx-sgd] epoch=150/200 train_loss=0.382242 val_loss=0.602993 train_obj=0.539712 val_obj=0.760463 train_acc=0.9162 val_acc=0.8260
[cvx-sgd] epoch=160/200 train_loss=0.364610 val_loss=0.591957 train_obj=0.522965 val_obj=0.750312 train_acc=0.9233 val_acc=0.8270
[cvx-sgd] epoch=170/200 train_loss=0.348485 val_loss=0.582153 train_obj=0.507640 val_obj=0.741308 train_acc=0.9282 val_acc=0.8295
[cvx-sgd] epoch=180/200 train_loss=0.333665 val_loss=0.573552 train_obj=0.493734 val_obj=0.733620 train_acc=0.9320 val_acc=0.8315
[cvx-sgd] epoch=190/200 train_loss=0.319965 val_loss=0.565683 train_obj=0.480936 val_obj=0.726653 train_acc=0.9363 val_acc=0.8355
[cvx-sgd] epoch=200/200 train_loss=0.307260 val_loss=0.558607 train_obj=0.469073 val_obj=0.720420 train_acc=0.9418 val_acc=0.8385
[cvx-run] method=sgd beta=0.01 lr=0.01 bias=-1 batch_size=full(6000) n_train=6000
[cvx-sgd] epoch=10/200 train_loss=54.980522 val_loss=54.408272 train_obj=55.179841 val_obj=54.607591 train_acc=0.0998 val_acc=0.1075
[cvx-sgd] epoch=20/200 train_loss=9.819616 val_loss=9.920070 train_obj=10.062754 val_obj=10.163207 train_acc=0.3485 val_acc=0.3400
[cvx-sgd] epoch=30/200 train_loss=6.485871 val_loss=6.810263 train_obj=6.742425 val_obj=7.066816 train_acc=0.4082 val_acc=0.3810
[cvx-sgd] epoch=40/200 train_loss=3.379146 val_loss=3.533031 train_obj=3.642163 val_obj=3.796048 train_acc=0.5248 val_acc=0.4955
[cvx-sgd] epoch=50/200 train_loss=2.295850 val_loss=2.479479 train_obj=2.559399 val_obj=2.743028 train_acc=0.6105 val_acc=0.5860
[cvx-sgd] epoch=60/200 train_loss=1.601131 val_loss=1.738709 train_obj=1.862962 val_obj=2.000539 train_acc=0.6615 val_acc=0.6220
[cvx-sgd] epoch=70/200 train_loss=1.162325 val_loss=1.319716 train_obj=1.422310 val_obj=1.579702 train_acc=0.7075 val_acc=0.6770
[cvx-sgd] epoch=80/200 train_loss=0.866697 val_loss=1.029849 train_obj=1.124447 val_obj=1.287599 train_acc=0.7648 val_acc=0.7240
[cvx-sgd] epoch=90/200 train_loss=0.705855 val_loss=0.874008 train_obj=0.961125 val_obj=1.129278 train_acc=0.7978 val_acc=0.7540
[cvx-sgd] epoch=100/200 train_loss=0.601335 val_loss=0.798136 train_obj=0.854211 val_obj=1.051012 train_acc=0.8270 val_acc=0.7705
[cvx-sgd] epoch=110/200 train_loss=0.538211 val_loss=0.746875 train_obj=0.788533 val_obj=0.997197 train_acc=0.8485 val_acc=0.7860
[cvx-sgd] epoch=120/200 train_loss=0.492379 val_loss=0.709887 train_obj=0.740072 val_obj=0.957581 train_acc=0.8657 val_acc=0.7985
[cvx-sgd] epoch=130/200 train_loss=0.457439 val_loss=0.680176 train_obj=0.702841 val_obj=0.925578 train_acc=0.8820 val_acc=0.8035
[cvx-sgd] epoch=140/200 train_loss=0.428920 val_loss=0.658854 train_obj=0.672262 val_obj=0.902197 train_acc=0.8948 val_acc=0.8100
[cvx-sgd] epoch=150/200 train_loss=0.404690 val_loss=0.640294 train_obj=0.646168 val_obj=0.881772 train_acc=0.9032 val_acc=0.8135
[cvx-sgd] epoch=160/200 train_loss=0.383650 val_loss=0.625149 train_obj=0.623556 val_obj=0.865054 train_acc=0.9112 val_acc=0.8180
[cvx-sgd] epoch=170/200 train_loss=0.365064 val_loss=0.612133 train_obj=0.603668 val_obj=0.850736 train_acc=0.9178 val_acc=0.8215
[cvx-sgd] epoch=180/200 train_loss=0.348458 val_loss=0.600946 train_obj=0.585899 val_obj=0.838387 train_acc=0.9250 val_acc=0.8245
[cvx-sgd] epoch=190/200 train_loss=0.333457 val_loss=0.590945 train_obj=0.569961 val_obj=0.827449 train_acc=0.9288 val_acc=0.8280
[cvx-sgd] epoch=200/200 train_loss=0.319788 val_loss=0.582144 train_obj=0.555411 val_obj=0.817768 train_acc=0.9353 val_acc=0.8315
[cvx-run] method=sgd beta=0.01 lr=0.01 bias=-0.5 batch_size=full(6000) n_train=6000
[cvx-sgd] epoch=10/200 train_loss=60.856113 val_loss=60.415279 train_obj=61.047002 val_obj=60.606168 train_acc=0.1588 val_acc=0.1720
[cvx-sgd] epoch=20/200 train_loss=14.871640 val_loss=15.711642 train_obj=15.101283 val_obj=15.941285 train_acc=0.3100 val_acc=0.2890
[cvx-sgd] epoch=30/200 train_loss=6.696720 val_loss=7.050545 train_obj=6.938640 val_obj=7.292465 train_acc=0.4418 val_acc=0.4190
[cvx-sgd] epoch=40/200 train_loss=3.705729 val_loss=4.101653 train_obj=3.952458 val_obj=4.348382 train_acc=0.4917 val_acc=0.4525
[cvx-sgd] epoch=50/200 train_loss=2.071832 val_loss=2.207685 train_obj=2.320670 val_obj=2.456523 train_acc=0.6045 val_acc=0.5855
[cvx-sgd] epoch=60/200 train_loss=1.584405 val_loss=1.827617 train_obj=1.833805 val_obj=2.077017 train_acc=0.6498 val_acc=0.6115
[cvx-sgd] epoch=70/200 train_loss=0.981329 val_loss=1.157976 train_obj=1.230553 val_obj=1.407200 train_acc=0.7383 val_acc=0.6935
[cvx-sgd] epoch=80/200 train_loss=0.770025 val_loss=0.955477 train_obj=1.017316 val_obj=1.202767 train_acc=0.7782 val_acc=0.7215
[cvx-sgd] epoch=90/200 train_loss=0.635098 val_loss=0.827995 train_obj=0.879744 val_obj=1.072641 train_acc=0.8178 val_acc=0.7480
[cvx-sgd] epoch=100/200 train_loss=0.557621 val_loss=0.761289 train_obj=0.799605 val_obj=1.003273 train_acc=0.8408 val_acc=0.7725
[cvx-sgd] epoch=110/200 train_loss=0.502298 val_loss=0.712621 train_obj=0.741642 val_obj=0.951965 train_acc=0.8568 val_acc=0.7845
[cvx-sgd] epoch=120/200 train_loss=0.461399 val_loss=0.677685 train_obj=0.698250 val_obj=0.914536 train_acc=0.8735 val_acc=0.7980
[cvx-sgd] epoch=130/200 train_loss=0.429437 val_loss=0.650830 train_obj=0.664086 val_obj=0.885479 train_acc=0.8843 val_acc=0.8070
[cvx-sgd] epoch=140/200 train_loss=0.403008 val_loss=0.630150 train_obj=0.635717 val_obj=0.862860 train_acc=0.8982 val_acc=0.8135
[cvx-sgd] epoch=150/200 train_loss=0.380695 val_loss=0.614008 train_obj=0.611659 val_obj=0.844973 train_acc=0.9073 val_acc=0.8150
[cvx-sgd] epoch=160/200 train_loss=0.361350 val_loss=0.600885 train_obj=0.590832 val_obj=0.830367 train_acc=0.9163 val_acc=0.8200
[cvx-sgd] epoch=170/200 train_loss=0.344241 val_loss=0.589809 train_obj=0.572425 val_obj=0.817992 train_acc=0.9223 val_acc=0.8220
[cvx-sgd] epoch=180/200 train_loss=0.328915 val_loss=0.580145 train_obj=0.555905 val_obj=0.807134 train_acc=0.9283 val_acc=0.8270
[cvx-sgd] epoch=190/200 train_loss=0.315042 val_loss=0.571589 train_obj=0.541070 val_obj=0.797617 train_acc=0.9342 val_acc=0.8320
[cvx-sgd] epoch=200/200 train_loss=0.302385 val_loss=0.563916 train_obj=0.527559 val_obj=0.789090 train_acc=0.9387 val_acc=0.8330
[cvx-run] method=sgd beta=0.01 lr=0.01 bias=0 batch_size=full(6000) n_train=6000
[cvx-sgd] epoch=10/200 train_loss=20.940178 val_loss=20.805559 train_obj=21.114830 val_obj=20.980211 train_acc=0.1848 val_acc=0.1700
[cvx-sgd] epoch=20/200 train_loss=17.167503 val_loss=17.857533 train_obj=17.405081 val_obj=18.095110 train_acc=0.2962 val_acc=0.2875
[cvx-sgd] epoch=30/200 train_loss=6.804349 val_loss=7.065007 train_obj=7.062752 val_obj=7.323410 train_acc=0.3733 val_acc=0.3720
[cvx-sgd] epoch=40/200 train_loss=3.208029 val_loss=3.359779 train_obj=3.481497 val_obj=3.633247 train_acc=0.5335 val_acc=0.4850
[cvx-sgd] epoch=50/200 train_loss=2.161701 val_loss=2.404760 train_obj=2.440015 val_obj=2.683074 train_acc=0.6208 val_acc=0.5645
[cvx-sgd] epoch=60/200 train_loss=1.126711 val_loss=1.303950 train_obj=1.405321 val_obj=1.582560 train_acc=0.7417 val_acc=0.6970
[cvx-sgd] epoch=70/200 train_loss=0.755281 val_loss=0.990339 train_obj=1.030927 val_obj=1.265985 train_acc=0.8005 val_acc=0.7385
[cvx-sgd] epoch=80/200 train_loss=0.539460 val_loss=0.764688 train_obj=0.810085 val_obj=1.035313 train_acc=0.8473 val_acc=0.7770
[cvx-sgd] epoch=90/200 train_loss=0.434883 val_loss=0.693548 train_obj=0.700181 val_obj=0.958846 train_acc=0.8723 val_acc=0.7955
[cvx-sgd] epoch=100/200 train_loss=0.366676 val_loss=0.628406 train_obj=0.626955 val_obj=0.888685 train_acc=0.9012 val_acc=0.8135
[cvx-sgd] epoch=110/200 train_loss=0.324740 val_loss=0.598701 train_obj=0.580008 val_obj=0.853969 train_acc=0.9142 val_acc=0.8295
[cvx-sgd] epoch=120/200 train_loss=0.292851 val_loss=0.576822 train_obj=0.543636 val_obj=0.827606 train_acc=0.9275 val_acc=0.8345
[cvx-sgd] epoch=130/200 train_loss=0.269001 val_loss=0.562225 train_obj=0.515815 val_obj=0.809038 train_acc=0.9383 val_acc=0.8385
[cvx-sgd] epoch=140/200 train_loss=0.250069 val_loss=0.550275 train_obj=0.493106 val_obj=0.793312 train_acc=0.9460 val_acc=0.8400
[cvx-sgd] epoch=150/200 train_loss=0.234460 val_loss=0.541170 train_obj=0.474382 val_obj=0.781092 train_acc=0.9558 val_acc=0.8445
[cvx-sgd] epoch=160/200 train_loss=0.221154 val_loss=0.533915 train_obj=0.458331 val_obj=0.771092 train_acc=0.9628 val_acc=0.8445
[cvx-sgd] epoch=170/200 train_loss=0.209592 val_loss=0.527383 train_obj=0.444171 val_obj=0.761962 train_acc=0.9685 val_acc=0.8450
[cvx-sgd] epoch=180/200 train_loss=0.199351 val_loss=0.521649 train_obj=0.431744 val_obj=0.754041 train_acc=0.9732 val_acc=0.8465
[cvx-sgd] epoch=190/200 train_loss=0.190213 val_loss=0.516551 train_obj=0.420606 val_obj=0.746944 train_acc=0.9777 val_acc=0.8460
[cvx-sgd] epoch=200/200 train_loss=0.181977 val_loss=0.511840 train_obj=0.410382 val_obj=0.740246 train_acc=0.9815 val_acc=0.8450
[cvx-run] method=sgd beta=0.01 lr=0.01 bias=0.5 batch_size=full(6000) n_train=6000
[cvx-sgd] epoch=10/200 train_loss=38.173714 val_loss=39.520821 train_obj=38.372571 val_obj=39.719677 train_acc=0.1172 val_acc=0.1125
[cvx-sgd] epoch=20/200 train_loss=20.729031 val_loss=21.767336 train_obj=20.967337 val_obj=22.005642 train_acc=0.3540 val_acc=0.3230
[cvx-sgd] epoch=30/200 train_loss=8.805799 val_loss=9.304881 train_obj=9.041739 val_obj=9.540821 train_acc=0.4600 val_acc=0.4220
[cvx-sgd] epoch=40/200 train_loss=4.825286 val_loss=5.007044 train_obj=5.062168 val_obj=5.243926 train_acc=0.4270 val_acc=0.3905
[cvx-sgd] epoch=50/200 train_loss=2.550572 val_loss=2.764089 train_obj=2.788715 val_obj=3.002232 train_acc=0.5570 val_acc=0.5400
[cvx-sgd] epoch=60/200 train_loss=1.569940 val_loss=1.730254 train_obj=1.808458 val_obj=1.968773 train_acc=0.6487 val_acc=0.6255
[cvx-sgd] epoch=70/200 train_loss=0.965846 val_loss=1.145865 train_obj=1.203322 val_obj=1.383340 train_acc=0.7368 val_acc=0.6930
[cvx-sgd] epoch=80/200 train_loss=0.747122 val_loss=0.926748 train_obj=0.982660 val_obj=1.162286 train_acc=0.7843 val_acc=0.7285
[cvx-sgd] epoch=90/200 train_loss=0.628534 val_loss=0.822876 train_obj=0.861378 val_obj=1.055720 train_acc=0.8145 val_acc=0.7485
[cvx-sgd] epoch=100/200 train_loss=0.548238 val_loss=0.750661 train_obj=0.778391 val_obj=0.980813 train_acc=0.8445 val_acc=0.7705
[cvx-sgd] epoch=110/200 train_loss=0.495025 val_loss=0.705346 train_obj=0.722605 val_obj=0.932927 train_acc=0.8613 val_acc=0.7835
[cvx-sgd] epoch=120/200 train_loss=0.455247 val_loss=0.670205 train_obj=0.680518 val_obj=0.895476 train_acc=0.8787 val_acc=0.7925
[cvx-sgd] epoch=130/200 train_loss=0.423047 val_loss=0.642628 train_obj=0.646426 val_obj=0.866007 train_acc=0.8890 val_acc=0.7990
[cvx-sgd] epoch=140/200 train_loss=0.396979 val_loss=0.622282 train_obj=0.618675 val_obj=0.843978 train_acc=0.9008 val_acc=0.8085
[cvx-sgd] epoch=150/200 train_loss=0.375012 val_loss=0.607184 train_obj=0.595263 val_obj=0.827435 train_acc=0.9112 val_acc=0.8150
[cvx-sgd] epoch=160/200 train_loss=0.356006 val_loss=0.594046 train_obj=0.575055 val_obj=0.813095 train_acc=0.9190 val_acc=0.8245
[cvx-sgd] epoch=170/200 train_loss=0.339315 val_loss=0.582809 train_obj=0.557301 val_obj=0.800795 train_acc=0.9253 val_acc=0.8305
[cvx-sgd] epoch=180/200 train_loss=0.324429 val_loss=0.573337 train_obj=0.541485 val_obj=0.790393 train_acc=0.9307 val_acc=0.8335
[cvx-sgd] epoch=190/200 train_loss=0.310993 val_loss=0.565186 train_obj=0.527277 val_obj=0.781470 train_acc=0.9348 val_acc=0.8350
[cvx-sgd] epoch=200/200 train_loss=0.298736 val_loss=0.557889 train_obj=0.514311 val_obj=0.773465 train_acc=0.9393 val_acc=0.8380
[cvx-run] method=sgd beta=0.01 lr=0.01 bias=1 batch_size=full(6000) n_train=6000
[cvx-sgd] epoch=10/200 train_loss=25.337383 val_loss=26.104572 train_obj=25.517962 val_obj=26.285151 train_acc=0.3292 val_acc=0.3230
[cvx-sgd] epoch=20/200 train_loss=8.204251 val_loss=8.567012 train_obj=8.415148 val_obj=8.777908 train_acc=0.3588 val_acc=0.3315
[cvx-sgd] epoch=30/200 train_loss=7.462237 val_loss=7.769181 train_obj=7.699862 val_obj=8.006806 train_acc=0.4148 val_acc=0.4060
[cvx-sgd] epoch=40/200 train_loss=2.573085 val_loss=2.835700 train_obj=2.819691 val_obj=3.082305 train_acc=0.5828 val_acc=0.5515
[cvx-sgd] epoch=50/200 train_loss=1.848040 val_loss=2.123929 train_obj=2.099338 val_obj=2.375228 train_acc=0.6402 val_acc=0.6110
[cvx-sgd] epoch=60/200 train_loss=1.057018 val_loss=1.270128 train_obj=1.309265 val_obj=1.522375 train_acc=0.7362 val_acc=0.6970
[cvx-sgd] epoch=70/200 train_loss=0.686278 val_loss=0.932319 train_obj=0.936124 val_obj=1.182165 train_acc=0.7972 val_acc=0.7235
[cvx-sgd] epoch=80/200 train_loss=0.473211 val_loss=0.718565 train_obj=0.718879 val_obj=0.964232 train_acc=0.8577 val_acc=0.7840
[cvx-sgd] epoch=90/200 train_loss=0.394496 val_loss=0.656458 train_obj=0.635226 val_obj=0.897188 train_acc=0.8855 val_acc=0.8000
[cvx-sgd] epoch=100/200 train_loss=0.333560 val_loss=0.601447 train_obj=0.569012 val_obj=0.836899 train_acc=0.9047 val_acc=0.8215
[cvx-sgd] epoch=110/200 train_loss=0.297940 val_loss=0.572751 train_obj=0.528349 val_obj=0.803160 train_acc=0.9212 val_acc=0.8265
[cvx-sgd] epoch=120/200 train_loss=0.272462 val_loss=0.554296 train_obj=0.498449 val_obj=0.780283 train_acc=0.9347 val_acc=0.8310
[cvx-sgd] epoch=130/200 train_loss=0.253069 val_loss=0.541697 train_obj=0.475347 val_obj=0.763975 train_acc=0.9413 val_acc=0.8355
[cvx-sgd] epoch=140/200 train_loss=0.237124 val_loss=0.531869 train_obj=0.455934 val_obj=0.750678 train_acc=0.9510 val_acc=0.8410
[cvx-sgd] epoch=150/200 train_loss=0.223899 val_loss=0.523749 train_obj=0.439881 val_obj=0.739731 train_acc=0.9588 val_acc=0.8435
[cvx-sgd] epoch=160/200 train_loss=0.212565 val_loss=0.516918 train_obj=0.426064 val_obj=0.730417 train_acc=0.9655 val_acc=0.8435
[cvx-sgd] epoch=170/200 train_loss=0.202618 val_loss=0.511528 train_obj=0.413775 val_obj=0.722684 train_acc=0.9697 val_acc=0.8460
[cvx-sgd] epoch=180/200 train_loss=0.193741 val_loss=0.506893 train_obj=0.403047 val_obj=0.716199 train_acc=0.9747 val_acc=0.8465
[cvx-sgd] epoch=190/200 train_loss=0.185698 val_loss=0.502912 train_obj=0.393322 val_obj=0.710536 train_acc=0.9792 val_acc=0.8470
[cvx-sgd] epoch=200/200 train_loss=0.178372 val_loss=0.499423 train_obj=0.384376 val_obj=0.705427 train_acc=0.9838 val_acc=0.8485
[cvx-run] method=sgd beta=0.01 lr=0.1 bias=-1 batch_size=full(6000) n_train=6000
[cvx-sgd] epoch=10/200 train_loss=194.168915 val_loss=191.349976 train_obj=196.113455 val_obj=193.294516 train_acc=0.2668 val_acc=0.2525
[cvx-sgd] epoch=20/200 train_loss=189.584747 val_loss=190.564743 train_obj=191.904846 val_obj=192.884842 train_acc=0.2988 val_acc=0.2970
[cvx-sgd] epoch=30/200 train_loss=67.845482 val_loss=72.061378 train_obj=70.216117 val_obj=74.432014 train_acc=0.3953 val_acc=0.3755
[cvx-sgd] epoch=40/200 train_loss=37.368725 val_loss=38.687706 train_obj=39.808203 val_obj=41.127184 train_acc=0.5045 val_acc=0.4785
[cvx-sgd] epoch=50/200 train_loss=20.308321 val_loss=22.231646 train_obj=22.742936 val_obj=24.666260 train_acc=0.5338 val_acc=0.4980
[cvx-sgd] epoch=60/200 train_loss=11.345825 val_loss=13.483676 train_obj=13.772155 val_obj=15.910005 train_acc=0.6678 val_acc=0.6345
[cvx-sgd] epoch=70/200 train_loss=7.013512 val_loss=8.848336 train_obj=9.411664 val_obj=11.246489 train_acc=0.7335 val_acc=0.6865
[cvx-sgd] epoch=80/200 train_loss=4.142915 val_loss=5.838229 train_obj=6.510866 val_obj=8.206180 train_acc=0.7767 val_acc=0.7195
[cvx-sgd] epoch=90/200 train_loss=2.593811 val_loss=4.180881 train_obj=4.922274 val_obj=6.509343 train_acc=0.8242 val_acc=0.7560
[cvx-sgd] epoch=100/200 train_loss=1.721538 val_loss=3.273071 train_obj=3.999796 val_obj=5.551330 train_acc=0.8610 val_acc=0.7810
[cvx-sgd] epoch=110/200 train_loss=1.189271 val_loss=2.739940 train_obj=3.417412 val_obj=4.968082 train_acc=0.8808 val_acc=0.7950
[cvx-sgd] epoch=120/200 train_loss=0.845500 val_loss=2.410790 train_obj=3.024152 val_obj=4.589441 train_acc=0.9070 val_acc=0.8040
[cvx-sgd] epoch=130/200 train_loss=0.624897 val_loss=2.170555 train_obj=2.750802 val_obj=4.296460 train_acc=0.9262 val_acc=0.8135
[cvx-sgd] epoch=140/200 train_loss=0.465913 val_loss=2.007260 train_obj=2.541628 val_obj=4.082974 train_acc=0.9438 val_acc=0.8195
[cvx-sgd] epoch=150/200 train_loss=0.350043 val_loss=1.880297 train_obj=2.378435 val_obj=3.908688 train_acc=0.9570 val_acc=0.8235
[cvx-sgd] epoch=160/200 train_loss=0.265765 val_loss=1.785995 train_obj=2.245518 val_obj=3.765747 train_acc=0.9672 val_acc=0.8215
[cvx-sgd] epoch=170/200 train_loss=0.204562 val_loss=1.708235 train_obj=2.141297 val_obj=3.644970 train_acc=0.9755 val_acc=0.8290
[cvx-sgd] epoch=180/200 train_loss=0.158098 val_loss=1.639602 train_obj=2.052432 val_obj=3.533936 train_acc=0.9802 val_acc=0.8290
[cvx-sgd] epoch=190/200 train_loss=0.123642 val_loss=1.583391 train_obj=1.977401 val_obj=3.437151 train_acc=0.9853 val_acc=0.8330
[cvx-sgd] epoch=200/200 train_loss=0.098125 val_loss=1.534882 train_obj=1.914324 val_obj=3.351081 train_acc=0.9892 val_acc=0.8335
[cvx-run] method=sgd beta=0.01 lr=0.1 bias=-0.5 batch_size=full(6000) n_train=6000
[cvx-sgd] epoch=10/200 train_loss=250.258667 val_loss=241.228622 train_obj=251.972483 val_obj=242.942439 train_acc=0.2712 val_acc=0.2845
[cvx-sgd] epoch=20/200 train_loss=118.669991 val_loss=123.752388 train_obj=120.746675 val_obj=125.829073 train_acc=0.3328 val_acc=0.3270
[cvx-sgd] epoch=30/200 train_loss=64.745064 val_loss=71.302284 train_obj=67.037757 val_obj=73.594977 train_acc=0.4275 val_acc=0.4075
[cvx-sgd] epoch=40/200 train_loss=30.905333 val_loss=35.874283 train_obj=33.320426 val_obj=38.289376 train_acc=0.5343 val_acc=0.5075
[cvx-sgd] epoch=50/200 train_loss=11.647786 val_loss=14.340600 train_obj=14.109931 val_obj=16.802745 train_acc=0.6923 val_acc=0.6535
[cvx-sgd] epoch=60/200 train_loss=6.358366 val_loss=8.698099 train_obj=8.817256 val_obj=11.156989 train_acc=0.7497 val_acc=0.6985
[cvx-sgd] epoch=70/200 train_loss=3.291018 val_loss=5.464340 train_obj=5.715461 val_obj=7.888783 train_acc=0.8188 val_acc=0.7500
[cvx-sgd] epoch=80/200 train_loss=2.124278 val_loss=4.260168 train_obj=4.487786 val_obj=6.623676 train_acc=0.8518 val_acc=0.7680
[cvx-sgd] epoch=90/200 train_loss=1.191016 val_loss=3.209442 train_obj=3.481228 val_obj=5.499655 train_acc=0.8967 val_acc=0.8020
[cvx-sgd] epoch=100/200 train_loss=0.740252 val_loss=2.767346 train_obj=2.945013 val_obj=4.972107 train_acc=0.9245 val_acc=0.8130
[cvx-sgd] epoch=110/200 train_loss=0.473829 val_loss=2.466239 train_obj=2.597950 val_obj=4.590360 train_acc=0.9485 val_acc=0.8185
[cvx-sgd] epoch=120/200 train_loss=0.315820 val_loss=2.285316 train_obj=2.351572 val_obj=4.321069 train_acc=0.9632 val_acc=0.8235
[cvx-sgd] epoch=130/200 train_loss=0.215716 val_loss=2.152151 train_obj=2.171647 val_obj=4.108082 train_acc=0.9785 val_acc=0.8275
[cvx-sgd] epoch=140/200 train_loss=0.148118 val_loss=2.053343 train_obj=2.027114 val_obj=3.932340 train_acc=0.9855 val_acc=0.8270
[cvx-sgd] epoch=150/200 train_loss=0.101716 val_loss=1.983297 train_obj=1.906925 val_obj=3.788506 train_acc=0.9903 val_acc=0.8325
[cvx-sgd] epoch=160/200 train_loss=0.073359 val_loss=1.918959 train_obj=1.813683 val_obj=3.659283 train_acc=0.9942 val_acc=0.8335
[cvx-sgd] epoch=170/200 train_loss=0.054959 val_loss=1.857551 train_obj=1.729933 val_obj=3.532524 train_acc=0.9958 val_acc=0.8355
[cvx-sgd] epoch=180/200 train_loss=0.041808 val_loss=1.805571 train_obj=1.658540 val_obj=3.422302 train_acc=0.9970 val_acc=0.8390
[cvx-sgd] epoch=190/200 train_loss=0.033389 val_loss=1.756122 train_obj=1.590926 val_obj=3.313660 train_acc=0.9980 val_acc=0.8395
[cvx-sgd] epoch=200/200 train_loss=0.028247 val_loss=1.709172 train_obj=1.535995 val_obj=3.216920 train_acc=0.9988 val_acc=0.8390
[cvx-run] method=sgd beta=0.01 lr=0.1 bias=0 batch_size=full(6000) n_train=6000
[cvx-sgd] epoch=10/200 train_loss=255.950378 val_loss=255.833374 train_obj=257.975297 val_obj=257.858293 train_acc=0.2730 val_acc=0.2545
[cvx-sgd] epoch=20/200 train_loss=187.479126 val_loss=182.558441 train_obj=189.887615 val_obj=184.966930 train_acc=0.3052 val_acc=0.3155
[cvx-sgd] epoch=30/200 train_loss=87.055649 val_loss=91.663437 train_obj=89.557217 val_obj=94.165005 train_acc=0.2815 val_acc=0.2590
[cvx-sgd] epoch=40/200 train_loss=29.399700 val_loss=31.801004 train_obj=32.052689 val_obj=34.453993 train_acc=0.5442 val_acc=0.5185
[cvx-sgd] epoch=50/200 train_loss=13.982482 val_loss=16.020550 train_obj=16.685700 val_obj=18.723768 train_acc=0.6645 val_acc=0.6315
[cvx-sgd] epoch=60/200 train_loss=7.826956 val_loss=10.234895 train_obj=10.525712 val_obj=12.933650 train_acc=0.7225 val_acc=0.6805
[cvx-sgd] epoch=70/200 train_loss=4.072152 val_loss=6.044681 train_obj=6.747847 val_obj=8.720376 train_acc=0.8153 val_acc=0.7440
[cvx-sgd] epoch=80/200 train_loss=2.370461 val_loss=4.491532 train_obj=4.990890 val_obj=7.111962 train_acc=0.8432 val_acc=0.7650
[cvx-sgd] epoch=90/200 train_loss=1.469206 val_loss=3.463980 train_obj=4.015616 val_obj=6.010391 train_acc=0.8893 val_acc=0.8055
[cvx-sgd] epoch=100/200 train_loss=0.940107 val_loss=2.926639 train_obj=3.399139 val_obj=5.385671 train_acc=0.9125 val_acc=0.8115
[cvx-sgd] epoch=110/200 train_loss=0.618112 val_loss=2.628460 train_obj=2.995961 val_obj=5.006310 train_acc=0.9362 val_acc=0.8205
[cvx-sgd] epoch=120/200 train_loss=0.405338 val_loss=2.389822 train_obj=2.696515 val_obj=4.681000 train_acc=0.9562 val_acc=0.8250
[cvx-sgd] epoch=130/200 train_loss=0.268783 val_loss=2.244457 train_obj=2.482046 val_obj=4.457720 train_acc=0.9712 val_acc=0.8285
[cvx-sgd] epoch=140/200 train_loss=0.184335 val_loss=2.128476 train_obj=2.321777 val_obj=4.265918 train_acc=0.9797 val_acc=0.8295
[cvx-sgd] epoch=150/200 train_loss=0.128432 val_loss=2.048486 train_obj=2.193030 val_obj=4.113084 train_acc=0.9862 val_acc=0.8355
[cvx-sgd] epoch=160/200 train_loss=0.091801 val_loss=1.981151 train_obj=2.091319 val_obj=3.980669 train_acc=0.9905 val_acc=0.8360
[cvx-sgd] epoch=170/200 train_loss=0.067976 val_loss=1.927744 train_obj=2.002120 val_obj=3.861887 train_acc=0.9940 val_acc=0.8375
[cvx-sgd] epoch=180/200 train_loss=0.051962 val_loss=1.872237 train_obj=1.926518 val_obj=3.746793 train_acc=0.9957 val_acc=0.8375
[cvx-sgd] epoch=190/200 train_loss=0.041092 val_loss=1.818841 train_obj=1.855513 val_obj=3.633261 train_acc=0.9972 val_acc=0.8355
[cvx-sgd] epoch=200/200 train_loss=0.033865 val_loss=1.770008 train_obj=1.797772 val_obj=3.533915 train_acc=0.9980 val_acc=0.8365
[cvx-run] method=sgd beta=0.01 lr=0.1 bias=0.5 batch_size=full(6000) n_train=6000
[cvx-sgd] epoch=10/200 train_loss=447.070618 val_loss=438.344055 train_obj=448.954508 val_obj=440.227945 train_acc=0.1188 val_acc=0.1195
[cvx-sgd] epoch=20/200 train_loss=163.171494 val_loss=161.044876 train_obj=165.408055 val_obj=163.281438 train_acc=0.3488 val_acc=0.3395
[cvx-sgd] epoch=30/200 train_loss=84.665596 val_loss=84.367233 train_obj=87.002366 val_obj=86.704003 train_acc=0.3287 val_acc=0.3130
[cvx-sgd] epoch=40/200 train_loss=45.377949 val_loss=46.071728 train_obj=47.764355 val_obj=48.458134 train_acc=0.4830 val_acc=0.4765
[cvx-sgd] epoch=50/200 train_loss=20.229589 val_loss=21.377708 train_obj=22.612992 val_obj=23.761111 train_acc=0.5367 val_acc=0.5155
[cvx-sgd] epoch=60/200 train_loss=9.706376 val_loss=11.268529 train_obj=12.073325 val_obj=13.635478 train_acc=0.6877 val_acc=0.6470
[cvx-sgd] epoch=70/200 train_loss=6.334219 val_loss=8.012519 train_obj=8.675697 val_obj=10.353997 train_acc=0.7423 val_acc=0.6895
[cvx-sgd] epoch=80/200 train_loss=4.513091 val_loss=5.928569 train_obj=6.818476 val_obj=8.233955 train_acc=0.7800 val_acc=0.7260
[cvx-sgd] epoch=90/200 train_loss=3.083500 val_loss=4.570618 train_obj=5.345994 val_obj=6.833112 train_acc=0.8210 val_acc=0.7625
[cvx-sgd] epoch=100/200 train_loss=2.191355 val_loss=3.744071 train_obj=4.413166 val_obj=5.965882 train_acc=0.8467 val_acc=0.7705
[cvx-sgd] epoch=110/200 train_loss=1.594721 val_loss=3.171273 train_obj=3.769706 val_obj=5.346258 train_acc=0.8740 val_acc=0.7875
[cvx-sgd] epoch=120/200 train_loss=1.209108 val_loss=2.826580 train_obj=3.333475 val_obj=4.950947 train_acc=0.8928 val_acc=0.7975
[cvx-sgd] epoch=130/200 train_loss=0.923110 val_loss=2.552340 train_obj=3.003906 val_obj=4.633136 train_acc=0.9130 val_acc=0.8105
[cvx-sgd] epoch=140/200 train_loss=0.716537 val_loss=2.345849 train_obj=2.751792 val_obj=4.381104 train_acc=0.9312 val_acc=0.8155
[cvx-sgd] epoch=150/200 train_loss=0.558341 val_loss=2.181606 train_obj=2.546140 val_obj=4.169405 train_acc=0.9467 val_acc=0.8225
[cvx-sgd] epoch=160/200 train_loss=0.436735 val_loss=2.047388 train_obj=2.385363 val_obj=3.996016 train_acc=0.9582 val_acc=0.8225
[cvx-sgd] epoch=170/200 train_loss=0.341525 val_loss=1.939855 train_obj=2.248762 val_obj=3.847092 train_acc=0.9685 val_acc=0.8255
[cvx-sgd] epoch=180/200 train_loss=0.271675 val_loss=1.849355 train_obj=2.135050 val_obj=3.712730 train_acc=0.9773 val_acc=0.8250
[cvx-sgd] epoch=190/200 train_loss=0.220452 val_loss=1.778597 train_obj=2.048357 val_obj=3.606502 train_acc=0.9815 val_acc=0.8305
[cvx-sgd] epoch=200/200 train_loss=0.181012 val_loss=1.719789 train_obj=1.971616 val_obj=3.510393 train_acc=0.9862 val_acc=0.8285
[cvx-run] method=sgd beta=0.01 lr=0.1 bias=1 batch_size=full(6000) n_train=6000
[cvx-sgd] epoch=10/200 train_loss=574.901489 val_loss=576.945496 train_obj=577.105431 val_obj=579.149437 train_acc=0.1013 val_acc=0.0980
[cvx-sgd] epoch=20/200 train_loss=127.097061 val_loss=123.554810 train_obj=129.621099 val_obj=126.078847 train_acc=0.2958 val_acc=0.3085
[cvx-sgd] epoch=30/200 train_loss=78.325417 val_loss=81.382935 train_obj=80.931484 val_obj=83.989002 train_acc=0.3280 val_acc=0.3110
[cvx-sgd] epoch=40/200 train_loss=39.780636 val_loss=41.865047 train_obj=42.414954 val_obj=44.499366 train_acc=0.4708 val_acc=0.4495
[cvx-sgd] epoch=50/200 train_loss=25.280136 val_loss=28.135164 train_obj=27.917906 val_obj=30.772934 train_acc=0.5300 val_acc=0.5190
[cvx-sgd] epoch=60/200 train_loss=12.948323 val_loss=14.899474 train_obj=15.574090 val_obj=17.525241 train_acc=0.6343 val_acc=0.6050
[cvx-sgd] epoch=70/200 train_loss=7.684309 val_loss=9.410424 train_obj=10.286388 val_obj=12.012503 train_acc=0.7085 val_acc=0.6675
[cvx-sgd] epoch=80/200 train_loss=4.967311 val_loss=6.557055 train_obj=7.537679 val_obj=9.127423 train_acc=0.7690 val_acc=0.7140
[cvx-sgd] epoch=90/200 train_loss=3.370475 val_loss=4.841421 train_obj=5.905370 val_obj=7.376316 train_acc=0.8062 val_acc=0.7560
[cvx-sgd] epoch=100/200 train_loss=2.332553 val_loss=3.843306 train_obj=4.826764 val_obj=6.337518 train_acc=0.8435 val_acc=0.7755
[cvx-sgd] epoch=110/200 train_loss=1.688398 val_loss=3.259265 train_obj=4.142003 val_obj=5.712869 train_acc=0.8692 val_acc=0.7845
[cvx-sgd] epoch=120/200 train_loss=1.235869 val_loss=2.835327 train_obj=3.648821 val_obj=5.248279 train_acc=0.8915 val_acc=0.7995
[cvx-sgd] epoch=130/200 train_loss=0.923141 val_loss=2.528653 train_obj=3.291458 val_obj=4.896971 train_acc=0.9108 val_acc=0.8090
[cvx-sgd] epoch=140/200 train_loss=0.692434 val_loss=2.289268 train_obj=3.016753 val_obj=4.613587 train_acc=0.9288 val_acc=0.8180
[cvx-sgd] epoch=150/200 train_loss=0.520066 val_loss=2.114684 train_obj=2.801602 val_obj=4.396220 train_acc=0.9430 val_acc=0.8200
[cvx-sgd] epoch=160/200 train_loss=0.393620 val_loss=1.980868 train_obj=2.630436 val_obj=4.217684 train_acc=0.9570 val_acc=0.8200
[cvx-sgd] epoch=170/200 train_loss=0.301240 val_loss=1.867731 train_obj=2.497459 val_obj=4.063950 train_acc=0.9663 val_acc=0.8225
[cvx-sgd] epoch=180/200 train_loss=0.231869 val_loss=1.775705 train_obj=2.387531 val_obj=3.931368 train_acc=0.9745 val_acc=0.8240
[cvx-sgd] epoch=190/200 train_loss=0.179429 val_loss=1.707989 train_obj=2.295922 val_obj=3.824482 train_acc=0.9815 val_acc=0.8245
[cvx-sgd] epoch=200/200 train_loss=0.139309 val_loss=1.653690 train_obj=2.218980 val_obj=3.733361 train_acc=0.9848 val_acc=0.8235
[cvx-run] method=sgd beta=0.1 lr=0.001 bias=-1 batch_size=full(6000) n_train=6000
[cvx-sgd] epoch=10/200 train_loss=2.172631 val_loss=2.195812 train_obj=2.592155 val_obj=2.615336 train_acc=0.3498 val_acc=0.3470
[cvx-sgd] epoch=20/200 train_loss=1.530265 val_loss=1.568618 train_obj=1.952429 val_obj=1.990783 train_acc=0.4828 val_acc=0.4555
[cvx-sgd] epoch=30/200 train_loss=1.350561 val_loss=1.399044 train_obj=1.769522 val_obj=1.818004 train_acc=0.5680 val_acc=0.5465
[cvx-sgd] epoch=40/200 train_loss=1.228005 val_loss=1.285928 train_obj=1.643472 val_obj=1.701395 train_acc=0.6245 val_acc=0.5970
[cvx-sgd] epoch=50/200 train_loss=1.143960 val_loss=1.199760 train_obj=1.557393 val_obj=1.613193 train_acc=0.6672 val_acc=0.6360
[cvx-sgd] epoch=60/200 train_loss=1.075166 val_loss=1.136869 train_obj=1.487412 val_obj=1.549115 train_acc=0.7023 val_acc=0.6635
[cvx-sgd] epoch=70/200 train_loss=1.022565 val_loss=1.092368 train_obj=1.433681 val_obj=1.503484 train_acc=0.7253 val_acc=0.6845
[cvx-sgd] epoch=80/200 train_loss=0.978287 val_loss=1.052808 train_obj=1.388064 val_obj=1.462585 train_acc=0.7438 val_acc=0.6990
[cvx-sgd] epoch=90/200 train_loss=0.940248 val_loss=1.020336 train_obj=1.348640 val_obj=1.428727 train_acc=0.7597 val_acc=0.7095
[cvx-sgd] epoch=100/200 train_loss=0.907208 val_loss=0.991819 train_obj=1.313803 val_obj=1.398414 train_acc=0.7700 val_acc=0.7210
[cvx-sgd] epoch=110/200 train_loss=0.878152 val_loss=0.967113 train_obj=1.282677 val_obj=1.371638 train_acc=0.7830 val_acc=0.7295
[cvx-sgd] epoch=120/200 train_loss=0.852367 val_loss=0.945267 train_obj=1.254759 val_obj=1.347659 train_acc=0.7908 val_acc=0.7370
[cvx-sgd] epoch=130/200 train_loss=0.829380 val_loss=0.926098 train_obj=1.229441 val_obj=1.326159 train_acc=0.8000 val_acc=0.7425
[cvx-sgd] epoch=140/200 train_loss=0.808769 val_loss=0.909064 train_obj=1.206263 val_obj=1.306558 train_acc=0.8047 val_acc=0.7470
[cvx-sgd] epoch=150/200 train_loss=0.790155 val_loss=0.893802 train_obj=1.185098 val_obj=1.288746 train_acc=0.8095 val_acc=0.7515
[cvx-sgd] epoch=160/200 train_loss=0.773203 val_loss=0.880087 train_obj=1.165609 val_obj=1.272493 train_acc=0.8133 val_acc=0.7540
[cvx-sgd] epoch=170/200 train_loss=0.757725 val_loss=0.867605 train_obj=1.147780 val_obj=1.257659 train_acc=0.8172 val_acc=0.7555
[cvx-sgd] epoch=180/200 train_loss=0.743475 val_loss=0.856235 train_obj=1.131410 val_obj=1.244171 train_acc=0.8227 val_acc=0.7575
[cvx-sgd] epoch=190/200 train_loss=0.730323 val_loss=0.845766 train_obj=1.116430 val_obj=1.231873 train_acc=0.8272 val_acc=0.7645
[cvx-sgd] epoch=200/200 train_loss=0.718176 val_loss=0.836161 train_obj=1.102603 val_obj=1.220588 train_acc=0.8305 val_acc=0.7660
[cvx-run] method=sgd beta=0.1 lr=0.001 bias=-0.5 batch_size=full(6000) n_train=6000
[cvx-sgd] epoch=10/200 train_loss=1.733240 val_loss=1.751070 train_obj=2.156511 val_obj=2.174342 train_acc=0.3738 val_acc=0.3580
[cvx-sgd] epoch=20/200 train_loss=1.492239 val_loss=1.522066 train_obj=1.916180 val_obj=1.946007 train_acc=0.4827 val_acc=0.4675
[cvx-sgd] epoch=30/200 train_loss=1.318553 val_loss=1.355203 train_obj=1.736749 val_obj=1.773400 train_acc=0.5670 val_acc=0.5520
[cvx-sgd] epoch=40/200 train_loss=1.193439 val_loss=1.240668 train_obj=1.608597 val_obj=1.655826 train_acc=0.6387 val_acc=0.6125
[cvx-sgd] epoch=50/200 train_loss=1.097743 val_loss=1.155644 train_obj=1.512523 val_obj=1.570424 train_acc=0.6885 val_acc=0.6595
[cvx-sgd] epoch=60/200 train_loss=1.035138 val_loss=1.102548 train_obj=1.449742 val_obj=1.517152 train_acc=0.7175 val_acc=0.6780
[cvx-sgd] epoch=70/200 train_loss=0.982004 val_loss=1.055522 train_obj=1.395406 val_obj=1.468924 train_acc=0.7432 val_acc=0.7005
[cvx-sgd] epoch=80/200 train_loss=0.939478 val_loss=1.018581 train_obj=1.351098 val_obj=1.430201 train_acc=0.7578 val_acc=0.7120
[cvx-sgd] epoch=90/200 train_loss=0.903302 val_loss=0.987909 train_obj=1.313071 val_obj=1.397678 train_acc=0.7697 val_acc=0.7230
[cvx-sgd] epoch=100/200 train_loss=0.871958 val_loss=0.960686 train_obj=1.279445 val_obj=1.368173 train_acc=0.7800 val_acc=0.7310
[cvx-sgd] epoch=110/200 train_loss=0.844706 val_loss=0.937392 train_obj=1.249741 val_obj=1.342428 train_acc=0.7877 val_acc=0.7390
[cvx-sgd] epoch=120/200 train_loss=0.820694 val_loss=0.917209 train_obj=1.223044 val_obj=1.319558 train_acc=0.7955 val_acc=0.7465
[cvx-sgd] epoch=130/200 train_loss=0.799399 val_loss=0.899546 train_obj=1.198897 val_obj=1.299043 train_acc=0.8018 val_acc=0.7525
[cvx-sgd] epoch=140/200 train_loss=0.780364 val_loss=0.883779 train_obj=1.176976 val_obj=1.280391 train_acc=0.8078 val_acc=0.7545
[cvx-sgd] epoch=150/200 train_loss=0.763163 val_loss=0.869792 train_obj=1.157124 val_obj=1.263753 train_acc=0.8122 val_acc=0.7580
[cvx-sgd] epoch=160/200 train_loss=0.747531 val_loss=0.857109 train_obj=1.138931 val_obj=1.248509 train_acc=0.8173 val_acc=0.7620
[cvx-sgd] epoch=170/200 train_loss=0.733287 val_loss=0.845761 train_obj=1.122380 val_obj=1.234854 train_acc=0.8218 val_acc=0.7665
[cvx-sgd] epoch=180/200 train_loss=0.720203 val_loss=0.835353 train_obj=1.107227 val_obj=1.222377 train_acc=0.8253 val_acc=0.7685
[cvx-sgd] epoch=190/200 train_loss=0.708168 val_loss=0.825870 train_obj=1.093282 val_obj=1.210984 train_acc=0.8302 val_acc=0.7710
[cvx-sgd] epoch=200/200 train_loss=0.696997 val_loss=0.817247 train_obj=1.080413 val_obj=1.200663 train_acc=0.8340 val_acc=0.7735
[cvx-run] method=sgd beta=0.1 lr=0.001 bias=0 batch_size=full(6000) n_train=6000
[cvx-sgd] epoch=10/200 train_loss=2.133854 val_loss=2.090089 train_obj=2.558021 val_obj=2.514256 train_acc=0.3788 val_acc=0.3705
[cvx-sgd] epoch=20/200 train_loss=1.443814 val_loss=1.476777 train_obj=1.866802 val_obj=1.899764 train_acc=0.5190 val_acc=0.4945
[cvx-sgd] epoch=30/200 train_loss=1.319746 val_loss=1.382888 train_obj=1.739635 val_obj=1.802776 train_acc=0.5417 val_acc=0.5150
[cvx-sgd] epoch=40/200 train_loss=1.158692 val_loss=1.210032 train_obj=1.576994 val_obj=1.628333 train_acc=0.6715 val_acc=0.6470
[cvx-sgd] epoch=50/200 train_loss=1.078882 val_loss=1.135555 train_obj=1.496650 val_obj=1.553323 train_acc=0.7035 val_acc=0.6755
[cvx-sgd] epoch=60/200 train_loss=1.018719 val_loss=1.085513 train_obj=1.435777 val_obj=1.502571 train_acc=0.7217 val_acc=0.6875
[cvx-sgd] epoch=70/200 train_loss=0.967780 val_loss=1.038660 train_obj=1.383182 val_obj=1.454063 train_acc=0.7435 val_acc=0.7045
[cvx-sgd] epoch=80/200 train_loss=0.925553 val_loss=1.003489 train_obj=1.338845 val_obj=1.416781 train_acc=0.7623 val_acc=0.7160
[cvx-sgd] epoch=90/200 train_loss=0.890034 val_loss=0.974075 train_obj=1.301016 val_obj=1.385057 train_acc=0.7775 val_acc=0.7225
[cvx-sgd] epoch=100/200 train_loss=0.859360 val_loss=0.947785 train_obj=1.267719 val_obj=1.356144 train_acc=0.7858 val_acc=0.7330
[cvx-sgd] epoch=110/200 train_loss=0.832645 val_loss=0.925478 train_obj=1.237990 val_obj=1.330824 train_acc=0.7952 val_acc=0.7385
[cvx-sgd] epoch=120/200 train_loss=0.809117 val_loss=0.906007 train_obj=1.211426 val_obj=1.308317 train_acc=0.8030 val_acc=0.7475
[cvx-sgd] epoch=130/200 train_loss=0.788141 val_loss=0.888787 train_obj=1.187388 val_obj=1.288033 train_acc=0.8073 val_acc=0.7505
[cvx-sgd] epoch=140/200 train_loss=0.769326 val_loss=0.873560 train_obj=1.165512 val_obj=1.269746 train_acc=0.8118 val_acc=0.7550
[cvx-sgd] epoch=150/200 train_loss=0.752313 val_loss=0.859932 train_obj=1.145737 val_obj=1.253356 train_acc=0.8162 val_acc=0.7580
[cvx-sgd] epoch=160/200 train_loss=0.736851 val_loss=0.847673 train_obj=1.127777 val_obj=1.238600 train_acc=0.8222 val_acc=0.7610
[cvx-sgd] epoch=170/200 train_loss=0.722685 val_loss=0.836556 train_obj=1.111460 val_obj=1.225331 train_acc=0.8275 val_acc=0.7645
[cvx-sgd] epoch=180/200 train_loss=0.709693 val_loss=0.826427 train_obj=1.096580 val_obj=1.213313 train_acc=0.8305 val_acc=0.7670
[cvx-sgd] epoch=190/200 train_loss=0.697648 val_loss=0.817160 train_obj=1.083061 val_obj=1.202573 train_acc=0.8348 val_acc=0.7700
[cvx-sgd] epoch=200/200 train_loss=0.686491 val_loss=0.808697 train_obj=1.070724 val_obj=1.192930 train_acc=0.8380 val_acc=0.7725
[cvx-run] method=sgd beta=0.1 lr=0.001 bias=0.5 batch_size=full(6000) n_train=6000
[cvx-sgd] epoch=10/200 train_loss=1.802104 val_loss=1.804576 train_obj=2.226621 val_obj=2.229093 train_acc=0.3432 val_acc=0.3340
[cvx-sgd] epoch=20/200 train_loss=1.495847 val_loss=1.527187 train_obj=1.920888 val_obj=1.952228 train_acc=0.4922 val_acc=0.4815
[cvx-sgd] epoch=30/200 train_loss=1.305331 val_loss=1.355985 train_obj=1.724178 val_obj=1.774832 train_acc=0.5847 val_acc=0.5535
[cvx-sgd] epoch=40/200 train_loss=1.189283 val_loss=1.243287 train_obj=1.604223 val_obj=1.658228 train_acc=0.6555 val_acc=0.6275
[cvx-sgd] epoch=50/200 train_loss=1.100980 val_loss=1.160317 train_obj=1.514858 val_obj=1.574195 train_acc=0.6883 val_acc=0.6620
[cvx-sgd] epoch=60/200 train_loss=1.036178 val_loss=1.102561 train_obj=1.449798 val_obj=1.516182 train_acc=0.7155 val_acc=0.6865
[cvx-sgd] epoch=70/200 train_loss=0.982900 val_loss=1.056396 train_obj=1.395654 val_obj=1.469151 train_acc=0.7388 val_acc=0.6955
[cvx-sgd] epoch=80/200 train_loss=0.938967 val_loss=1.017766 train_obj=1.350209 val_obj=1.429007 train_acc=0.7553 val_acc=0.7115
[cvx-sgd] epoch=90/200 train_loss=0.901722 val_loss=0.985024 train_obj=1.311069 val_obj=1.394371 train_acc=0.7727 val_acc=0.7180
[cvx-sgd] epoch=100/200 train_loss=0.869609 val_loss=0.957985 train_obj=1.276631 val_obj=1.365007 train_acc=0.7822 val_acc=0.7265
[cvx-sgd] epoch=110/200 train_loss=0.841712 val_loss=0.934690 train_obj=1.246030 val_obj=1.339009 train_acc=0.7922 val_acc=0.7350
[cvx-sgd] epoch=120/200 train_loss=0.817136 val_loss=0.914395 train_obj=1.218642 val_obj=1.315901 train_acc=0.8005 val_acc=0.7420
[cvx-sgd] epoch=130/200 train_loss=0.795339 val_loss=0.896541 train_obj=1.193892 val_obj=1.295093 train_acc=0.8077 val_acc=0.7450
[cvx-sgd] epoch=140/200 train_loss=0.775884 val_loss=0.880825 train_obj=1.171270 val_obj=1.276211 train_acc=0.8137 val_acc=0.7500
[cvx-sgd] epoch=150/200 train_loss=0.758315 val_loss=0.866663 train_obj=1.150657 val_obj=1.259005 train_acc=0.8178 val_acc=0.7575
[cvx-sgd] epoch=160/200 train_loss=0.742435 val_loss=0.854024 train_obj=1.131823 val_obj=1.243412 train_acc=0.8227 val_acc=0.7615
[cvx-sgd] epoch=170/200 train_loss=0.727915 val_loss=0.842489 train_obj=1.114677 val_obj=1.229251 train_acc=0.8263 val_acc=0.7625
[cvx-sgd] epoch=180/200 train_loss=0.714632 val_loss=0.832039 train_obj=1.098943 val_obj=1.216351 train_acc=0.8313 val_acc=0.7650
[cvx-sgd] epoch=190/200 train_loss=0.702430 val_loss=0.822574 train_obj=1.084688 val_obj=1.204832 train_acc=0.8353 val_acc=0.7680
[cvx-sgd] epoch=200/200 train_loss=0.691142 val_loss=0.813888 train_obj=1.071653 val_obj=1.194399 train_acc=0.8383 val_acc=0.7715
[cvx-run] method=sgd beta=0.1 lr=0.001 bias=1 batch_size=full(6000) n_train=6000
[cvx-sgd] epoch=10/200 train_loss=1.835825 val_loss=1.878638 train_obj=2.261286 val_obj=2.304100 train_acc=0.3265 val_acc=0.3100
[cvx-sgd] epoch=20/200 train_loss=1.504795 val_loss=1.527477 train_obj=1.933431 val_obj=1.956113 train_acc=0.4935 val_acc=0.4815
[cvx-sgd] epoch=30/200 train_loss=1.313315 val_loss=1.350528 train_obj=1.736000 val_obj=1.773214 train_acc=0.5900 val_acc=0.5840
[cvx-sgd] epoch=40/200 train_loss=1.167106 val_loss=1.218543 train_obj=1.585881 val_obj=1.637319 train_acc=0.6577 val_acc=0.6255
[cvx-sgd] epoch=50/200 train_loss=1.084459 val_loss=1.140468 train_obj=1.501751 val_obj=1.557759 train_acc=0.7020 val_acc=0.6685
[cvx-sgd] epoch=60/200 train_loss=1.018418 val_loss=1.084892 train_obj=1.435166 val_obj=1.501639 train_acc=0.7242 val_acc=0.6840
[cvx-sgd] epoch=70/200 train_loss=0.966113 val_loss=1.039844 train_obj=1.381713 val_obj=1.455444 train_acc=0.7453 val_acc=0.7035
[cvx-sgd] epoch=80/200 train_loss=0.923182 val_loss=1.002751 train_obj=1.336878 val_obj=1.416448 train_acc=0.7615 val_acc=0.7080
[cvx-sgd] epoch=90/200 train_loss=0.886882 val_loss=0.971045 train_obj=1.298424 val_obj=1.382588 train_acc=0.7755 val_acc=0.7235
[cvx-sgd] epoch=100/200 train_loss=0.855589 val_loss=0.944524 train_obj=1.264709 val_obj=1.353644 train_acc=0.7858 val_acc=0.7305
[cvx-sgd] epoch=110/200 train_loss=0.828319 val_loss=0.922137 train_obj=1.234904 val_obj=1.328722 train_acc=0.7945 val_acc=0.7405
[cvx-sgd] epoch=120/200 train_loss=0.804346 val_loss=0.902635 train_obj=1.208163 val_obj=1.306452 train_acc=0.8037 val_acc=0.7450
[cvx-sgd] epoch=130/200 train_loss=0.783031 val_loss=0.885427 train_obj=1.184131 val_obj=1.286526 train_acc=0.8100 val_acc=0.7485
[cvx-sgd] epoch=140/200 train_loss=0.763989 val_loss=0.870327 train_obj=1.162435 val_obj=1.268773 train_acc=0.8163 val_acc=0.7525
[cvx-sgd] epoch=150/200 train_loss=0.746824 val_loss=0.856842 train_obj=1.142751 val_obj=1.252769 train_acc=0.8230 val_acc=0.7585
[cvx-sgd] epoch=160/200 train_loss=0.731272 val_loss=0.844815 train_obj=1.124834 val_obj=1.238377 train_acc=0.8272 val_acc=0.7605
[cvx-sgd] epoch=170/200 train_loss=0.717052 val_loss=0.833872 train_obj=1.108630 val_obj=1.225450 train_acc=0.8310 val_acc=0.7615
[cvx-sgd] epoch=180/200 train_loss=0.703987 val_loss=0.823815 train_obj=1.093841 val_obj=1.213669 train_acc=0.8332 val_acc=0.7645
[cvx-sgd] epoch=190/200 train_loss=0.691941 val_loss=0.814512 train_obj=1.080300 val_obj=1.202870 train_acc=0.8368 val_acc=0.7685
[cvx-sgd] epoch=200/200 train_loss=0.680815 val_loss=0.806114 train_obj=1.067859 val_obj=1.193158 train_acc=0.8398 val_acc=0.7700
[cvx-run] method=sgd beta=0.1 lr=0.005 bias=-1 batch_size=full(6000) n_train=6000
[cvx-sgd] epoch=10/200 train_loss=13.319128 val_loss=13.130734 train_obj=14.129697 val_obj=13.941303 train_acc=0.2258 val_acc=0.2135
[cvx-sgd] epoch=20/200 train_loss=5.985065 val_loss=6.044170 train_obj=6.869929 val_obj=6.929034 train_acc=0.3207 val_acc=0.2985
[cvx-sgd] epoch=30/200 train_loss=3.470313 val_loss=3.531805 train_obj=4.342710 val_obj=4.404201 train_acc=0.3665 val_acc=0.3555
[cvx-sgd] epoch=40/200 train_loss=2.123296 val_loss=2.160193 train_obj=2.968103 val_obj=3.005000 train_acc=0.4867 val_acc=0.4815
[cvx-sgd] epoch=50/200 train_loss=1.327914 val_loss=1.402388 train_obj=2.135623 val_obj=2.210097 train_acc=0.6170 val_acc=0.5895
[cvx-sgd] epoch=60/200 train_loss=1.069740 val_loss=1.132828 train_obj=1.842369 val_obj=1.905457 train_acc=0.6725 val_acc=0.6485
[cvx-sgd] epoch=70/200 train_loss=0.927212 val_loss=1.001076 train_obj=1.667206 val_obj=1.741071 train_acc=0.7178 val_acc=0.6840
[cvx-sgd] epoch=80/200 train_loss=0.865994 val_loss=0.947819 train_obj=1.574900 val_obj=1.656725 train_acc=0.7522 val_acc=0.7130
[cvx-sgd] epoch=90/200 train_loss=0.822451 val_loss=0.914123 train_obj=1.503468 val_obj=1.595140 train_acc=0.7780 val_acc=0.7270
[cvx-sgd] epoch=100/200 train_loss=0.794028 val_loss=0.887935 train_obj=1.450524 val_obj=1.544431 train_acc=0.7923 val_acc=0.7450
[cvx-sgd] epoch=110/200 train_loss=0.776299 val_loss=0.872874 train_obj=1.410691 val_obj=1.507266 train_acc=0.8017 val_acc=0.7540
[cvx-sgd] epoch=120/200 train_loss=0.760710 val_loss=0.860713 train_obj=1.375582 val_obj=1.475585 train_acc=0.8088 val_acc=0.7545
[cvx-sgd] epoch=130/200 train_loss=0.747494 val_loss=0.850577 train_obj=1.345030 val_obj=1.448112 train_acc=0.8140 val_acc=0.7600
[cvx-sgd] epoch=140/200 train_loss=0.735261 val_loss=0.841026 train_obj=1.317685 val_obj=1.423450 train_acc=0.8182 val_acc=0.7635
[cvx-sgd] epoch=150/200 train_loss=0.723910 val_loss=0.832613 train_obj=1.292386 val_obj=1.401089 train_acc=0.8223 val_acc=0.7665
[cvx-sgd] epoch=160/200 train_loss=0.713223 val_loss=0.824597 train_obj=1.269141 val_obj=1.380515 train_acc=0.8253 val_acc=0.7695
[cvx-sgd] epoch=170/200 train_loss=0.703141 val_loss=0.817004 train_obj=1.247438 val_obj=1.361301 train_acc=0.8285 val_acc=0.7695
[cvx-sgd] epoch=180/200 train_loss=0.693591 val_loss=0.809852 train_obj=1.227034 val_obj=1.343295 train_acc=0.8313 val_acc=0.7745
[cvx-sgd] epoch=190/200 train_loss=0.684512 val_loss=0.803149 train_obj=1.207921 val_obj=1.326558 train_acc=0.8343 val_acc=0.7765
[cvx-sgd] epoch=200/200 train_loss=0.675889 val_loss=0.796796 train_obj=1.189766 val_obj=1.310672 train_acc=0.8370 val_acc=0.7790
[cvx-run] method=sgd beta=0.1 lr=0.005 bias=-0.5 batch_size=full(6000) n_train=6000
[cvx-sgd] epoch=10/200 train_loss=17.592680 val_loss=18.148308 train_obj=18.426094 val_obj=18.981722 train_acc=0.0952 val_acc=0.0860
[cvx-sgd] epoch=20/200 train_loss=9.394302 val_loss=9.349261 train_obj=10.384257 val_obj=10.339216 train_acc=0.2767 val_acc=0.2650
[cvx-sgd] epoch=30/200 train_loss=3.629278 val_loss=3.729148 train_obj=4.619257 val_obj=4.719127 train_acc=0.3903 val_acc=0.3670
[cvx-sgd] epoch=40/200 train_loss=2.328709 val_loss=2.428644 train_obj=3.287029 val_obj=3.386964 train_acc=0.5110 val_acc=0.5010
[cvx-sgd] epoch=50/200 train_loss=1.405409 val_loss=1.475674 train_obj=2.320274 val_obj=2.390540 train_acc=0.5832 val_acc=0.5565
[cvx-sgd] epoch=60/200 train_loss=1.005849 val_loss=1.074662 train_obj=1.873592 val_obj=1.942405 train_acc=0.6922 val_acc=0.6585
[cvx-sgd] epoch=70/200 train_loss=0.819567 val_loss=0.929642 train_obj=1.635515 val_obj=1.745590 train_acc=0.7555 val_acc=0.7070
[cvx-sgd] epoch=80/200 train_loss=0.748356 val_loss=0.864688 train_obj=1.513118 val_obj=1.629449 train_acc=0.7883 val_acc=0.7365
[cvx-sgd] epoch=90/200 train_loss=0.714305 val_loss=0.823107 train_obj=1.431369 val_obj=1.540171 train_acc=0.8158 val_acc=0.7665
[cvx-sgd] epoch=100/200 train_loss=0.692758 val_loss=0.808759 train_obj=1.368660 val_obj=1.484661 train_acc=0.8232 val_acc=0.7680
[cvx-sgd] epoch=110/200 train_loss=0.681264 val_loss=0.799945 train_obj=1.321531 val_obj=1.440211 train_acc=0.8322 val_acc=0.7710
[cvx-sgd] epoch=120/200 train_loss=0.672306 val_loss=0.793841 train_obj=1.282098 val_obj=1.403633 train_acc=0.8372 val_acc=0.7785
[cvx-sgd] epoch=130/200 train_loss=0.664352 val_loss=0.788093 train_obj=1.248275 val_obj=1.372015 train_acc=0.8400 val_acc=0.7790
[cvx-sgd] epoch=140/200 train_loss=0.656548 val_loss=0.783115 train_obj=1.217797 val_obj=1.344365 train_acc=0.8427 val_acc=0.7805
[cvx-sgd] epoch=150/200 train_loss=0.648899 val_loss=0.777745 train_obj=1.190632 val_obj=1.319478 train_acc=0.8445 val_acc=0.7840
[cvx-sgd] epoch=160/200 train_loss=0.641203 val_loss=0.772745 train_obj=1.166424 val_obj=1.297966 train_acc=0.8468 val_acc=0.7845
[cvx-sgd] epoch=170/200 train_loss=0.633577 val_loss=0.767565 train_obj=1.143280 val_obj=1.277268 train_acc=0.8488 val_acc=0.7850
[cvx-sgd] epoch=180/200 train_loss=0.626179 val_loss=0.762518 train_obj=1.122621 val_obj=1.258961 train_acc=0.8518 val_acc=0.7875
[cvx-sgd] epoch=190/200 train_loss=0.619030 val_loss=0.757752 train_obj=1.103286 val_obj=1.242008 train_acc=0.8557 val_acc=0.7900
[cvx-sgd] epoch=200/200 train_loss=0.612147 val_loss=0.753255 train_obj=1.085140 val_obj=1.226249 train_acc=0.8595 val_acc=0.7900
[cvx-run] method=sgd beta=0.1 lr=0.005 bias=0 batch_size=full(6000) n_train=6000
[cvx-sgd] epoch=10/200 train_loss=16.583641 val_loss=16.480698 train_obj=17.327632 val_obj=17.224689 train_acc=0.1513 val_acc=0.1640
[cvx-sgd] epoch=20/200 train_loss=7.348844 val_loss=7.514060 train_obj=8.217713 val_obj=8.382929 train_acc=0.2878 val_acc=0.3045
[cvx-sgd] epoch=30/200 train_loss=3.502607 val_loss=3.521500 train_obj=4.369522 val_obj=4.388415 train_acc=0.3615 val_acc=0.3585
[cvx-sgd] epoch=40/200 train_loss=1.460550 val_loss=1.555131 train_obj=2.302608 val_obj=2.397188 train_acc=0.6097 val_acc=0.5830
[cvx-sgd] epoch=50/200 train_loss=1.034447 val_loss=1.114040 train_obj=1.833708 val_obj=1.913301 train_acc=0.6817 val_acc=0.6565
[cvx-sgd] epoch=60/200 train_loss=0.909047 val_loss=1.008479 train_obj=1.662266 val_obj=1.761698 train_acc=0.7200 val_acc=0.6825
[cvx-sgd] epoch=70/200 train_loss=0.767619 val_loss=0.871478 train_obj=1.470904 val_obj=1.574763 train_acc=0.7797 val_acc=0.7360
[cvx-sgd] epoch=80/200 train_loss=0.728757 val_loss=0.843332 train_obj=1.385233 val_obj=1.499808 train_acc=0.8125 val_acc=0.7565
[cvx-sgd] epoch=90/200 train_loss=0.703015 val_loss=0.820482 train_obj=1.319072 val_obj=1.436539 train_acc=0.8203 val_acc=0.7665
[cvx-sgd] epoch=100/200 train_loss=0.686844 val_loss=0.805518 train_obj=1.268361 val_obj=1.387035 train_acc=0.8307 val_acc=0.7790
[cvx-sgd] epoch=110/200 train_loss=0.674606 val_loss=0.795754 train_obj=1.226570 val_obj=1.347718 train_acc=0.8368 val_acc=0.7790
[cvx-sgd] epoch=120/200 train_loss=0.664897 val_loss=0.789782 train_obj=1.192418 val_obj=1.317303 train_acc=0.8393 val_acc=0.7805
[cvx-sgd] epoch=130/200 train_loss=0.655901 val_loss=0.784023 train_obj=1.163269 val_obj=1.291391 train_acc=0.8430 val_acc=0.7860
[cvx-sgd] epoch=140/200 train_loss=0.647358 val_loss=0.778157 train_obj=1.137376 val_obj=1.268175 train_acc=0.8455 val_acc=0.7895
[cvx-sgd] epoch=150/200 train_loss=0.639100 val_loss=0.772415 train_obj=1.114542 val_obj=1.247857 train_acc=0.8480 val_acc=0.7890
[cvx-sgd] epoch=160/200 train_loss=0.631052 val_loss=0.766959 train_obj=1.094775 val_obj=1.230683 train_acc=0.8512 val_acc=0.7885
[cvx-sgd] epoch=170/200 train_loss=0.623147 val_loss=0.761668 train_obj=1.075861 val_obj=1.214381 train_acc=0.8543 val_acc=0.7890
[cvx-sgd] epoch=180/200 train_loss=0.615504 val_loss=0.756648 train_obj=1.059616 val_obj=1.200760 train_acc=0.8565 val_acc=0.7905
[cvx-sgd] epoch=190/200 train_loss=0.608144 val_loss=0.751652 train_obj=1.044831 val_obj=1.188340 train_acc=0.8595 val_acc=0.7890
[cvx-sgd] epoch=200/200 train_loss=0.601153 val_loss=0.746803 train_obj=1.031137 val_obj=1.176786 train_acc=0.8623 val_acc=0.7900
[cvx-run] method=sgd beta=0.1 lr=0.005 bias=0.5 batch_size=full(6000) n_train=6000
[cvx-sgd] epoch=10/200 train_loss=12.605151 val_loss=12.660470 train_obj=13.359246 val_obj=13.414565 train_acc=0.1640 val_acc=0.1575
[cvx-sgd] epoch=20/200 train_loss=5.983835 val_loss=5.934433 train_obj=6.883109 val_obj=6.833708 train_acc=0.3883 val_acc=0.3695
[cvx-sgd] epoch=30/200 train_loss=4.012094 val_loss=4.077046 train_obj=4.903949 val_obj=4.968901 train_acc=0.4242 val_acc=0.4195
[cvx-sgd] epoch=40/200 train_loss=2.429173 val_loss=2.504464 train_obj=3.289468 val_obj=3.364759 train_acc=0.4535 val_acc=0.4495
[cvx-sgd] epoch=50/200 train_loss=1.579080 val_loss=1.685584 train_obj=2.406088 val_obj=2.512591 train_acc=0.6197 val_acc=0.5865
[cvx-sgd] epoch=60/200 train_loss=1.180262 val_loss=1.243827 train_obj=1.966415 val_obj=2.029980 train_acc=0.6432 val_acc=0.6205
[cvx-sgd] epoch=70/200 train_loss=0.946756 val_loss=1.024890 train_obj=1.696356 val_obj=1.774490 train_acc=0.7038 val_acc=0.6770
[cvx-sgd] epoch=80/200 train_loss=0.855173 val_loss=0.938851 train_obj=1.568838 val_obj=1.652517 train_acc=0.7503 val_acc=0.7055
[cvx-sgd] epoch=90/200 train_loss=0.804939 val_loss=0.897962 train_obj=1.485847 val_obj=1.578871 train_acc=0.7820 val_acc=0.7315
[cvx-sgd] epoch=100/200 train_loss=0.778771 val_loss=0.877936 train_obj=1.431243 val_obj=1.530408 train_acc=0.7973 val_acc=0.7440
[cvx-sgd] epoch=110/200 train_loss=0.762732 val_loss=0.864613 train_obj=1.390118 val_obj=1.491998 train_acc=0.8040 val_acc=0.7520
[cvx-sgd] epoch=120/200 train_loss=0.750045 val_loss=0.854172 train_obj=1.355558 val_obj=1.459685 train_acc=0.8103 val_acc=0.7600
[cvx-sgd] epoch=130/200 train_loss=0.739108 val_loss=0.845829 train_obj=1.325863 val_obj=1.432584 train_acc=0.8175 val_acc=0.7610
[cvx-sgd] epoch=140/200 train_loss=0.729029 val_loss=0.838402 train_obj=1.299572 val_obj=1.408945 train_acc=0.8207 val_acc=0.7670
[cvx-sgd] epoch=150/200 train_loss=0.719352 val_loss=0.831343 train_obj=1.275839 val_obj=1.387830 train_acc=0.8252 val_acc=0.7685
[cvx-sgd] epoch=160/200 train_loss=0.710063 val_loss=0.824549 train_obj=1.254142 val_obj=1.368627 train_acc=0.8285 val_acc=0.7720
[cvx-sgd] epoch=170/200 train_loss=0.701071 val_loss=0.817925 train_obj=1.233714 val_obj=1.350568 train_acc=0.8318 val_acc=0.7735
[cvx-sgd] epoch=180/200 train_loss=0.692427 val_loss=0.811705 train_obj=1.214548 val_obj=1.333826 train_acc=0.8338 val_acc=0.7750
[cvx-sgd] epoch=190/200 train_loss=0.684036 val_loss=0.805640 train_obj=1.196521 val_obj=1.318126 train_acc=0.8365 val_acc=0.7760
[cvx-sgd] epoch=200/200 train_loss=0.675935 val_loss=0.799806 train_obj=1.179253 val_obj=1.303125 train_acc=0.8392 val_acc=0.7790
[cvx-run] method=sgd beta=0.1 lr=0.005 bias=1 batch_size=full(6000) n_train=6000
[cvx-sgd] epoch=10/200 train_loss=14.591733 val_loss=14.438453 train_obj=15.446166 val_obj=15.292886 train_acc=0.2275 val_acc=0.2315
[cvx-sgd] epoch=20/200 train_loss=5.963515 val_loss=6.076202 train_obj=6.872610 val_obj=6.985297 train_acc=0.2862 val_acc=0.2925
[cvx-sgd] epoch=30/200 train_loss=3.387693 val_loss=3.542150 train_obj=4.292568 val_obj=4.447024 train_acc=0.4293 val_acc=0.4075
[cvx-sgd] epoch=40/200 train_loss=2.016372 val_loss=2.160156 train_obj=2.896877 val_obj=3.040661 train_acc=0.5120 val_acc=0.4890
[cvx-sgd] epoch=50/200 train_loss=1.468396 val_loss=1.509671 train_obj=2.313862 val_obj=2.355137 train_acc=0.5303 val_acc=0.5160
[cvx-sgd] epoch=60/200 train_loss=1.105126 val_loss=1.166101 train_obj=1.918761 val_obj=1.979736 train_acc=0.6390 val_acc=0.6085
[cvx-sgd] epoch=70/200 train_loss=0.923214 val_loss=1.001688 train_obj=1.707714 val_obj=1.786188 train_acc=0.7153 val_acc=0.6780
[cvx-sgd] epoch=80/200 train_loss=0.856337 val_loss=0.946597 train_obj=1.612420 val_obj=1.702680 train_acc=0.7552 val_acc=0.7120
[cvx-sgd] epoch=90/200 train_loss=0.819501 val_loss=0.914768 train_obj=1.548983 val_obj=1.644250 train_acc=0.7760 val_acc=0.7290
[cvx-sgd] epoch=100/200 train_loss=0.798308 val_loss=0.894494 train_obj=1.504115 val_obj=1.600301 train_acc=0.7890 val_acc=0.7380
[cvx-sgd] epoch=110/200 train_loss=0.782089 val_loss=0.882273 train_obj=1.467246 val_obj=1.567430 train_acc=0.8003 val_acc=0.7405
[cvx-sgd] epoch=120/200 train_loss=0.768175 val_loss=0.871338 train_obj=1.434910 val_obj=1.538073 train_acc=0.8058 val_acc=0.7480
[cvx-sgd] epoch=130/200 train_loss=0.755323 val_loss=0.861338 train_obj=1.405915 val_obj=1.511931 train_acc=0.8090 val_acc=0.7545
[cvx-sgd] epoch=140/200 train_loss=0.743054 val_loss=0.850973 train_obj=1.379001 val_obj=1.486920 train_acc=0.8153 val_acc=0.7585
[cvx-sgd] epoch=150/200 train_loss=0.731175 val_loss=0.842053 train_obj=1.353565 val_obj=1.464442 train_acc=0.8205 val_acc=0.7625
[cvx-sgd] epoch=160/200 train_loss=0.719849 val_loss=0.833353 train_obj=1.329590 val_obj=1.443094 train_acc=0.8242 val_acc=0.7650
[cvx-sgd] epoch=170/200 train_loss=0.709093 val_loss=0.824957 train_obj=1.306846 val_obj=1.422710 train_acc=0.8280 val_acc=0.7670
[cvx-sgd] epoch=180/200 train_loss=0.698877 val_loss=0.817277 train_obj=1.284949 val_obj=1.403350 train_acc=0.8318 val_acc=0.7685
[cvx-sgd] epoch=190/200 train_loss=0.689241 val_loss=0.810120 train_obj=1.264214 val_obj=1.385092 train_acc=0.8365 val_acc=0.7720
[cvx-sgd] epoch=200/200 train_loss=0.680178 val_loss=0.803401 train_obj=1.244517 val_obj=1.367741 train_acc=0.8397 val_acc=0.7755
[cvx-run] method=sgd beta=0.1 lr=0.01 bias=-1 batch_size=full(6000) n_train=6000
[cvx-sgd] epoch=10/200 train_loss=31.124729 val_loss=31.697403 train_obj=32.649853 val_obj=33.222527 train_acc=0.2035 val_acc=0.2020
[cvx-sgd] epoch=20/200 train_loss=15.094840 val_loss=15.137259 train_obj=16.854236 val_obj=16.896654 train_acc=0.2923 val_acc=0.2755
[cvx-sgd] epoch=30/200 train_loss=5.500540 val_loss=5.690778 train_obj=7.296370 val_obj=7.486608 train_acc=0.4362 val_acc=0.4165
[cvx-sgd] epoch=40/200 train_loss=2.704070 val_loss=2.847986 train_obj=4.461024 val_obj=4.604941 train_acc=0.5792 val_acc=0.5570
[cvx-sgd] epoch=50/200 train_loss=1.993183 val_loss=2.154209 train_obj=3.638939 val_obj=3.799965 train_acc=0.6363 val_acc=0.6050
[cvx-sgd] epoch=60/200 train_loss=1.291166 val_loss=1.476655 train_obj=2.807343 val_obj=2.992832 train_acc=0.6630 val_acc=0.6130
[cvx-sgd] epoch=70/200 train_loss=0.767168 val_loss=0.925789 train_obj=2.160232 val_obj=2.318854 train_acc=0.7737 val_acc=0.7235
[cvx-sgd] epoch=80/200 train_loss=0.565674 val_loss=0.715626 train_obj=1.826296 val_obj=1.976249 train_acc=0.8230 val_acc=0.7800
[cvx-sgd] epoch=90/200 train_loss=0.509816 val_loss=0.668480 train_obj=1.649364 val_obj=1.808027 train_acc=0.8602 val_acc=0.8015
[cvx-sgd] epoch=100/200 train_loss=0.496519 val_loss=0.655370 train_obj=1.522577 val_obj=1.681428 train_acc=0.8752 val_acc=0.8080
[cvx-sgd] epoch=110/200 train_loss=0.499482 val_loss=0.661517 train_obj=1.424050 val_obj=1.586085 train_acc=0.8780 val_acc=0.8090
[cvx-sgd] epoch=120/200 train_loss=0.507255 val_loss=0.670664 train_obj=1.345672 val_obj=1.509081 train_acc=0.8812 val_acc=0.8105
[cvx-sgd] epoch=130/200 train_loss=0.514151 val_loss=0.678415 train_obj=1.282632 val_obj=1.446895 train_acc=0.8835 val_acc=0.8100
[cvx-sgd] epoch=140/200 train_loss=0.520202 val_loss=0.684315 train_obj=1.227097 val_obj=1.391210 train_acc=0.8853 val_acc=0.8115
[cvx-sgd] epoch=150/200 train_loss=0.524381 val_loss=0.690165 train_obj=1.182174 val_obj=1.347958 train_acc=0.8870 val_acc=0.8135
[cvx-sgd] epoch=160/200 train_loss=0.526638 val_loss=0.693231 train_obj=1.142826 val_obj=1.309419 train_acc=0.8877 val_acc=0.8130
[cvx-sgd] epoch=170/200 train_loss=0.527307 val_loss=0.695156 train_obj=1.107058 val_obj=1.274906 train_acc=0.8887 val_acc=0.8135
[cvx-sgd] epoch=180/200 train_loss=0.526776 val_loss=0.696103 train_obj=1.077668 val_obj=1.246995 train_acc=0.8887 val_acc=0.8125
[cvx-sgd] epoch=190/200 train_loss=0.525286 val_loss=0.695876 train_obj=1.052307 val_obj=1.222897 train_acc=0.8888 val_acc=0.8120
[cvx-sgd] epoch=200/200 train_loss=0.523241 val_loss=0.695292 train_obj=1.029175 val_obj=1.201226 train_acc=0.8883 val_acc=0.8080
[cvx-run] method=sgd beta=0.1 lr=0.01 bias=-0.5 batch_size=full(6000) n_train=6000
[cvx-sgd] epoch=10/200 train_loss=45.690582 val_loss=44.286663 train_obj=47.483703 val_obj=46.079784 train_acc=0.2142 val_acc=0.2195
[cvx-sgd] epoch=20/200 train_loss=19.898315 val_loss=20.803383 train_obj=21.867427 val_obj=22.772494 train_acc=0.3152 val_acc=0.2900
[cvx-sgd] epoch=30/200 train_loss=8.476748 val_loss=8.592225 train_obj=10.467386 val_obj=10.582864 train_acc=0.3388 val_acc=0.3365
[cvx-sgd] epoch=40/200 train_loss=4.564708 val_loss=4.628554 train_obj=6.510174 val_obj=6.574020 train_acc=0.4608 val_acc=0.4455
[cvx-sgd] epoch=50/200 train_loss=1.976654 val_loss=2.125316 train_obj=3.829960 val_obj=3.978622 train_acc=0.5980 val_acc=0.5770
[cvx-sgd] epoch=60/200 train_loss=1.169402 val_loss=1.273954 train_obj=2.908942 val_obj=3.013494 train_acc=0.7047 val_acc=0.6745
[cvx-sgd] epoch=70/200 train_loss=0.814287 val_loss=0.984652 train_obj=2.430231 val_obj=2.600596 train_acc=0.7537 val_acc=0.7125
[cvx-sgd] epoch=80/200 train_loss=0.621709 val_loss=0.784452 train_obj=2.105312 val_obj=2.268055 train_acc=0.8160 val_acc=0.7575
[cvx-sgd] epoch=90/200 train_loss=0.540867 val_loss=0.717341 train_obj=1.896049 val_obj=2.072522 train_acc=0.8438 val_acc=0.7855
[cvx-sgd] epoch=100/200 train_loss=0.510719 val_loss=0.678802 train_obj=1.744514 val_obj=1.912598 train_acc=0.8615 val_acc=0.8035
[cvx-sgd] epoch=110/200 train_loss=0.499460 val_loss=0.670455 train_obj=1.621807 val_obj=1.792802 train_acc=0.8790 val_acc=0.8100
[cvx-sgd] epoch=120/200 train_loss=0.499448 val_loss=0.669542 train_obj=1.524120 val_obj=1.694214 train_acc=0.8842 val_acc=0.8125
[cvx-sgd] epoch=130/200 train_loss=0.502726 val_loss=0.671667 train_obj=1.442757 val_obj=1.611698 train_acc=0.8877 val_acc=0.8145
[cvx-sgd] epoch=140/200 train_loss=0.507448 val_loss=0.676004 train_obj=1.370380 val_obj=1.538936 train_acc=0.8888 val_acc=0.8155
[cvx-sgd] epoch=150/200 train_loss=0.511621 val_loss=0.681080 train_obj=1.309500 val_obj=1.478959 train_acc=0.8908 val_acc=0.8170
[cvx-sgd] epoch=160/200 train_loss=0.515069 val_loss=0.684725 train_obj=1.256363 val_obj=1.426019 train_acc=0.8908 val_acc=0.8130
[cvx-sgd] epoch=170/200 train_loss=0.517560 val_loss=0.687740 train_obj=1.207368 val_obj=1.377548 train_acc=0.8908 val_acc=0.8125
[cvx-sgd] epoch=180/200 train_loss=0.518962 val_loss=0.689892 train_obj=1.165393 val_obj=1.336323 train_acc=0.8900 val_acc=0.8130
[cvx-sgd] epoch=190/200 train_loss=0.519586 val_loss=0.691357 train_obj=1.128557 val_obj=1.300328 train_acc=0.8910 val_acc=0.8135
[cvx-sgd] epoch=200/200 train_loss=0.519263 val_loss=0.692287 train_obj=1.094977 val_obj=1.268001 train_acc=0.8915 val_acc=0.8135
[cvx-run] method=sgd beta=0.1 lr=0.01 bias=0 batch_size=full(6000) n_train=6000
[cvx-sgd] epoch=10/200 train_loss=31.223963 val_loss=31.218210 train_obj=32.808721 val_obj=32.802968 train_acc=0.2250 val_acc=0.2160
[cvx-sgd] epoch=20/200 train_loss=17.010965 val_loss=17.157606 train_obj=18.879840 val_obj=19.026481 train_acc=0.3023 val_acc=0.2895
[cvx-sgd] epoch=30/200 train_loss=8.281641 val_loss=8.580382 train_obj=10.215823 val_obj=10.514564 train_acc=0.3518 val_acc=0.3435
[cvx-sgd] epoch=40/200 train_loss=2.809413 val_loss=2.944710 train_obj=4.693453 val_obj=4.828750 train_acc=0.5580 val_acc=0.5235
[cvx-sgd] epoch=50/200 train_loss=1.656761 val_loss=1.782661 train_obj=3.456367 val_obj=3.582267 train_acc=0.6482 val_acc=0.6245
[cvx-sgd] epoch=60/200 train_loss=1.162818 val_loss=1.358753 train_obj=2.847965 val_obj=3.043899 train_acc=0.6888 val_acc=0.6405
[cvx-sgd] epoch=70/200 train_loss=0.747631 val_loss=0.897001 train_obj=2.310446 val_obj=2.459816 train_acc=0.7815 val_acc=0.7315
[cvx-sgd] epoch=80/200 train_loss=0.630497 val_loss=0.806434 train_obj=2.065039 val_obj=2.240976 train_acc=0.8187 val_acc=0.7660
[cvx-sgd] epoch=90/200 train_loss=0.564108 val_loss=0.726591 train_obj=1.876358 val_obj=2.038841 train_acc=0.8532 val_acc=0.7965
[cvx-sgd] epoch=100/200 train_loss=0.537940 val_loss=0.706691 train_obj=1.735001 val_obj=1.903752 train_acc=0.8635 val_acc=0.8025
[cvx-sgd] epoch=110/200 train_loss=0.525625 val_loss=0.694446 train_obj=1.618452 val_obj=1.787273 train_acc=0.8725 val_acc=0.8045
[cvx-sgd] epoch=120/200 train_loss=0.523008 val_loss=0.689978 train_obj=1.523369 val_obj=1.690339 train_acc=0.8773 val_acc=0.8075
[cvx-sgd] epoch=130/200 train_loss=0.522717 val_loss=0.689913 train_obj=1.442665 val_obj=1.609861 train_acc=0.8822 val_acc=0.8075
[cvx-sgd] epoch=140/200 train_loss=0.523158 val_loss=0.691270 train_obj=1.370136 val_obj=1.538247 train_acc=0.8840 val_acc=0.8085
[cvx-sgd] epoch=150/200 train_loss=0.523538 val_loss=0.691595 train_obj=1.308787 val_obj=1.476843 train_acc=0.8867 val_acc=0.8070
[cvx-sgd] epoch=160/200 train_loss=0.523801 val_loss=0.691808 train_obj=1.254527 val_obj=1.422533 train_acc=0.8877 val_acc=0.8090
[cvx-sgd] epoch=170/200 train_loss=0.523700 val_loss=0.692448 train_obj=1.204844 val_obj=1.373592 train_acc=0.8873 val_acc=0.8095
[cvx-sgd] epoch=180/200 train_loss=0.523448 val_loss=0.692911 train_obj=1.162735 val_obj=1.332198 train_acc=0.8880 val_acc=0.8100
[cvx-sgd] epoch=190/200 train_loss=0.523006 val_loss=0.693468 train_obj=1.125253 val_obj=1.295715 train_acc=0.8893 val_acc=0.8105
[cvx-sgd] epoch=200/200 train_loss=0.522125 val_loss=0.693559 train_obj=1.091418 val_obj=1.262852 train_acc=0.8893 val_acc=0.8115
[cvx-run] method=sgd beta=0.1 lr=0.01 bias=0.5 batch_size=full(6000) n_train=6000
[cvx-sgd] epoch=10/200 train_loss=27.682398 val_loss=29.049603 train_obj=29.367842 val_obj=30.735047 train_acc=0.2495 val_acc=0.2485
[cvx-sgd] epoch=20/200 train_loss=11.856802 val_loss=12.474492 train_obj=13.636899 val_obj=14.254590 train_acc=0.3223 val_acc=0.3170
[cvx-sgd] epoch=30/200 train_loss=4.268110 val_loss=4.397395 train_obj=6.103062 val_obj=6.232347 train_acc=0.4885 val_acc=0.4745
[cvx-sgd] epoch=40/200 train_loss=2.452795 val_loss=2.609340 train_obj=4.205033 val_obj=4.361578 train_acc=0.5717 val_acc=0.5440
[cvx-sgd] epoch=50/200 train_loss=1.360054 val_loss=1.530293 train_obj=3.017970 val_obj=3.188210 train_acc=0.6838 val_acc=0.6535
[cvx-sgd] epoch=60/200 train_loss=0.975587 val_loss=1.127767 train_obj=2.521446 val_obj=2.673625 train_acc=0.7470 val_acc=0.7025
[cvx-sgd] epoch=70/200 train_loss=0.678854 val_loss=0.864702 train_obj=2.089910 val_obj=2.275758 train_acc=0.8060 val_acc=0.7580
[cvx-sgd] epoch=80/200 train_loss=0.571401 val_loss=0.737039 train_obj=1.845295 val_obj=2.010933 train_acc=0.8410 val_acc=0.7835
[cvx-sgd] epoch=90/200 train_loss=0.535090 val_loss=0.692418 train_obj=1.680931 val_obj=1.838258 train_acc=0.8627 val_acc=0.8015
[cvx-sgd] epoch=100/200 train_loss=0.521040 val_loss=0.686495 train_obj=1.551235 val_obj=1.716690 train_acc=0.8750 val_acc=0.8045
[cvx-sgd] epoch=110/200 train_loss=0.517883 val_loss=0.682196 train_obj=1.445801 val_obj=1.610114 train_acc=0.8783 val_acc=0.8070
[cvx-sgd] epoch=120/200 train_loss=0.519643 val_loss=0.684463 train_obj=1.361226 val_obj=1.526046 train_acc=0.8817 val_acc=0.8045
[cvx-sgd] epoch=130/200 train_loss=0.522060 val_loss=0.685971 train_obj=1.291933 val_obj=1.455844 train_acc=0.8847 val_acc=0.8080
[cvx-sgd] epoch=140/200 train_loss=0.524798 val_loss=0.689781 train_obj=1.230888 val_obj=1.395871 train_acc=0.8835 val_acc=0.8080
[cvx-sgd] epoch=150/200 train_loss=0.527088 val_loss=0.692581 train_obj=1.181666 val_obj=1.347158 train_acc=0.8845 val_acc=0.8070
[cvx-sgd] epoch=160/200 train_loss=0.528490 val_loss=0.694527 train_obj=1.139199 val_obj=1.305236 train_acc=0.8848 val_acc=0.8080
[cvx-sgd] epoch=170/200 train_loss=0.528936 val_loss=0.696057 train_obj=1.101427 val_obj=1.268548 train_acc=0.8870 val_acc=0.8090
[cvx-sgd] epoch=180/200 train_loss=0.528432 val_loss=0.696935 train_obj=1.070561 val_obj=1.239064 train_acc=0.8880 val_acc=0.8090
[cvx-sgd] epoch=190/200 train_loss=0.527014 val_loss=0.696682 train_obj=1.044661 val_obj=1.214329 train_acc=0.8887 val_acc=0.8075
[cvx-sgd] epoch=200/200 train_loss=0.528446 val_loss=0.699237 train_obj=1.025279 val_obj=1.196071 train_acc=0.8860 val_acc=0.8110
[cvx-run] method=sgd beta=0.1 lr=0.01 bias=1 batch_size=full(6000) n_train=6000
[cvx-sgd] epoch=10/200 train_loss=25.110016 val_loss=25.658443 train_obj=26.647356 val_obj=27.195784 train_acc=0.2145 val_acc=0.2100
[cvx-sgd] epoch=20/200 train_loss=12.672920 val_loss=12.877664 train_obj=14.386343 val_obj=14.591087 train_acc=0.2942 val_acc=0.2840
[cvx-sgd] epoch=30/200 train_loss=6.136810 val_loss=6.351944 train_obj=7.865358 val_obj=8.080492 train_acc=0.3908 val_acc=0.3670
[cvx-sgd] epoch=40/200 train_loss=3.549108 val_loss=3.807364 train_obj=5.218499 val_obj=5.476756 train_acc=0.4938 val_acc=0.4605
[cvx-sgd] epoch=50/200 train_loss=1.707695 val_loss=1.908227 train_obj=3.282184 val_obj=3.482716 train_acc=0.5708 val_acc=0.5310
[cvx-sgd] epoch=60/200 train_loss=0.850843 val_loss=1.009329 train_obj=2.314696 val_obj=2.473182 train_acc=0.7283 val_acc=0.6870
[cvx-sgd] epoch=70/200 train_loss=0.661304 val_loss=0.812593 train_obj=2.007182 val_obj=2.158470 train_acc=0.7913 val_acc=0.7395
[cvx-sgd] epoch=80/200 train_loss=0.542884 val_loss=0.702626 train_obj=1.762409 val_obj=1.922151 train_acc=0.8397 val_acc=0.7770
[cvx-sgd] epoch=90/200 train_loss=0.504261 val_loss=0.661647 train_obj=1.607004 val_obj=1.764390 train_acc=0.8665 val_acc=0.8040
[cvx-sgd] epoch=100/200 train_loss=0.503608 val_loss=0.669528 train_obj=1.500121 val_obj=1.666041 train_acc=0.8733 val_acc=0.8080
[cvx-sgd] epoch=110/200 train_loss=0.506350 val_loss=0.666701 train_obj=1.408987 val_obj=1.569338 train_acc=0.8760 val_acc=0.8125
[cvx-sgd] epoch=120/200 train_loss=0.514075 val_loss=0.674945 train_obj=1.337787 val_obj=1.498657 train_acc=0.8820 val_acc=0.8110
[cvx-sgd] epoch=130/200 train_loss=0.521598 val_loss=0.683204 train_obj=1.280475 val_obj=1.442082 train_acc=0.8833 val_acc=0.8100
[cvx-sgd] epoch=140/200 train_loss=0.526798 val_loss=0.688913 train_obj=1.227772 val_obj=1.389887 train_acc=0.8833 val_acc=0.8105
[cvx-sgd] epoch=150/200 train_loss=0.529673 val_loss=0.692741 train_obj=1.184164 val_obj=1.347232 train_acc=0.8833 val_acc=0.8090
[cvx-sgd] epoch=160/200 train_loss=0.530766 val_loss=0.694914 train_obj=1.145420 val_obj=1.309568 train_acc=0.8840 val_acc=0.8090
[cvx-sgd] epoch=170/200 train_loss=0.530335 val_loss=0.696605 train_obj=1.109271 val_obj=1.275541 train_acc=0.8847 val_acc=0.8100
[cvx-sgd] epoch=180/200 train_loss=0.528785 val_loss=0.696822 train_obj=1.079714 val_obj=1.247750 train_acc=0.8855 val_acc=0.8105
[cvx-sgd] epoch=190/200 train_loss=0.526479 val_loss=0.696206 train_obj=1.053841 val_obj=1.223569 train_acc=0.8862 val_acc=0.8095
[cvx-sgd] epoch=200/200 train_loss=0.526522 val_loss=0.697351 train_obj=1.033060 val_obj=1.203889 train_acc=0.8845 val_acc=0.8075
[cvx-run] method=sgd beta=0.1 lr=0.1 bias=-1 batch_size=full(6000) n_train=6000
[cvx-sgd] epoch=10/200 train_loss=261.272430 val_loss=258.060120 train_obj=277.228228 val_obj=274.015917 train_acc=0.1825 val_acc=0.1805
[cvx-sgd] epoch=20/200 train_loss=142.881775 val_loss=148.780212 train_obj=161.776301 val_obj=167.674739 train_acc=0.3255 val_acc=0.3040
[cvx-sgd] epoch=30/200 train_loss=51.676960 val_loss=52.219891 train_obj=70.937226 val_obj=71.480157 train_acc=0.4125 val_acc=0.3860
[cvx-sgd] epoch=40/200 train_loss=32.814529 val_loss=33.351089 train_obj=51.563223 val_obj=52.099783 train_acc=0.4815 val_acc=0.4865
[cvx-sgd] epoch=50/200 train_loss=13.118792 val_loss=13.836314 train_obj=30.831274 val_obj=31.548797 train_acc=0.6342 val_acc=0.6085
[cvx-sgd] epoch=60/200 train_loss=6.528607 val_loss=7.687168 train_obj=22.945340 val_obj=24.103902 train_acc=0.7112 val_acc=0.6790
[cvx-sgd] epoch=70/200 train_loss=3.532823 val_loss=4.833184 train_obj=18.570278 val_obj=19.870639 train_acc=0.7822 val_acc=0.7445
[cvx-sgd] epoch=80/200 train_loss=2.210297 val_loss=3.336193 train_obj=15.786039 val_obj=16.911936 train_acc=0.8057 val_acc=0.7480
[cvx-sgd] epoch=90/200 train_loss=6.062482 val_loss=7.645216 train_obj=18.177697 val_obj=19.760431 train_acc=0.6667 val_acc=0.6110
[cvx-sgd] epoch=100/200 train_loss=23.798313 val_loss=24.391134 train_obj=35.072099 val_obj=35.664920 train_acc=0.7173 val_acc=0.6640
[cvx-sgd] epoch=110/200 train_loss=8.853043 val_loss=10.111744 train_obj=19.775191 val_obj=21.033892 train_acc=0.6872 val_acc=0.6390
[cvx-sgd] epoch=120/200 train_loss=3.350574 val_loss=4.816415 train_obj=13.937744 val_obj=15.403586 train_acc=0.7508 val_acc=0.6915
[cvx-sgd] epoch=130/200 train_loss=2.322101 val_loss=3.676899 train_obj=12.554778 val_obj=13.909576 train_acc=0.8033 val_acc=0.7460
[cvx-sgd] epoch=140/200 train_loss=1.068476 val_loss=2.152075 train_obj=10.938298 val_obj=12.021897 train_acc=0.8757 val_acc=0.7960
[cvx-sgd] epoch=150/200 train_loss=0.906207 val_loss=1.957330 train_obj=10.407570 val_obj=11.458693 train_acc=0.8832 val_acc=0.8005
[cvx-sgd] epoch=160/200 train_loss=0.654415 val_loss=1.623495 train_obj=9.794622 val_obj=10.763702 train_acc=0.9005 val_acc=0.8225
[cvx-sgd] epoch=170/200 train_loss=0.558408 val_loss=1.524414 train_obj=9.342915 val_obj=10.308920 train_acc=0.9077 val_acc=0.8230
[cvx-sgd] epoch=180/200 train_loss=0.494459 val_loss=1.439024 train_obj=8.925082 val_obj=9.869647 train_acc=0.9162 val_acc=0.8225
[cvx-sgd] epoch=190/200 train_loss=0.442402 val_loss=1.369888 train_obj=8.538508 val_obj=9.465994 train_acc=0.9200 val_acc=0.8265
[cvx-sgd] epoch=200/200 train_loss=0.399089 val_loss=1.306447 train_obj=8.163762 val_obj=9.071120 train_acc=0.9235 val_acc=0.8280
[cvx-run] method=sgd beta=0.1 lr=0.1 bias=-0.5 batch_size=full(6000) n_train=6000
[cvx-sgd] epoch=10/200 train_loss=568.390015 val_loss=545.412415 train_obj=586.563251 val_obj=563.585651 train_acc=0.2325 val_acc=0.2375
[cvx-sgd] epoch=20/200 train_loss=147.499695 val_loss=153.148453 train_obj=166.247695 val_obj=171.896453 train_acc=0.2355 val_acc=0.2095
[cvx-sgd] epoch=30/200 train_loss=57.298813 val_loss=60.884514 train_obj=76.985232 val_obj=80.570933 train_acc=0.3833 val_acc=0.3595
[cvx-sgd] epoch=40/200 train_loss=35.038879 val_loss=35.512875 train_obj=54.528848 val_obj=55.002843 train_acc=0.5313 val_acc=0.5090
[cvx-sgd] epoch=50/200 train_loss=19.580507 val_loss=22.407633 train_obj=38.243874 val_obj=41.070999 train_acc=0.5740 val_acc=0.5430
[cvx-sgd] epoch=60/200 train_loss=7.893446 val_loss=9.611721 train_obj=25.556405 val_obj=27.274680 train_acc=0.7043 val_acc=0.6495
[cvx-sgd] epoch=70/200 train_loss=4.544445 val_loss=6.263634 train_obj=20.912917 val_obj=22.632107 train_acc=0.7727 val_acc=0.7165
[cvx-sgd] epoch=80/200 train_loss=3.632666 val_loss=5.039986 train_obj=18.440719 val_obj=19.848039 train_acc=0.7667 val_acc=0.7185
[cvx-sgd] epoch=90/200 train_loss=3.812411 val_loss=5.201620 train_obj=17.161926 val_obj=18.551135 train_acc=0.7598 val_acc=0.6895
[cvx-sgd] epoch=100/200 train_loss=24.999929 val_loss=27.177832 train_obj=37.289855 val_obj=39.467757 train_acc=0.6582 val_acc=0.6190
[cvx-sgd] epoch=110/200 train_loss=12.706104 val_loss=14.745730 train_obj=24.667004 val_obj=26.706631 train_acc=0.6118 val_acc=0.5745
[cvx-sgd] epoch=120/200 train_loss=3.353801 val_loss=4.592988 train_obj=14.965656 val_obj=16.204843 train_acc=0.7693 val_acc=0.7185
[cvx-sgd] epoch=130/200 train_loss=1.929453 val_loss=3.142011 train_obj=13.161737 val_obj=14.374295 train_acc=0.8252 val_acc=0.7540
[cvx-sgd] epoch=140/200 train_loss=1.357238 val_loss=2.585800 train_obj=12.211486 val_obj=13.440048 train_acc=0.8607 val_acc=0.7865
[cvx-sgd] epoch=150/200 train_loss=0.962299 val_loss=2.095156 train_obj=11.429003 val_obj=12.561859 train_acc=0.8855 val_acc=0.8095
[cvx-sgd] epoch=160/200 train_loss=0.770671 val_loss=1.878944 train_obj=10.853930 val_obj=11.962203 train_acc=0.8982 val_acc=0.8130
[cvx-sgd] epoch=170/200 train_loss=0.667915 val_loss=1.734926 train_obj=10.370687 val_obj=11.437698 train_acc=0.9050 val_acc=0.8180
[cvx-sgd] epoch=180/200 train_loss=0.592981 val_loss=1.640004 train_obj=9.919707 val_obj=10.966730 train_acc=0.9110 val_acc=0.8170
[cvx-sgd] epoch=190/200 train_loss=0.532222 val_loss=1.555745 train_obj=9.500992 val_obj=10.524515 train_acc=0.9158 val_acc=0.8195
[cvx-sgd] epoch=200/200 train_loss=0.479911 val_loss=1.485044 train_obj=9.095318 val_obj=10.100451 train_acc=0.9195 val_acc=0.8235
[cvx-run] method=sgd beta=0.1 lr=0.1 bias=0 batch_size=full(6000) n_train=6000
[cvx-sgd] epoch=10/200 train_loss=221.178421 val_loss=224.842911 train_obj=235.680848 val_obj=239.345337 train_acc=0.2207 val_acc=0.2165
[cvx-sgd] epoch=20/200 train_loss=114.160164 val_loss=118.282944 train_obj=131.075466 val_obj=135.198246 train_acc=0.2898 val_acc=0.2645
[cvx-sgd] epoch=30/200 train_loss=69.236107 val_loss=74.077042 train_obj=86.568750 val_obj=91.409684 train_acc=0.4482 val_acc=0.4080
[cvx-sgd] epoch=40/200 train_loss=21.657394 val_loss=24.021902 train_obj=38.244929 val_obj=40.609436 train_acc=0.5637 val_acc=0.5290
[cvx-sgd] epoch=50/200 train_loss=12.125285 val_loss=13.077510 train_obj=27.641983 val_obj=28.594208 train_acc=0.6345 val_acc=0.6135
[cvx-sgd] epoch=60/200 train_loss=6.781137 val_loss=8.173384 train_obj=21.064551 val_obj=22.456799 train_acc=0.7063 val_acc=0.6580
[cvx-sgd] epoch=70/200 train_loss=2.636892 val_loss=3.837837 train_obj=15.548052 val_obj=16.748998 train_acc=0.7865 val_acc=0.7320
[cvx-sgd] epoch=80/200 train_loss=1.524462 val_loss=2.701029 train_obj=12.946940 val_obj=14.123506 train_acc=0.8362 val_acc=0.7620
[cvx-sgd] epoch=90/200 train_loss=1.170285 val_loss=2.338200 train_obj=11.143309 val_obj=12.311224 train_acc=0.8347 val_acc=0.7510
[cvx-sgd] epoch=100/200 train_loss=45.559532 val_loss=49.728382 train_obj=54.471905 val_obj=58.640755 train_acc=0.4055 val_acc=0.3680
[cvx-sgd] epoch=110/200 train_loss=32.230499 val_loss=35.010799 train_obj=41.004746 val_obj=43.785046 train_acc=0.3307 val_acc=0.3180
[cvx-sgd] epoch=120/200 train_loss=12.806026 val_loss=14.403522 train_obj=21.647997 val_obj=23.245492 train_acc=0.5515 val_acc=0.5175
[cvx-sgd] epoch=130/200 train_loss=4.610585 val_loss=6.110124 train_obj=13.253276 val_obj=14.752814 train_acc=0.6928 val_acc=0.6330
[cvx-sgd] epoch=140/200 train_loss=2.476181 val_loss=3.819984 train_obj=10.924985 val_obj=12.268789 train_acc=0.7977 val_acc=0.7385
[cvx-sgd] epoch=150/200 train_loss=1.667728 val_loss=2.863667 train_obj=9.947325 val_obj=11.143264 train_acc=0.8278 val_acc=0.7555
[cvx-sgd] epoch=160/200 train_loss=1.284730 val_loss=2.426585 train_obj=9.407841 val_obj=10.549696 train_acc=0.8555 val_acc=0.7775
[cvx-sgd] epoch=170/200 train_loss=1.092621 val_loss=2.192158 train_obj=9.069788 val_obj=10.169325 train_acc=0.8637 val_acc=0.7840
[cvx-sgd] epoch=180/200 train_loss=0.945967 val_loss=2.018191 train_obj=8.785758 val_obj=9.857982 train_acc=0.8757 val_acc=0.7925
[cvx-sgd] epoch=190/200 train_loss=0.837869 val_loss=1.877276 train_obj=8.545956 val_obj=9.585362 train_acc=0.8820 val_acc=0.7945
[cvx-sgd] epoch=200/200 train_loss=0.752451 val_loss=1.767353 train_obj=8.338901 val_obj=9.353803 train_acc=0.8883 val_acc=0.8000
[cvx-run] method=sgd beta=0.1 lr=0.1 bias=0.5 batch_size=full(6000) n_train=6000
[cvx-sgd] epoch=10/200 train_loss=553.817505 val_loss=560.114685 train_obj=571.656588 val_obj=577.953769 train_acc=0.1745 val_acc=0.1770
[cvx-sgd] epoch=20/200 train_loss=142.577591 val_loss=137.608109 train_obj=162.405283 val_obj=157.435800 train_acc=0.2900 val_acc=0.3050
[cvx-sgd] epoch=30/200 train_loss=59.451603 val_loss=62.346813 train_obj=79.512894 val_obj=82.408104 train_acc=0.3850 val_acc=0.3755
[cvx-sgd] epoch=40/200 train_loss=34.321880 val_loss=36.217968 train_obj=53.763471 val_obj=55.659559 train_acc=0.4798 val_acc=0.4560
[cvx-sgd] epoch=50/200 train_loss=22.898809 val_loss=24.003904 train_obj=41.530025 val_obj=42.635120 train_acc=0.5467 val_acc=0.5205
[cvx-sgd] epoch=60/200 train_loss=11.327737 val_loss=12.583733 train_obj=29.074625 val_obj=30.330621 train_acc=0.6223 val_acc=0.6005
[cvx-sgd] epoch=70/200 train_loss=5.588031 val_loss=6.546408 train_obj=22.451740 val_obj=23.410117 train_acc=0.7097 val_acc=0.6805
[cvx-sgd] epoch=80/200 train_loss=3.274311 val_loss=4.371221 train_obj=19.273277 val_obj=20.370187 train_acc=0.7742 val_acc=0.7285
[cvx-sgd] epoch=90/200 train_loss=2.061471 val_loss=3.046313 train_obj=17.162211 val_obj=18.147053 train_acc=0.8177 val_acc=0.7600
[cvx-sgd] epoch=100/200 train_loss=1.376543 val_loss=2.364480 train_obj=15.556506 val_obj=16.544444 train_acc=0.8482 val_acc=0.7770
[cvx-sgd] epoch=110/200 train_loss=0.964991 val_loss=1.865647 train_obj=14.269384 val_obj=15.170041 train_acc=0.8747 val_acc=0.8030
[cvx-sgd] epoch=120/200 train_loss=0.707667 val_loss=1.564555 train_obj=13.181108 val_obj=14.037996 train_acc=0.8963 val_acc=0.8100
[cvx-sgd] epoch=130/200 train_loss=0.540196 val_loss=1.357813 train_obj=12.214181 val_obj=13.031798 train_acc=0.9138 val_acc=0.8220
[cvx-sgd] epoch=140/200 train_loss=0.429420 val_loss=1.194845 train_obj=11.365579 val_obj=12.131004 train_acc=0.9257 val_acc=0.8240
[cvx-sgd] epoch=150/200 train_loss=0.435364 val_loss=1.182942 train_obj=10.686447 val_obj=11.434026 train_acc=0.9025 val_acc=0.8080
[cvx-sgd] epoch=160/200 train_loss=8.145905 val_loss=9.327621 train_obj=17.812330 val_obj=18.994046 train_acc=0.6638 val_acc=0.5970
[cvx-sgd] epoch=170/200 train_loss=8.955207 val_loss=10.036234 train_obj=18.515726 val_obj=19.596753 train_acc=0.5355 val_acc=0.5030
[cvx-sgd] epoch=180/200 train_loss=5.021924 val_loss=6.155516 train_obj=14.511617 val_obj=15.645209 train_acc=0.5578 val_acc=0.5175
[cvx-sgd] epoch=190/200 train_loss=1.568401 val_loss=2.526217 train_obj=10.908599 val_obj=11.866414 train_acc=0.7850 val_acc=0.7285
[cvx-sgd] epoch=200/200 train_loss=0.850283 val_loss=1.643015 train_obj=10.056195 val_obj=10.848928 train_acc=0.8510 val_acc=0.7575
[cvx-run] method=sgd beta=0.1 lr=0.1 bias=1 batch_size=full(6000) n_train=6000
[cvx-sgd] epoch=10/200 train_loss=458.477783 val_loss=443.956451 train_obj=474.963772 val_obj=460.442440 train_acc=0.1523 val_acc=0.1635
[cvx-sgd] epoch=20/200 train_loss=125.412064 val_loss=130.715210 train_obj=143.895693 val_obj=149.198839 train_acc=0.3065 val_acc=0.2770
[cvx-sgd] epoch=30/200 train_loss=77.392624 val_loss=80.135887 train_obj=95.679400 val_obj=98.422663 train_acc=0.4192 val_acc=0.4035
[cvx-sgd] epoch=40/200 train_loss=34.959400 val_loss=36.542629 train_obj=52.698660 val_obj=54.281889 train_acc=0.4867 val_acc=0.4590
[cvx-sgd] epoch=50/200 train_loss=24.902092 val_loss=25.287058 train_obj=42.086532 val_obj=42.471498 train_acc=0.5317 val_acc=0.5050
[cvx-sgd] epoch=60/200 train_loss=14.659415 val_loss=15.241746 train_obj=31.221607 val_obj=31.803938 train_acc=0.5893 val_acc=0.5685
[cvx-sgd] epoch=70/200 train_loss=9.846617 val_loss=10.431885 train_obj=25.874240 val_obj=26.459508 train_acc=0.6545 val_acc=0.6325
[cvx-sgd] epoch=80/200 train_loss=6.597552 val_loss=7.219414 train_obj=22.046986 val_obj=22.668848 train_acc=0.6933 val_acc=0.6545
[cvx-sgd] epoch=90/200 train_loss=4.374452 val_loss=5.090868 train_obj=19.233706 val_obj=19.950123 train_acc=0.7513 val_acc=0.7040
[cvx-sgd] epoch=100/200 train_loss=3.047784 val_loss=3.811904 train_obj=17.323837 val_obj=18.087957 train_acc=0.7872 val_acc=0.7415
[cvx-sgd] epoch=110/200 train_loss=2.232921 val_loss=3.005998 train_obj=15.937163 val_obj=16.710240 train_acc=0.8172 val_acc=0.7505
[cvx-sgd] epoch=120/200 train_loss=1.687135 val_loss=2.464942 train_obj=14.827021 val_obj=15.604828 train_acc=0.8388 val_acc=0.7675
[cvx-sgd] epoch=130/200 train_loss=1.300784 val_loss=2.081697 train_obj=13.902499 val_obj=14.683413 train_acc=0.8557 val_acc=0.7830
[cvx-sgd] epoch=140/200 train_loss=1.030462 val_loss=1.802359 train_obj=13.101641 val_obj=13.873538 train_acc=0.8725 val_acc=0.7930
[cvx-sgd] epoch=150/200 train_loss=0.837064 val_loss=1.578887 train_obj=12.398041 val_obj=13.139864 train_acc=0.8863 val_acc=0.8000
[cvx-sgd] epoch=160/200 train_loss=0.694753 val_loss=1.408896 train_obj=11.761616 val_obj=12.475760 train_acc=0.8998 val_acc=0.8090
[cvx-sgd] epoch=170/200 train_loss=0.583839 val_loss=1.275298 train_obj=11.176685 val_obj=11.868143 train_acc=0.9097 val_acc=0.8135
[cvx-sgd] epoch=180/200 train_loss=0.496612 val_loss=1.166042 train_obj=10.635264 val_obj=11.304694 train_acc=0.9187 val_acc=0.8205
[cvx-sgd] epoch=190/200 train_loss=0.428964 val_loss=1.074609 train_obj=10.129219 val_obj=10.774864 train_acc=0.9305 val_acc=0.8225
[cvx-sgd] epoch=200/200 train_loss=0.375449 val_loss=0.999783 train_obj=9.656108 val_obj=10.280442 train_acc=0.9362 val_acc=0.8225
[cvx-run] method=sgd beta=0.5 lr=0.001 bias=-1 batch_size=full(6000) n_train=6000
[cvx-sgd] epoch=10/200 train_loss=1.890686 val_loss=1.892650 train_obj=3.531330 val_obj=3.533294 train_acc=0.3930 val_acc=0.3835
[cvx-sgd] epoch=20/200 train_loss=1.570071 val_loss=1.579988 train_obj=2.934804 val_obj=2.944721 train_acc=0.4407 val_acc=0.4470
[cvx-sgd] epoch=30/200 train_loss=1.447477 val_loss=1.473020 train_obj=2.546611 val_obj=2.572154 train_acc=0.5560 val_acc=0.5385
[cvx-sgd] epoch=40/200 train_loss=1.431605 val_loss=1.470554 train_obj=2.321030 val_obj=2.359979 train_acc=0.5752 val_acc=0.5360
[cvx-sgd] epoch=50/200 train_loss=1.407023 val_loss=1.439456 train_obj=2.136413 val_obj=2.168846 train_acc=0.5997 val_acc=0.5740
[cvx-sgd] epoch=60/200 train_loss=1.394800 val_loss=1.428602 train_obj=2.007468 val_obj=2.041270 train_acc=0.6083 val_acc=0.5860
[cvx-sgd] epoch=70/200 train_loss=1.382976 val_loss=1.418641 train_obj=1.913608 val_obj=1.949273 train_acc=0.6095 val_acc=0.5835
[cvx-sgd] epoch=80/200 train_loss=1.370047 val_loss=1.405295 train_obj=1.848165 val_obj=1.883413 train_acc=0.6153 val_acc=0.5945
[cvx-sgd] epoch=90/200 train_loss=1.356196 val_loss=1.392068 train_obj=1.805410 val_obj=1.841282 train_acc=0.6200 val_acc=0.5990
[cvx-sgd] epoch=100/200 train_loss=1.342569 val_loss=1.379752 train_obj=1.777750 val_obj=1.814933 train_acc=0.6248 val_acc=0.6025
[cvx-sgd] epoch=110/200 train_loss=1.329166 val_loss=1.367351 train_obj=1.758802 val_obj=1.796988 train_acc=0.6297 val_acc=0.6065
[cvx-sgd] epoch=120/200 train_loss=1.316493 val_loss=1.355503 train_obj=1.745491 val_obj=1.784502 train_acc=0.6342 val_acc=0.6110
[cvx-sgd] epoch=130/200 train_loss=1.304769 val_loss=1.344613 train_obj=1.734908 val_obj=1.774752 train_acc=0.6370 val_acc=0.6155
[cvx-sgd] epoch=140/200 train_loss=1.293588 val_loss=1.334205 train_obj=1.726273 val_obj=1.766891 train_acc=0.6410 val_acc=0.6160
[cvx-sgd] epoch=150/200 train_loss=1.283408 val_loss=1.324965 train_obj=1.719003 val_obj=1.760560 train_acc=0.6457 val_acc=0.6165
[cvx-sgd] epoch=160/200 train_loss=1.274130 val_loss=1.316521 train_obj=1.712275 val_obj=1.754667 train_acc=0.6487 val_acc=0.6185
[cvx-sgd] epoch=170/200 train_loss=1.265218 val_loss=1.308331 train_obj=1.706562 val_obj=1.749675 train_acc=0.6507 val_acc=0.6195
[cvx-sgd] epoch=180/200 train_loss=1.257065 val_loss=1.300788 train_obj=1.701491 val_obj=1.745214 train_acc=0.6522 val_acc=0.6205
[cvx-sgd] epoch=190/200 train_loss=1.249402 val_loss=1.293907 train_obj=1.696765 val_obj=1.741271 train_acc=0.6557 val_acc=0.6220
[cvx-sgd] epoch=200/200 train_loss=1.242205 val_loss=1.287396 train_obj=1.692220 val_obj=1.737411 train_acc=0.6587 val_acc=0.6245
[cvx-run] method=sgd beta=0.5 lr=0.001 bias=-0.5 batch_size=full(6000) n_train=6000
[cvx-sgd] epoch=10/200 train_loss=2.157395 val_loss=2.199488 train_obj=3.849259 val_obj=3.891352 train_acc=0.3013 val_acc=0.2975
[cvx-sgd] epoch=20/200 train_loss=1.562873 val_loss=1.601524 train_obj=3.001621 val_obj=3.040271 train_acc=0.4665 val_acc=0.4285
[cvx-sgd] epoch=30/200 train_loss=1.515867 val_loss=1.548649 train_obj=2.708854 val_obj=2.741637 train_acc=0.5018 val_acc=0.4775
[cvx-sgd] epoch=40/200 train_loss=1.441750 val_loss=1.477376 train_obj=2.427361 val_obj=2.462988 train_acc=0.5703 val_acc=0.5470
[cvx-sgd] epoch=50/200 train_loss=1.419752 val_loss=1.454602 train_obj=2.236972 val_obj=2.271823 train_acc=0.5903 val_acc=0.5635
[cvx-sgd] epoch=60/200 train_loss=1.404308 val_loss=1.441042 train_obj=2.089526 val_obj=2.126260 train_acc=0.6075 val_acc=0.5795
[cvx-sgd] epoch=70/200 train_loss=1.392716 val_loss=1.429259 train_obj=1.979634 val_obj=2.016177 train_acc=0.6103 val_acc=0.5860
[cvx-sgd] epoch=80/200 train_loss=1.380493 val_loss=1.418380 train_obj=1.900567 val_obj=1.938453 train_acc=0.6150 val_acc=0.5915
[cvx-sgd] epoch=90/200 train_loss=1.367587 val_loss=1.406257 train_obj=1.846369 val_obj=1.885039 train_acc=0.6170 val_acc=0.5945
[cvx-sgd] epoch=100/200 train_loss=1.354198 val_loss=1.393556 train_obj=1.808019 val_obj=1.847376 train_acc=0.6225 val_acc=0.5985
[cvx-sgd] epoch=110/200 train_loss=1.341162 val_loss=1.381007 train_obj=1.780728 val_obj=1.820573 train_acc=0.6257 val_acc=0.5995
[cvx-sgd] epoch=120/200 train_loss=1.328947 val_loss=1.369236 train_obj=1.761933 val_obj=1.802221 train_acc=0.6300 val_acc=0.6050
[cvx-sgd] epoch=130/200 train_loss=1.317502 val_loss=1.358439 train_obj=1.747275 val_obj=1.788213 train_acc=0.6325 val_acc=0.6050
[cvx-sgd] epoch=140/200 train_loss=1.306822 val_loss=1.348396 train_obj=1.735929 val_obj=1.777502 train_acc=0.6347 val_acc=0.6095
[cvx-sgd] epoch=150/200 train_loss=1.296843 val_loss=1.339068 train_obj=1.727154 val_obj=1.769379 train_acc=0.6400 val_acc=0.6120
[cvx-sgd] epoch=160/200 train_loss=1.287442 val_loss=1.330535 train_obj=1.719566 val_obj=1.762658 train_acc=0.6437 val_acc=0.6145
[cvx-sgd] epoch=170/200 train_loss=1.278530 val_loss=1.322242 train_obj=1.713190 val_obj=1.756902 train_acc=0.6482 val_acc=0.6180
[cvx-sgd] epoch=180/200 train_loss=1.270425 val_loss=1.314622 train_obj=1.707460 val_obj=1.751657 train_acc=0.6505 val_acc=0.6195
[cvx-sgd] epoch=190/200 train_loss=1.262793 val_loss=1.307641 train_obj=1.702020 val_obj=1.746868 train_acc=0.6542 val_acc=0.6220
[cvx-sgd] epoch=200/200 train_loss=1.255494 val_loss=1.300812 train_obj=1.697181 val_obj=1.742500 train_acc=0.6555 val_acc=0.6235
[cvx-run] method=sgd beta=0.5 lr=0.001 bias=0 batch_size=full(6000) n_train=6000
[cvx-sgd] epoch=10/200 train_loss=2.068182 val_loss=2.104518 train_obj=3.761556 val_obj=3.797892 train_acc=0.3373 val_acc=0.3225
[cvx-sgd] epoch=20/200 train_loss=1.591084 val_loss=1.610931 train_obj=3.038146 val_obj=3.057993 train_acc=0.4692 val_acc=0.4565
[cvx-sgd] epoch=30/200 train_loss=1.489352 val_loss=1.499341 train_obj=2.687080 val_obj=2.697069 train_acc=0.5290 val_acc=0.5165
[cvx-sgd] epoch=40/200 train_loss=1.444256 val_loss=1.472291 train_obj=2.431864 val_obj=2.459899 train_acc=0.5743 val_acc=0.5635
[cvx-sgd] epoch=50/200 train_loss=1.425440 val_loss=1.455836 train_obj=2.242638 val_obj=2.273034 train_acc=0.5875 val_acc=0.5785
[cvx-sgd] epoch=60/200 train_loss=1.412740 val_loss=1.445508 train_obj=2.099230 val_obj=2.131998 train_acc=0.6068 val_acc=0.5875
[cvx-sgd] epoch=70/200 train_loss=1.402251 val_loss=1.436227 train_obj=1.990869 val_obj=2.024845 train_acc=0.6103 val_acc=0.5845
[cvx-sgd] epoch=80/200 train_loss=1.388901 val_loss=1.422604 train_obj=1.908476 val_obj=1.942180 train_acc=0.6098 val_acc=0.5920
[cvx-sgd] epoch=90/200 train_loss=1.374998 val_loss=1.409408 train_obj=1.851583 val_obj=1.885993 train_acc=0.6153 val_acc=0.6025
[cvx-sgd] epoch=100/200 train_loss=1.361023 val_loss=1.396168 train_obj=1.812223 val_obj=1.847368 train_acc=0.6190 val_acc=0.6015
[cvx-sgd] epoch=110/200 train_loss=1.347865 val_loss=1.383768 train_obj=1.784422 val_obj=1.820325 train_acc=0.6230 val_acc=0.6055
[cvx-sgd] epoch=120/200 train_loss=1.335482 val_loss=1.372083 train_obj=1.764862 val_obj=1.801462 train_acc=0.6265 val_acc=0.6070
[cvx-sgd] epoch=130/200 train_loss=1.323758 val_loss=1.361165 train_obj=1.750541 val_obj=1.787948 train_acc=0.6307 val_acc=0.6065
[cvx-sgd] epoch=140/200 train_loss=1.312812 val_loss=1.350962 train_obj=1.739666 val_obj=1.777816 train_acc=0.6345 val_acc=0.6095
[cvx-sgd] epoch=150/200 train_loss=1.302277 val_loss=1.341456 train_obj=1.730995 val_obj=1.770174 train_acc=0.6372 val_acc=0.6125
[cvx-sgd] epoch=160/200 train_loss=1.292563 val_loss=1.332637 train_obj=1.723443 val_obj=1.763516 train_acc=0.6410 val_acc=0.6135
[cvx-sgd] epoch=170/200 train_loss=1.283580 val_loss=1.324465 train_obj=1.716989 val_obj=1.757874 train_acc=0.6443 val_acc=0.6165
[cvx-sgd] epoch=180/200 train_loss=1.275165 val_loss=1.316693 train_obj=1.711192 val_obj=1.752719 train_acc=0.6472 val_acc=0.6195
[cvx-sgd] epoch=190/200 train_loss=1.267117 val_loss=1.309351 train_obj=1.705807 val_obj=1.748042 train_acc=0.6482 val_acc=0.6210
[cvx-sgd] epoch=200/200 train_loss=1.259549 val_loss=1.302460 train_obj=1.700841 val_obj=1.743752 train_acc=0.6503 val_acc=0.6235
[cvx-run] method=sgd beta=0.5 lr=0.001 bias=0.5 batch_size=full(6000) n_train=6000
[cvx-sgd] epoch=10/200 train_loss=1.999139 val_loss=1.996377 train_obj=3.683714 val_obj=3.680952 train_acc=0.2727 val_acc=0.2815
[cvx-sgd] epoch=20/200 train_loss=1.639092 val_loss=1.655206 train_obj=3.082220 val_obj=3.098334 train_acc=0.4177 val_acc=0.4045
[cvx-sgd] epoch=30/200 train_loss=1.507829 val_loss=1.524907 train_obj=2.698857 val_obj=2.715935 train_acc=0.5055 val_acc=0.4920
[cvx-sgd] epoch=40/200 train_loss=1.444663 val_loss=1.467288 train_obj=2.424461 val_obj=2.447087 train_acc=0.5742 val_acc=0.5710
[cvx-sgd] epoch=50/200 train_loss=1.418764 val_loss=1.447810 train_obj=2.230320 val_obj=2.259366 train_acc=0.5898 val_acc=0.5755
[cvx-sgd] epoch=60/200 train_loss=1.405522 val_loss=1.439842 train_obj=2.086587 val_obj=2.120906 train_acc=0.6048 val_acc=0.5775
[cvx-sgd] epoch=70/200 train_loss=1.393458 val_loss=1.427992 train_obj=1.978624 val_obj=2.013157 train_acc=0.6090 val_acc=0.5880
[cvx-sgd] epoch=80/200 train_loss=1.381656 val_loss=1.417677 train_obj=1.899725 val_obj=1.935745 train_acc=0.6150 val_acc=0.5920
[cvx-sgd] epoch=90/200 train_loss=1.369323 val_loss=1.406331 train_obj=1.843854 val_obj=1.880862 train_acc=0.6162 val_acc=0.5985
[cvx-sgd] epoch=100/200 train_loss=1.356624 val_loss=1.394354 train_obj=1.805344 val_obj=1.843074 train_acc=0.6182 val_acc=0.5980
[cvx-sgd] epoch=110/200 train_loss=1.344100 val_loss=1.382546 train_obj=1.777787 val_obj=1.816233 train_acc=0.6228 val_acc=0.6000
[cvx-sgd] epoch=120/200 train_loss=1.331517 val_loss=1.371093 train_obj=1.759508 val_obj=1.799083 train_acc=0.6253 val_acc=0.6025
[cvx-sgd] epoch=130/200 train_loss=1.319562 val_loss=1.359761 train_obj=1.746463 val_obj=1.786661 train_acc=0.6298 val_acc=0.6075
[cvx-sgd] epoch=140/200 train_loss=1.308393 val_loss=1.349222 train_obj=1.736092 val_obj=1.776921 train_acc=0.6333 val_acc=0.6105
[cvx-sgd] epoch=150/200 train_loss=1.298128 val_loss=1.339716 train_obj=1.727835 val_obj=1.769422 train_acc=0.6377 val_acc=0.6115
[cvx-sgd] epoch=160/200 train_loss=1.288653 val_loss=1.330892 train_obj=1.720423 val_obj=1.762661 train_acc=0.6415 val_acc=0.6145
[cvx-sgd] epoch=170/200 train_loss=1.279760 val_loss=1.322692 train_obj=1.713780 val_obj=1.756712 train_acc=0.6430 val_acc=0.6170
[cvx-sgd] epoch=180/200 train_loss=1.271607 val_loss=1.315293 train_obj=1.708145 val_obj=1.751832 train_acc=0.6457 val_acc=0.6195
[cvx-sgd] epoch=190/200 train_loss=1.263750 val_loss=1.307971 train_obj=1.703045 val_obj=1.747266 train_acc=0.6493 val_acc=0.6230
[cvx-sgd] epoch=200/200 train_loss=1.256570 val_loss=1.301305 train_obj=1.698155 val_obj=1.742890 train_acc=0.6513 val_acc=0.6255
[cvx-run] method=sgd beta=0.5 lr=0.001 bias=1 batch_size=full(6000) n_train=6000
[cvx-sgd] epoch=10/200 train_loss=1.784662 val_loss=1.820451 train_obj=3.418519 val_obj=3.454309 train_acc=0.4307 val_acc=0.4060
[cvx-sgd] epoch=20/200 train_loss=1.548191 val_loss=1.563378 train_obj=2.889596 val_obj=2.904783 train_acc=0.5018 val_acc=0.4880
[cvx-sgd] epoch=30/200 train_loss=1.467908 val_loss=1.491253 train_obj=2.533448 val_obj=2.556793 train_acc=0.5102 val_acc=0.5025
[cvx-sgd] epoch=40/200 train_loss=1.430158 val_loss=1.458128 train_obj=2.286332 val_obj=2.314302 train_acc=0.5887 val_acc=0.5675
[cvx-sgd] epoch=50/200 train_loss=1.408867 val_loss=1.440527 train_obj=2.114430 val_obj=2.146090 train_acc=0.6022 val_acc=0.5855
[cvx-sgd] epoch=60/200 train_loss=1.394163 val_loss=1.429257 train_obj=1.998783 val_obj=2.033877 train_acc=0.6065 val_acc=0.5820
[cvx-sgd] epoch=70/200 train_loss=1.379425 val_loss=1.414940 train_obj=1.918726 val_obj=1.954241 train_acc=0.6128 val_acc=0.5860
[cvx-sgd] epoch=80/200 train_loss=1.363799 val_loss=1.399703 train_obj=1.859448 val_obj=1.895352 train_acc=0.6178 val_acc=0.5935
[cvx-sgd] epoch=90/200 train_loss=1.348953 val_loss=1.385949 train_obj=1.818009 val_obj=1.855005 train_acc=0.6232 val_acc=0.5995
[cvx-sgd] epoch=100/200 train_loss=1.334849 val_loss=1.372975 train_obj=1.788301 val_obj=1.826427 train_acc=0.6277 val_acc=0.6040
[cvx-sgd] epoch=110/200 train_loss=1.321421 val_loss=1.360534 train_obj=1.766323 val_obj=1.805436 train_acc=0.6320 val_acc=0.6070
[cvx-sgd] epoch=120/200 train_loss=1.308919 val_loss=1.349223 train_obj=1.749853 val_obj=1.790156 train_acc=0.6362 val_acc=0.6095
[cvx-sgd] epoch=130/200 train_loss=1.297417 val_loss=1.338564 train_obj=1.737278 val_obj=1.778425 train_acc=0.6403 val_acc=0.6105
[cvx-sgd] epoch=140/200 train_loss=1.286578 val_loss=1.328537 train_obj=1.727265 val_obj=1.769224 train_acc=0.6432 val_acc=0.6165
[cvx-sgd] epoch=150/200 train_loss=1.276748 val_loss=1.319619 train_obj=1.719555 val_obj=1.762426 train_acc=0.6468 val_acc=0.6195
[cvx-sgd] epoch=160/200 train_loss=1.267611 val_loss=1.311236 train_obj=1.712679 val_obj=1.756304 train_acc=0.6492 val_acc=0.6210
[cvx-sgd] epoch=170/200 train_loss=1.259001 val_loss=1.303402 train_obj=1.706652 val_obj=1.751053 train_acc=0.6523 val_acc=0.6235
[cvx-sgd] epoch=180/200 train_loss=1.251078 val_loss=1.296329 train_obj=1.701769 val_obj=1.747020 train_acc=0.6547 val_acc=0.6265
[cvx-sgd] epoch=190/200 train_loss=1.243960 val_loss=1.289819 train_obj=1.697025 val_obj=1.742883 train_acc=0.6570 val_acc=0.6255
[cvx-sgd] epoch=200/200 train_loss=1.237392 val_loss=1.284036 train_obj=1.692545 val_obj=1.739189 train_acc=0.6603 val_acc=0.6275
[cvx-run] method=sgd beta=0.5 lr=0.005 bias=-1 batch_size=full(6000) n_train=6000
[cvx-sgd] epoch=10/200 train_loss=21.734604 val_loss=22.352926 train_obj=25.189729 val_obj=25.808051 train_acc=0.1118 val_acc=0.1010
[cvx-sgd] epoch=20/200 train_loss=10.845068 val_loss=10.636000 train_obj=14.364991 val_obj=14.155922 train_acc=0.3208 val_acc=0.3125
[cvx-sgd] epoch=30/200 train_loss=4.174725 val_loss=4.372234 train_obj=7.113521 val_obj=7.311030 train_acc=0.2570 val_acc=0.2485
[cvx-sgd] epoch=40/200 train_loss=2.508978 val_loss=2.538927 train_obj=4.948406 val_obj=4.978356 train_acc=0.4035 val_acc=0.3905
[cvx-sgd] epoch=50/200 train_loss=1.519026 val_loss=1.555091 train_obj=3.440448 val_obj=3.476513 train_acc=0.5590 val_acc=0.5420
[cvx-sgd] epoch=60/200 train_loss=1.332433 val_loss=1.380183 train_obj=2.810188 val_obj=2.857938 train_acc=0.5658 val_acc=0.5400
[cvx-sgd] epoch=70/200 train_loss=1.241706 val_loss=1.296290 train_obj=2.365154 val_obj=2.419739 train_acc=0.6350 val_acc=0.6080
[cvx-sgd] epoch=80/200 train_loss=1.251611 val_loss=1.301508 train_obj=2.123408 val_obj=2.173305 train_acc=0.6580 val_acc=0.6310
[cvx-sgd] epoch=90/200 train_loss=1.263512 val_loss=1.311237 train_obj=1.974448 val_obj=2.022173 train_acc=0.6628 val_acc=0.6300
[cvx-sgd] epoch=100/200 train_loss=1.267445 val_loss=1.313044 train_obj=1.889470 val_obj=1.935069 train_acc=0.6643 val_acc=0.6295
[cvx-sgd] epoch=110/200 train_loss=1.262969 val_loss=1.307390 train_obj=1.835732 val_obj=1.880153 train_acc=0.6653 val_acc=0.6255
[cvx-sgd] epoch=120/200 train_loss=1.255320 val_loss=1.300703 train_obj=1.805876 val_obj=1.851259 train_acc=0.6632 val_acc=0.6220
[cvx-sgd] epoch=130/200 train_loss=1.246346 val_loss=1.292664 train_obj=1.787832 val_obj=1.834150 train_acc=0.6635 val_acc=0.6260
[cvx-sgd] epoch=140/200 train_loss=1.237888 val_loss=1.284760 train_obj=1.773339 val_obj=1.820210 train_acc=0.6642 val_acc=0.6275
[cvx-sgd] epoch=150/200 train_loss=1.229550 val_loss=1.276886 train_obj=1.762542 val_obj=1.809878 train_acc=0.6653 val_acc=0.6285
[cvx-sgd] epoch=160/200 train_loss=1.221819 val_loss=1.270034 train_obj=1.759207 val_obj=1.807423 train_acc=0.6680 val_acc=0.6285
[cvx-sgd] epoch=170/200 train_loss=1.214548 val_loss=1.263648 train_obj=1.749136 val_obj=1.798236 train_acc=0.6683 val_acc=0.6305
[cvx-sgd] epoch=180/200 train_loss=1.207937 val_loss=1.257794 train_obj=1.745499 val_obj=1.795356 train_acc=0.6707 val_acc=0.6320
[cvx-sgd] epoch=190/200 train_loss=1.201490 val_loss=1.251729 train_obj=1.741291 val_obj=1.791530 train_acc=0.6728 val_acc=0.6315
[cvx-sgd] epoch=200/200 train_loss=1.195544 val_loss=1.246398 train_obj=1.736804 val_obj=1.787658 train_acc=0.6740 val_acc=0.6340
[cvx-run] method=sgd beta=0.5 lr=0.005 bias=-0.5 batch_size=full(6000) n_train=6000
[cvx-sgd] epoch=10/200 train_loss=13.063654 val_loss=13.251720 train_obj=16.154257 val_obj=16.342323 train_acc=0.2195 val_acc=0.2270
[cvx-sgd] epoch=20/200 train_loss=5.952116 val_loss=6.040495 train_obj=9.034554 val_obj=9.122933 train_acc=0.3222 val_acc=0.3110
[cvx-sgd] epoch=30/200 train_loss=2.781417 val_loss=2.870714 train_obj=5.523754 val_obj=5.613052 train_acc=0.3362 val_acc=0.3195
[cvx-sgd] epoch=40/200 train_loss=2.220722 val_loss=2.313703 train_obj=4.631871 val_obj=4.724851 train_acc=0.4623 val_acc=0.4340
[cvx-sgd] epoch=50/200 train_loss=1.493770 val_loss=1.540797 train_obj=3.553634 val_obj=3.600660 train_acc=0.5448 val_acc=0.5195
[cvx-sgd] epoch=60/200 train_loss=1.291158 val_loss=1.318048 train_obj=3.022100 val_obj=3.048991 train_acc=0.5953 val_acc=0.5800
[cvx-sgd] epoch=70/200 train_loss=1.250503 val_loss=1.281918 train_obj=2.685397 val_obj=2.716812 train_acc=0.6270 val_acc=0.6100
[cvx-sgd] epoch=80/200 train_loss=1.244064 val_loss=1.292677 train_obj=2.430910 val_obj=2.479522 train_acc=0.6548 val_acc=0.6250
[cvx-sgd] epoch=90/200 train_loss=1.271734 val_loss=1.319079 train_obj=2.262032 val_obj=2.309377 train_acc=0.6560 val_acc=0.6230
[cvx-sgd] epoch=100/200 train_loss=1.287071 val_loss=1.328542 train_obj=2.127675 val_obj=2.169146 train_acc=0.6540 val_acc=0.6280
[cvx-sgd] epoch=110/200 train_loss=1.295202 val_loss=1.339383 train_obj=2.024715 val_obj=2.068897 train_acc=0.6555 val_acc=0.6255
[cvx-sgd] epoch=120/200 train_loss=1.296679 val_loss=1.339938 train_obj=1.943619 val_obj=1.986877 train_acc=0.6543 val_acc=0.6180
[cvx-sgd] epoch=130/200 train_loss=1.294780 val_loss=1.338314 train_obj=1.883719 val_obj=1.927253 train_acc=0.6540 val_acc=0.6180
[cvx-sgd] epoch=140/200 train_loss=1.290177 val_loss=1.334124 train_obj=1.839811 val_obj=1.883757 train_acc=0.6533 val_acc=0.6170
[cvx-sgd] epoch=150/200 train_loss=1.284617 val_loss=1.328809 train_obj=1.808308 val_obj=1.852500 train_acc=0.6535 val_acc=0.6190
[cvx-sgd] epoch=160/200 train_loss=1.278359 val_loss=1.322829 train_obj=1.784751 val_obj=1.829221 train_acc=0.6558 val_acc=0.6195
[cvx-sgd] epoch=170/200 train_loss=1.271637 val_loss=1.316286 train_obj=1.768059 val_obj=1.812708 train_acc=0.6573 val_acc=0.6210
[cvx-sgd] epoch=180/200 train_loss=1.265141 val_loss=1.309946 train_obj=1.754935 val_obj=1.799740 train_acc=0.6577 val_acc=0.6245
[cvx-sgd] epoch=190/200 train_loss=1.258917 val_loss=1.303887 train_obj=1.744205 val_obj=1.789174 train_acc=0.6575 val_acc=0.6235
[cvx-sgd] epoch=200/200 train_loss=1.252852 val_loss=1.298277 train_obj=1.736113 val_obj=1.781539 train_acc=0.6593 val_acc=0.6245
[cvx-run] method=sgd beta=0.5 lr=0.005 bias=0 batch_size=full(6000) n_train=6000
[cvx-sgd] epoch=10/200 train_loss=14.216857 val_loss=15.206770 train_obj=17.763410 val_obj=18.753323 train_acc=0.2905 val_acc=0.2670
[cvx-sgd] epoch=20/200 train_loss=10.691019 val_loss=10.584551 train_obj=14.174507 val_obj=14.068039 train_acc=0.2588 val_acc=0.2760
[cvx-sgd] epoch=30/200 train_loss=5.744091 val_loss=5.772601 train_obj=8.732855 val_obj=8.761365 train_acc=0.2317 val_acc=0.2330
[cvx-sgd] epoch=40/200 train_loss=2.393452 val_loss=2.319532 train_obj=4.893014 val_obj=4.819093 train_acc=0.4180 val_acc=0.4155
[cvx-sgd] epoch=50/200 train_loss=1.569312 val_loss=1.573472 train_obj=3.558425 val_obj=3.562585 train_acc=0.5278 val_acc=0.5200
[cvx-sgd] epoch=60/200 train_loss=1.187946 val_loss=1.247871 train_obj=2.713128 val_obj=2.773052 train_acc=0.6172 val_acc=0.5895
[cvx-sgd] epoch=70/200 train_loss=1.237154 val_loss=1.279437 train_obj=2.402299 val_obj=2.444582 train_acc=0.6265 val_acc=0.6030
[cvx-sgd] epoch=80/200 train_loss=1.237123 val_loss=1.290768 train_obj=2.139362 val_obj=2.193007 train_acc=0.6552 val_acc=0.6235
[cvx-sgd] epoch=90/200 train_loss=1.260563 val_loss=1.308735 train_obj=1.988398 val_obj=2.036570 train_acc=0.6633 val_acc=0.6280
[cvx-sgd] epoch=100/200 train_loss=1.270851 val_loss=1.314311 train_obj=1.900224 val_obj=1.943685 train_acc=0.6647 val_acc=0.6240
[cvx-sgd] epoch=110/200 train_loss=1.270311 val_loss=1.314595 train_obj=1.842955 val_obj=1.887240 train_acc=0.6608 val_acc=0.6230
[cvx-sgd] epoch=120/200 train_loss=1.263005 val_loss=1.308716 train_obj=1.809993 val_obj=1.855704 train_acc=0.6582 val_acc=0.6245
[cvx-sgd] epoch=130/200 train_loss=1.253050 val_loss=1.299108 train_obj=1.792000 val_obj=1.838057 train_acc=0.6595 val_acc=0.6240
[cvx-sgd] epoch=140/200 train_loss=1.243713 val_loss=1.290407 train_obj=1.776138 val_obj=1.822831 train_acc=0.6622 val_acc=0.6255
[cvx-sgd] epoch=150/200 train_loss=1.235124 val_loss=1.282575 train_obj=1.765405 val_obj=1.812857 train_acc=0.6632 val_acc=0.6245
[cvx-sgd] epoch=160/200 train_loss=1.226835 val_loss=1.275048 train_obj=1.760519 val_obj=1.808731 train_acc=0.6643 val_acc=0.6250
[cvx-sgd] epoch=170/200 train_loss=1.219514 val_loss=1.268373 train_obj=1.751752 val_obj=1.800611 train_acc=0.6678 val_acc=0.6265
[cvx-sgd] epoch=180/200 train_loss=1.212847 val_loss=1.262117 train_obj=1.746782 val_obj=1.796052 train_acc=0.6692 val_acc=0.6285
[cvx-sgd] epoch=190/200 train_loss=1.206600 val_loss=1.256710 train_obj=1.743099 val_obj=1.793209 train_acc=0.6710 val_acc=0.6320
[cvx-sgd] epoch=200/200 train_loss=1.200415 val_loss=1.250821 train_obj=1.737715 val_obj=1.788121 train_acc=0.6738 val_acc=0.6350
[cvx-run] method=sgd beta=0.5 lr=0.005 bias=0.5 batch_size=full(6000) n_train=6000
[cvx-sgd] epoch=10/200 train_loss=10.144033 val_loss=10.029391 train_obj=13.301987 val_obj=13.187345 train_acc=0.1490 val_acc=0.1470
[cvx-sgd] epoch=20/200 train_loss=8.743435 val_loss=8.556599 train_obj=12.042995 val_obj=11.856158 train_acc=0.2250 val_acc=0.2275
[cvx-sgd] epoch=30/200 train_loss=3.871915 val_loss=3.840700 train_obj=6.745265 val_obj=6.714049 train_acc=0.2948 val_acc=0.2985
[cvx-sgd] epoch=40/200 train_loss=1.863252 val_loss=1.971669 train_obj=4.221806 val_obj=4.330223 train_acc=0.4807 val_acc=0.4440
[cvx-sgd] epoch=50/200 train_loss=1.489028 val_loss=1.532201 train_obj=3.338929 val_obj=3.382101 train_acc=0.5220 val_acc=0.5160
[cvx-sgd] epoch=60/200 train_loss=1.311031 val_loss=1.382861 train_obj=2.722486 val_obj=2.794317 train_acc=0.5542 val_acc=0.5245
[cvx-sgd] epoch=70/200 train_loss=1.241737 val_loss=1.275835 train_obj=2.314776 val_obj=2.348874 train_acc=0.6452 val_acc=0.6270
[cvx-sgd] epoch=80/200 train_loss=1.254183 val_loss=1.303666 train_obj=2.079351 val_obj=2.128835 train_acc=0.6495 val_acc=0.6135
[cvx-sgd] epoch=90/200 train_loss=1.260319 val_loss=1.305454 train_obj=1.934169 val_obj=1.979303 train_acc=0.6617 val_acc=0.6320
[cvx-sgd] epoch=100/200 train_loss=1.267703 val_loss=1.310313 train_obj=1.868192 val_obj=1.910801 train_acc=0.6638 val_acc=0.6295
[cvx-sgd] epoch=110/200 train_loss=1.265213 val_loss=1.309912 train_obj=1.824003 val_obj=1.868703 train_acc=0.6605 val_acc=0.6265
[cvx-sgd] epoch=120/200 train_loss=1.257930 val_loss=1.303472 train_obj=1.798331 val_obj=1.843872 train_acc=0.6603 val_acc=0.6250
[cvx-sgd] epoch=130/200 train_loss=1.247910 val_loss=1.293995 train_obj=1.783674 val_obj=1.829759 train_acc=0.6603 val_acc=0.6260
[cvx-sgd] epoch=140/200 train_loss=1.239124 val_loss=1.286391 train_obj=1.770459 val_obj=1.817726 train_acc=0.6615 val_acc=0.6270
[cvx-sgd] epoch=150/200 train_loss=1.230712 val_loss=1.278597 train_obj=1.760798 val_obj=1.808683 train_acc=0.6640 val_acc=0.6250
[cvx-sgd] epoch=160/200 train_loss=1.222782 val_loss=1.271301 train_obj=1.757100 val_obj=1.805619 train_acc=0.6660 val_acc=0.6280
[cvx-sgd] epoch=170/200 train_loss=1.215429 val_loss=1.264409 train_obj=1.748388 val_obj=1.797368 train_acc=0.6685 val_acc=0.6305
[cvx-sgd] epoch=180/200 train_loss=1.208466 val_loss=1.258134 train_obj=1.743805 val_obj=1.793473 train_acc=0.6697 val_acc=0.6310
[cvx-sgd] epoch=190/200 train_loss=1.202129 val_loss=1.252245 train_obj=1.740943 val_obj=1.791059 train_acc=0.6715 val_acc=0.6330
[cvx-sgd] epoch=200/200 train_loss=1.196224 val_loss=1.247095 train_obj=1.736159 val_obj=1.787029 train_acc=0.6732 val_acc=0.6350
[cvx-run] method=sgd beta=0.5 lr=0.005 bias=1 batch_size=full(6000) n_train=6000
[cvx-sgd] epoch=10/200 train_loss=18.574511 val_loss=18.481091 train_obj=22.086240 val_obj=21.992820 train_acc=0.2465 val_acc=0.2595
[cvx-sgd] epoch=20/200 train_loss=5.748267 val_loss=5.841999 train_obj=9.247612 val_obj=9.341344 train_acc=0.2227 val_acc=0.2245
[cvx-sgd] epoch=30/200 train_loss=2.736160 val_loss=2.842078 train_obj=5.774045 val_obj=5.879963 train_acc=0.3530 val_acc=0.3330
[cvx-sgd] epoch=40/200 train_loss=2.020582 val_loss=2.077818 train_obj=4.560347 val_obj=4.617582 train_acc=0.4968 val_acc=0.4725
[cvx-sgd] epoch=50/200 train_loss=1.458529 val_loss=1.554559 train_obj=3.454073 val_obj=3.550102 train_acc=0.5888 val_acc=0.5410
[cvx-sgd] epoch=60/200 train_loss=1.334486 val_loss=1.388242 train_obj=2.863283 val_obj=2.917040 train_acc=0.5302 val_acc=0.5010
[cvx-sgd] epoch=70/200 train_loss=1.252738 val_loss=1.306824 train_obj=2.405325 val_obj=2.459411 train_acc=0.6220 val_acc=0.5945
[cvx-sgd] epoch=80/200 train_loss=1.251636 val_loss=1.300701 train_obj=2.139347 val_obj=2.188412 train_acc=0.6672 val_acc=0.6320
[cvx-sgd] epoch=90/200 train_loss=1.265339 val_loss=1.305939 train_obj=1.985406 val_obj=2.026005 train_acc=0.6535 val_acc=0.6220
[cvx-sgd] epoch=100/200 train_loss=1.269655 val_loss=1.312481 train_obj=1.888608 val_obj=1.931434 train_acc=0.6650 val_acc=0.6315
[cvx-sgd] epoch=110/200 train_loss=1.266706 val_loss=1.310165 train_obj=1.833405 val_obj=1.876864 train_acc=0.6657 val_acc=0.6290
[cvx-sgd] epoch=120/200 train_loss=1.258130 val_loss=1.303321 train_obj=1.803032 val_obj=1.848223 train_acc=0.6633 val_acc=0.6250
[cvx-sgd] epoch=130/200 train_loss=1.248018 val_loss=1.293944 train_obj=1.785511 val_obj=1.831436 train_acc=0.6642 val_acc=0.6265
[cvx-sgd] epoch=140/200 train_loss=1.237917 val_loss=1.284671 train_obj=1.770326 val_obj=1.817080 train_acc=0.6628 val_acc=0.6260
[cvx-sgd] epoch=150/200 train_loss=1.229652 val_loss=1.277083 train_obj=1.760460 val_obj=1.807891 train_acc=0.6650 val_acc=0.6260
[cvx-sgd] epoch=160/200 train_loss=1.221963 val_loss=1.270490 train_obj=1.756336 val_obj=1.804863 train_acc=0.6665 val_acc=0.6270
[cvx-sgd] epoch=170/200 train_loss=1.214818 val_loss=1.264214 train_obj=1.748251 val_obj=1.797648 train_acc=0.6672 val_acc=0.6260
[cvx-sgd] epoch=180/200 train_loss=1.207944 val_loss=1.258017 train_obj=1.743975 val_obj=1.794047 train_acc=0.6695 val_acc=0.6290
[cvx-sgd] epoch=190/200 train_loss=1.201088 val_loss=1.251667 train_obj=1.740354 val_obj=1.790933 train_acc=0.6712 val_acc=0.6325
[cvx-sgd] epoch=200/200 train_loss=1.195306 val_loss=1.246724 train_obj=1.735749 val_obj=1.787167 train_acc=0.6727 val_acc=0.6340
[cvx-run] method=sgd beta=0.5 lr=0.01 bias=-1 batch_size=full(6000) n_train=6000
[cvx-sgd] epoch=10/200 train_loss=66.297714 val_loss=64.600319 train_obj=74.234512 val_obj=72.537117 train_acc=0.2042 val_acc=0.2050
[cvx-sgd] epoch=20/200 train_loss=12.922138 val_loss=13.214450 train_obj=20.644811 val_obj=20.937123 train_acc=0.2912 val_acc=0.2815
[cvx-sgd] epoch=30/200 train_loss=8.028480 val_loss=7.825997 train_obj=15.319082 val_obj=15.116600 train_acc=0.3413 val_acc=0.3465
[cvx-sgd] epoch=40/200 train_loss=4.278626 val_loss=4.481210 train_obj=10.794132 val_obj=10.996715 train_acc=0.3658 val_acc=0.3565
[cvx-sgd] epoch=50/200 train_loss=2.751994 val_loss=2.701519 train_obj=8.495387 val_obj=8.444912 train_acc=0.4852 val_acc=0.4870
[cvx-sgd] epoch=60/200 train_loss=1.578932 val_loss=1.603468 train_obj=6.586713 val_obj=6.611249 train_acc=0.5495 val_acc=0.5430
[cvx-sgd] epoch=70/200 train_loss=1.125129 val_loss=1.229573 train_obj=5.417868 val_obj=5.522311 train_acc=0.6280 val_acc=0.5985
[cvx-sgd] epoch=80/200 train_loss=0.988306 val_loss=1.054637 train_obj=4.576168 val_obj=4.642499 train_acc=0.6870 val_acc=0.6565
[cvx-sgd] epoch=90/200 train_loss=0.978427 val_loss=1.049959 train_obj=3.915135 val_obj=3.986667 train_acc=0.7203 val_acc=0.6750
[cvx-sgd] epoch=100/200 train_loss=1.027237 val_loss=1.101283 train_obj=3.385017 val_obj=3.459062 train_acc=0.7188 val_acc=0.6770
[cvx-sgd] epoch=110/200 train_loss=1.073611 val_loss=1.136563 train_obj=2.934946 val_obj=2.997899 train_acc=0.7242 val_acc=0.6835
[cvx-sgd] epoch=120/200 train_loss=1.123737 val_loss=1.184604 train_obj=2.578967 val_obj=2.639834 train_acc=0.7102 val_acc=0.6745
[cvx-sgd] epoch=130/200 train_loss=1.164828 val_loss=1.221788 train_obj=2.308398 val_obj=2.365358 train_acc=0.7070 val_acc=0.6720
[cvx-sgd] epoch=140/200 train_loss=1.192195 val_loss=1.245814 train_obj=2.114396 val_obj=2.168015 train_acc=0.7013 val_acc=0.6650
[cvx-sgd] epoch=150/200 train_loss=1.206204 val_loss=1.258046 train_obj=1.981255 val_obj=2.033098 train_acc=0.6925 val_acc=0.6530
[cvx-sgd] epoch=160/200 train_loss=1.211786 val_loss=1.262693 train_obj=1.902382 val_obj=1.953289 train_acc=0.6847 val_acc=0.6485
[cvx-sgd] epoch=170/200 train_loss=1.213229 val_loss=1.263845 train_obj=1.851451 val_obj=1.902067 train_acc=0.6820 val_acc=0.6415
[cvx-sgd] epoch=180/200 train_loss=1.211087 val_loss=1.261758 train_obj=1.818128 val_obj=1.868798 train_acc=0.6802 val_acc=0.6365
[cvx-sgd] epoch=190/200 train_loss=1.207731 val_loss=1.258611 train_obj=1.796390 val_obj=1.847270 train_acc=0.6782 val_acc=0.6355
[cvx-sgd] epoch=200/200 train_loss=1.203623 val_loss=1.254946 train_obj=1.779927 val_obj=1.831250 train_acc=0.6783 val_acc=0.6365
[cvx-run] method=sgd beta=0.5 lr=0.01 bias=-0.5 batch_size=full(6000) n_train=6000
[cvx-sgd] epoch=10/200 train_loss=35.430325 val_loss=35.760189 train_obj=42.541399 val_obj=42.871264 train_acc=0.1518 val_acc=0.1590
[cvx-sgd] epoch=20/200 train_loss=12.114483 val_loss=11.895585 train_obj=19.240685 val_obj=19.021787 train_acc=0.3460 val_acc=0.3360
[cvx-sgd] epoch=30/200 train_loss=3.793430 val_loss=3.710336 train_obj=10.256680 val_obj=10.173587 train_acc=0.3955 val_acc=0.3985
[cvx-sgd] epoch=40/200 train_loss=2.788453 val_loss=2.761578 train_obj=8.497473 val_obj=8.470598 train_acc=0.4862 val_acc=0.4870
[cvx-sgd] epoch=50/200 train_loss=2.237025 val_loss=2.338288 train_obj=7.172309 val_obj=7.273572 train_acc=0.5122 val_acc=0.4855
[cvx-sgd] epoch=60/200 train_loss=1.224311 val_loss=1.277955 train_obj=5.407547 val_obj=5.461191 train_acc=0.6312 val_acc=0.6090
[cvx-sgd] epoch=70/200 train_loss=1.045412 val_loss=1.107478 train_obj=4.524116 val_obj=4.586182 train_acc=0.6910 val_acc=0.6520
[cvx-sgd] epoch=80/200 train_loss=1.069970 val_loss=1.148118 train_obj=3.882684 val_obj=3.960833 train_acc=0.6990 val_acc=0.6640
[cvx-sgd] epoch=90/200 train_loss=1.074368 val_loss=1.132970 train_obj=3.294333 val_obj=3.352935 train_acc=0.7057 val_acc=0.6695
[cvx-sgd] epoch=100/200 train_loss=1.116525 val_loss=1.180401 train_obj=2.841364 val_obj=2.905240 train_acc=0.7147 val_acc=0.6710
[cvx-sgd] epoch=110/200 train_loss=1.164338 val_loss=1.221229 train_obj=2.493441 val_obj=2.550332 train_acc=0.7092 val_acc=0.6650
[cvx-sgd] epoch=120/200 train_loss=1.199435 val_loss=1.252755 train_obj=2.232498 val_obj=2.285817 train_acc=0.6995 val_acc=0.6625
[cvx-sgd] epoch=130/200 train_loss=1.220661 val_loss=1.272712 train_obj=2.055822 val_obj=2.107873 train_acc=0.6907 val_acc=0.6475
[cvx-sgd] epoch=140/200 train_loss=1.227139 val_loss=1.277400 train_obj=1.934120 val_obj=1.984380 train_acc=0.6815 val_acc=0.6410
[cvx-sgd] epoch=150/200 train_loss=1.226711 val_loss=1.276377 train_obj=1.862596 val_obj=1.912262 train_acc=0.6780 val_acc=0.6385
[cvx-sgd] epoch=160/200 train_loss=1.222962 val_loss=1.272576 train_obj=1.822676 val_obj=1.872290 train_acc=0.6763 val_acc=0.6370
[cvx-sgd] epoch=170/200 train_loss=1.218435 val_loss=1.268260 train_obj=1.795877 val_obj=1.845702 train_acc=0.6742 val_acc=0.6350
[cvx-sgd] epoch=180/200 train_loss=1.212910 val_loss=1.262859 train_obj=1.776382 val_obj=1.826332 train_acc=0.6723 val_acc=0.6360
[cvx-sgd] epoch=190/200 train_loss=1.207420 val_loss=1.257727 train_obj=1.766472 val_obj=1.816779 train_acc=0.6727 val_acc=0.6340
[cvx-sgd] epoch=200/200 train_loss=1.202019 val_loss=1.252630 train_obj=1.756418 val_obj=1.807028 train_acc=0.6733 val_acc=0.6350
[cvx-run] method=sgd beta=0.5 lr=0.01 bias=0 batch_size=full(6000) n_train=6000
[cvx-sgd] epoch=10/200 train_loss=39.436646 val_loss=39.765663 train_obj=45.212901 val_obj=45.541919 train_acc=0.1878 val_acc=0.1890
[cvx-sgd] epoch=20/200 train_loss=19.306475 val_loss=18.588259 train_obj=25.637782 val_obj=24.919566 train_acc=0.2968 val_acc=0.3140
[cvx-sgd] epoch=30/200 train_loss=10.583995 val_loss=11.020076 train_obj=16.103006 val_obj=16.539087 train_acc=0.2363 val_acc=0.2180
[cvx-sgd] epoch=40/200 train_loss=4.600932 val_loss=4.739264 train_obj=9.266627 val_obj=9.404960 train_acc=0.3862 val_acc=0.3825
[cvx-sgd] epoch=50/200 train_loss=2.243588 val_loss=2.364393 train_obj=5.984578 val_obj=6.105382 train_acc=0.5052 val_acc=0.4550
[cvx-sgd] epoch=60/200 train_loss=1.467378 val_loss=1.551326 train_obj=4.235507 val_obj=4.319455 train_acc=0.5653 val_acc=0.5385
[cvx-sgd] epoch=70/200 train_loss=1.250574 val_loss=1.321604 train_obj=3.193474 val_obj=3.264505 train_acc=0.5873 val_acc=0.5685
[cvx-sgd] epoch=80/200 train_loss=1.145023 val_loss=1.230139 train_obj=2.480824 val_obj=2.565941 train_acc=0.6383 val_acc=0.6060
[cvx-sgd] epoch=90/200 train_loss=1.154849 val_loss=1.208317 train_obj=2.145225 val_obj=2.198694 train_acc=0.6382 val_acc=0.6005
[cvx-sgd] epoch=100/200 train_loss=1.746524 val_loss=1.779396 train_obj=2.580757 val_obj=2.613628 train_acc=0.2962 val_acc=0.2900
[cvx-sgd] epoch=110/200 train_loss=1.744328 val_loss=1.789261 train_obj=2.614330 val_obj=2.659262 train_acc=0.4805 val_acc=0.4845
[cvx-sgd] epoch=120/200 train_loss=1.214572 val_loss=1.277803 train_obj=1.904068 val_obj=1.967299 train_acc=0.6340 val_acc=0.6040
[cvx-sgd] epoch=130/200 train_loss=1.208259 val_loss=1.267057 train_obj=1.834124 val_obj=1.892922 train_acc=0.6510 val_acc=0.6220
[cvx-sgd] epoch=140/200 train_loss=1.191227 val_loss=1.244528 train_obj=1.786525 val_obj=1.839826 train_acc=0.6788 val_acc=0.6420
[cvx-sgd] epoch=150/200 train_loss=1.191651 val_loss=1.242752 train_obj=1.764859 val_obj=1.815960 train_acc=0.6802 val_acc=0.6405
[cvx-sgd] epoch=160/200 train_loss=1.186884 val_loss=1.236974 train_obj=1.749901 val_obj=1.799991 train_acc=0.6753 val_acc=0.6360
[cvx-sgd] epoch=170/200 train_loss=1.184792 val_loss=1.234856 train_obj=1.740440 val_obj=1.790504 train_acc=0.6808 val_acc=0.6415
[cvx-sgd] epoch=180/200 train_loss=1.182033 val_loss=1.233381 train_obj=1.735464 val_obj=1.786811 train_acc=0.6812 val_acc=0.6370
[cvx-sgd] epoch=190/200 train_loss=1.179009 val_loss=1.230871 train_obj=1.733728 val_obj=1.785590 train_acc=0.6817 val_acc=0.6350
[cvx-sgd] epoch=200/200 train_loss=1.176082 val_loss=1.228213 train_obj=1.727963 val_obj=1.780094 train_acc=0.6828 val_acc=0.6350
[cvx-run] method=sgd beta=0.5 lr=0.01 bias=0.5 batch_size=full(6000) n_train=6000
[cvx-sgd] epoch=10/200 train_loss=21.828836 val_loss=22.163149 train_obj=27.801038 val_obj=28.135350 train_acc=0.2373 val_acc=0.2135
[cvx-sgd] epoch=20/200 train_loss=15.302242 val_loss=15.756486 train_obj=21.192180 val_obj=21.646424 train_acc=0.2395 val_acc=0.2180
[cvx-sgd] epoch=30/200 train_loss=5.454640 val_loss=5.463875 train_obj=10.548625 val_obj=10.557860 train_acc=0.3437 val_acc=0.3375
[cvx-sgd] epoch=40/200 train_loss=2.546563 val_loss=2.547074 train_obj=6.564828 val_obj=6.565338 train_acc=0.4692 val_acc=0.4655
[cvx-sgd] epoch=50/200 train_loss=1.792254 val_loss=1.849428 train_obj=4.788009 val_obj=4.845183 train_acc=0.4968 val_acc=0.5120
[cvx-sgd] epoch=60/200 train_loss=1.309409 val_loss=1.404218 train_obj=3.406648 val_obj=3.501457 train_acc=0.5308 val_acc=0.4945
[cvx-sgd] epoch=70/200 train_loss=1.540750 val_loss=1.569744 train_obj=2.984211 val_obj=3.013205 train_acc=0.4842 val_acc=0.4795
[cvx-sgd] epoch=80/200 train_loss=2.126083 val_loss=2.120037 train_obj=3.241869 val_obj=3.235823 train_acc=0.4673 val_acc=0.4855
[cvx-sgd] epoch=90/200 train_loss=1.269590 val_loss=1.348745 train_obj=2.160958 val_obj=2.240114 train_acc=0.5572 val_acc=0.5250
[cvx-sgd] epoch=100/200 train_loss=1.188730 val_loss=1.258084 train_obj=1.964483 val_obj=2.033837 train_acc=0.6380 val_acc=0.6060
[cvx-sgd] epoch=110/200 train_loss=1.193663 val_loss=1.262675 train_obj=1.888779 val_obj=1.957792 train_acc=0.6638 val_acc=0.6275
[cvx-sgd] epoch=120/200 train_loss=1.170351 val_loss=1.223235 train_obj=1.809567 val_obj=1.862451 train_acc=0.6873 val_acc=0.6400
[cvx-sgd] epoch=130/200 train_loss=1.178820 val_loss=1.229079 train_obj=1.782915 val_obj=1.833174 train_acc=0.6855 val_acc=0.6435
[cvx-sgd] epoch=140/200 train_loss=1.183859 val_loss=1.235967 train_obj=1.765730 val_obj=1.817839 train_acc=0.6845 val_acc=0.6405
[cvx-sgd] epoch=150/200 train_loss=1.186245 val_loss=1.237664 train_obj=1.754076 val_obj=1.805495 train_acc=0.6807 val_acc=0.6415
[cvx-sgd] epoch=160/200 train_loss=1.185819 val_loss=1.237446 train_obj=1.746446 val_obj=1.798073 train_acc=0.6785 val_acc=0.6380
[cvx-sgd] epoch=170/200 train_loss=1.184155 val_loss=1.236365 train_obj=1.741305 val_obj=1.793514 train_acc=0.6772 val_acc=0.6375
[cvx-sgd] epoch=180/200 train_loss=1.181770 val_loss=1.234194 train_obj=1.735125 val_obj=1.787549 train_acc=0.6793 val_acc=0.6395
[cvx-sgd] epoch=190/200 train_loss=1.178985 val_loss=1.231635 train_obj=1.732803 val_obj=1.785452 train_acc=0.6802 val_acc=0.6385
[cvx-sgd] epoch=200/200 train_loss=1.176267 val_loss=1.229430 train_obj=1.728378 val_obj=1.781541 train_acc=0.6808 val_acc=0.6385
[cvx-run] method=sgd beta=0.5 lr=0.01 bias=1 batch_size=full(6000) n_train=6000
[cvx-sgd] epoch=10/200 train_loss=30.372824 val_loss=30.531258 train_obj=36.809407 val_obj=36.967841 train_acc=0.2332 val_acc=0.2225
[cvx-sgd] epoch=20/200 train_loss=9.981020 val_loss=10.069353 train_obj=16.288773 val_obj=16.377106 train_acc=0.2913 val_acc=0.2730
[cvx-sgd] epoch=30/200 train_loss=7.829391 val_loss=8.013503 train_obj=13.399495 val_obj=13.583608 train_acc=0.2972 val_acc=0.2725
[cvx-sgd] epoch=40/200 train_loss=4.027132 val_loss=4.144810 train_obj=8.586494 val_obj=8.704171 train_acc=0.3865 val_acc=0.3810
[cvx-sgd] epoch=50/200 train_loss=1.566450 val_loss=1.711727 train_obj=5.050739 val_obj=5.196016 train_acc=0.5138 val_acc=0.4855
[cvx-sgd] epoch=60/200 train_loss=1.353578 val_loss=1.391705 train_obj=3.847485 val_obj=3.885611 train_acc=0.5522 val_acc=0.5425
[cvx-sgd] epoch=70/200 train_loss=1.154589 val_loss=1.233906 train_obj=2.843227 val_obj=2.922544 train_acc=0.6545 val_acc=0.6060
[cvx-sgd] epoch=80/200 train_loss=1.153603 val_loss=1.230644 train_obj=2.318772 val_obj=2.395813 train_acc=0.6500 val_acc=0.6145
[cvx-sgd] epoch=90/200 train_loss=1.194196 val_loss=1.248969 train_obj=2.085526 val_obj=2.140299 train_acc=0.6683 val_acc=0.6240
[cvx-sgd] epoch=100/200 train_loss=1.207074 val_loss=1.258256 train_obj=1.962017 val_obj=2.013200 train_acc=0.6765 val_acc=0.6455
[cvx-sgd] epoch=110/200 train_loss=1.205214 val_loss=1.258190 train_obj=1.892525 val_obj=1.945501 train_acc=0.6763 val_acc=0.6370
[cvx-sgd] epoch=120/200 train_loss=1.195717 val_loss=1.247978 train_obj=1.857125 val_obj=1.909386 train_acc=0.6772 val_acc=0.6365
[cvx-sgd] epoch=130/200 train_loss=1.188051 val_loss=1.241973 train_obj=1.844494 val_obj=1.898416 train_acc=0.6778 val_acc=0.6385
[cvx-sgd] epoch=140/200 train_loss=1.185924 val_loss=1.239323 train_obj=1.831079 val_obj=1.884479 train_acc=0.6775 val_acc=0.6395
[cvx-sgd] epoch=150/200 train_loss=1.186196 val_loss=1.238562 train_obj=1.773964 val_obj=1.826330 train_acc=0.6748 val_acc=0.6380
[cvx-sgd] epoch=160/200 train_loss=1.177550 val_loss=1.231631 train_obj=1.745860 val_obj=1.799941 train_acc=0.6805 val_acc=0.6390
[cvx-sgd] epoch=170/200 train_loss=1.175482 val_loss=1.229939 train_obj=1.731492 val_obj=1.785949 train_acc=0.6790 val_acc=0.6370
[cvx-sgd] epoch=180/200 train_loss=1.171619 val_loss=1.226260 train_obj=1.723951 val_obj=1.778592 train_acc=0.6813 val_acc=0.6405
[cvx-sgd] epoch=190/200 train_loss=1.168180 val_loss=1.222954 train_obj=1.720402 val_obj=1.775176 train_acc=0.6833 val_acc=0.6385
[cvx-sgd] epoch=200/200 train_loss=1.164889 val_loss=1.219926 train_obj=1.718345 val_obj=1.773382 train_acc=0.6837 val_acc=0.6390
[cvx-run] method=sgd beta=0.5 lr=0.1 bias=-1 batch_size=full(6000) n_train=6000
[cvx-sgd] epoch=10/200 train_loss=370.533264 val_loss=370.615112 train_obj=438.252769 val_obj=438.334618 train_acc=0.1710 val_acc=0.1810
[cvx-sgd] epoch=20/200 train_loss=116.883858 val_loss=116.595390 train_obj=187.340226 val_obj=187.051759 train_acc=0.2937 val_acc=0.2920
[cvx-sgd] epoch=30/200 train_loss=86.505653 val_loss=87.767540 train_obj=150.625361 val_obj=151.887248 train_acc=0.3483 val_acc=0.3430
[cvx-sgd] epoch=40/200 train_loss=32.588120 val_loss=33.480518 train_obj=88.999408 val_obj=89.891807 train_acc=0.4133 val_acc=0.4030
[cvx-sgd] epoch=50/200 train_loss=16.062847 val_loss=16.956263 train_obj=64.940852 val_obj=65.834267 train_acc=0.4615 val_acc=0.4395
[cvx-sgd] epoch=60/200 train_loss=7.667268 val_loss=8.067759 train_obj=49.219473 val_obj=49.619963 train_acc=0.5828 val_acc=0.5450
[cvx-sgd] epoch=70/200 train_loss=3.075347 val_loss=3.624396 train_obj=37.514140 val_obj=38.063190 train_acc=0.6892 val_acc=0.6505
[cvx-sgd] epoch=80/200 train_loss=2.224546 val_loss=2.733921 train_obj=29.820276 val_obj=30.329652 train_acc=0.6960 val_acc=0.6550
[cvx-sgd] epoch=90/200 train_loss=6.394129 val_loss=6.919228 train_obj=28.060843 val_obj=28.585941 train_acc=0.4538 val_acc=0.4435
[cvx-sgd] epoch=100/200 train_loss=26.557726 val_loss=27.816622 train_obj=44.094055 val_obj=45.352951 train_acc=0.4028 val_acc=0.3785
[cvx-sgd] epoch=110/200 train_loss=13.462740 val_loss=13.672069 train_obj=28.897479 val_obj=29.106808 train_acc=0.3312 val_acc=0.3370
[cvx-sgd] epoch=120/200 train_loss=3.864566 val_loss=4.325204 train_obj=17.740286 val_obj=18.200924 train_acc=0.5367 val_acc=0.5115
[cvx-sgd] epoch=130/200 train_loss=1.611218 val_loss=1.954458 train_obj=14.096597 val_obj=14.439838 train_acc=0.6977 val_acc=0.6515
[cvx-sgd] epoch=140/200 train_loss=1.598008 val_loss=1.969450 train_obj=12.781138 val_obj=13.152581 train_acc=0.6705 val_acc=0.6290
[cvx-sgd] epoch=150/200 train_loss=0.818070 val_loss=1.049708 train_obj=10.639838 val_obj=10.871476 train_acc=0.7797 val_acc=0.7250
[cvx-sgd] epoch=160/200 train_loss=0.731656 val_loss=0.938211 train_obj=9.284732 val_obj=9.491287 train_acc=0.7945 val_acc=0.7425
[cvx-sgd] epoch=170/200 train_loss=0.671659 val_loss=0.873625 train_obj=8.049337 val_obj=8.251304 train_acc=0.7947 val_acc=0.7375
[cvx-sgd] epoch=180/200 train_loss=0.638196 val_loss=0.831528 train_obj=6.912427 val_obj=7.105758 train_acc=0.7955 val_acc=0.7425
[cvx-sgd] epoch=190/200 train_loss=0.620431 val_loss=0.798809 train_obj=5.901695 val_obj=6.080074 train_acc=0.7992 val_acc=0.7490
[cvx-sgd] epoch=200/200 train_loss=0.619286 val_loss=0.784921 train_obj=5.011191 val_obj=5.176826 train_acc=0.8027 val_acc=0.7495
[cvx-run] method=sgd beta=0.5 lr=0.1 bias=-0.5 batch_size=full(6000) n_train=6000
[cvx-sgd] epoch=10/200 train_loss=370.140320 val_loss=386.166138 train_obj=432.050022 val_obj=448.075840 train_acc=0.2610 val_acc=0.2505
[cvx-sgd] epoch=20/200 train_loss=146.505875 val_loss=150.426056 train_obj=209.560627 val_obj=213.480808 train_acc=0.2347 val_acc=0.2375
[cvx-sgd] epoch=30/200 train_loss=83.674179 val_loss=80.794815 train_obj=141.529669 val_obj=138.650305 train_acc=0.2930 val_acc=0.3015
[cvx-sgd] epoch=40/200 train_loss=45.603970 val_loss=46.740486 train_obj=94.665507 val_obj=95.802024 train_acc=0.3652 val_acc=0.3645
[cvx-sgd] epoch=50/200 train_loss=18.582123 val_loss=20.372032 train_obj=57.277489 val_obj=59.067398 train_acc=0.4763 val_acc=0.4350
[cvx-sgd] epoch=60/200 train_loss=19.896240 val_loss=21.806482 train_obj=49.345109 val_obj=51.255351 train_acc=0.4733 val_acc=0.4480
[cvx-sgd] epoch=70/200 train_loss=57.828590 val_loss=60.268570 train_obj=80.373532 val_obj=82.813511 train_acc=0.3998 val_acc=0.3690
[cvx-sgd] epoch=80/200 train_loss=34.316952 val_loss=34.998791 train_obj=53.503013 val_obj=54.184852 train_acc=0.3105 val_acc=0.3050
[cvx-sgd] epoch=90/200 train_loss=12.271655 val_loss=12.091539 train_obj=28.490392 val_obj=28.310277 train_acc=0.4645 val_acc=0.4575
[cvx-sgd] epoch=100/200 train_loss=9.954626 val_loss=10.346045 train_obj=23.318102 val_obj=23.709520 train_acc=0.4690 val_acc=0.4620
[cvx-sgd] epoch=110/200 train_loss=6.829923 val_loss=7.134289 train_obj=18.006783 val_obj=18.311150 train_acc=0.5528 val_acc=0.5320
[cvx-sgd] epoch=120/200 train_loss=3.258430 val_loss=3.655755 train_obj=12.624557 val_obj=13.021883 train_acc=0.6612 val_acc=0.6385
[cvx-sgd] epoch=130/200 train_loss=2.493863 val_loss=2.842593 train_obj=10.685882 val_obj=11.034613 train_acc=0.6498 val_acc=0.6145
[cvx-sgd] epoch=140/200 train_loss=1.298056 val_loss=1.642804 train_obj=8.289259 val_obj=8.634008 train_acc=0.7505 val_acc=0.7095
[cvx-sgd] epoch=150/200 train_loss=1.113492 val_loss=1.367433 train_obj=7.072840 val_obj=7.326781 train_acc=0.7560 val_acc=0.7090
[cvx-sgd] epoch=160/200 train_loss=0.929829 val_loss=1.201843 train_obj=5.984456 val_obj=6.256470 train_acc=0.7665 val_acc=0.7165
[cvx-sgd] epoch=170/200 train_loss=0.818376 val_loss=1.056519 train_obj=5.137936 val_obj=5.376079 train_acc=0.7752 val_acc=0.7230
[cvx-sgd] epoch=180/200 train_loss=0.751365 val_loss=0.956124 train_obj=4.432867 val_obj=4.637626 train_acc=0.7710 val_acc=0.7300
[cvx-sgd] epoch=190/200 train_loss=0.736694 val_loss=0.924083 train_obj=3.876854 val_obj=4.064243 train_acc=0.7657 val_acc=0.7250
[cvx-sgd] epoch=200/200 train_loss=0.792349 val_loss=0.978231 train_obj=3.484911 val_obj=3.670792 train_acc=0.7407 val_acc=0.6920
[cvx-run] method=sgd beta=0.5 lr=0.1 bias=0 batch_size=full(6000) n_train=6000
[cvx-sgd] epoch=10/200 train_loss=321.729004 val_loss=321.584656 train_obj=385.297529 val_obj=385.153181 train_acc=0.1717 val_acc=0.1790
[cvx-sgd] epoch=20/200 train_loss=175.790253 val_loss=181.785934 train_obj=246.879696 val_obj=252.875378 train_acc=0.3088 val_acc=0.3045
[cvx-sgd] epoch=30/200 train_loss=95.698586 val_loss=97.546654 train_obj=158.144938 val_obj=159.993007 train_acc=0.2853 val_acc=0.2730
[cvx-sgd] epoch=40/200 train_loss=47.040932 val_loss=48.343227 train_obj=99.285325 val_obj=100.587621 train_acc=0.3907 val_acc=0.3745
[cvx-sgd] epoch=50/200 train_loss=23.768505 val_loss=25.304026 train_obj=64.744829 val_obj=66.280349 train_acc=0.5017 val_acc=0.4980
[cvx-sgd] epoch=60/200 train_loss=25.731140 val_loss=26.016788 train_obj=56.172221 val_obj=56.457869 train_acc=0.4248 val_acc=0.4030
[cvx-sgd] epoch=70/200 train_loss=12.906456 val_loss=13.933307 train_obj=36.524035 val_obj=37.550885 train_acc=0.5072 val_acc=0.4595
[cvx-sgd] epoch=80/200 train_loss=8.917335 val_loss=9.054067 train_obj=28.064979 val_obj=28.201711 train_acc=0.5600 val_acc=0.5445
[cvx-sgd] epoch=90/200 train_loss=6.660398 val_loss=7.072976 train_obj=21.469803 val_obj=21.882381 train_acc=0.5423 val_acc=0.5115
[cvx-sgd] epoch=100/200 train_loss=4.677668 val_loss=5.223631 train_obj=15.913563 val_obj=16.459526 train_acc=0.5697 val_acc=0.5460
[cvx-sgd] epoch=110/200 train_loss=19.715624 val_loss=20.497719 train_obj=29.286386 val_obj=30.068481 train_acc=0.4248 val_acc=0.4075
[cvx-sgd] epoch=120/200 train_loss=11.163265 val_loss=11.597523 train_obj=19.351947 val_obj=19.786204 train_acc=0.5863 val_acc=0.5580
[cvx-sgd] epoch=130/200 train_loss=2.941011 val_loss=3.172788 train_obj=9.850229 val_obj=10.082006 train_acc=0.6488 val_acc=0.6120
[cvx-sgd] epoch=140/200 train_loss=1.258646 val_loss=1.560298 train_obj=7.080336 val_obj=7.381989 train_acc=0.7358 val_acc=0.6850
[cvx-sgd] epoch=150/200 train_loss=1.274583 val_loss=1.602111 train_obj=6.221472 val_obj=6.549001 train_acc=0.6958 val_acc=0.6515
[cvx-sgd] epoch=160/200 train_loss=1.206186 val_loss=1.489737 train_obj=5.382133 val_obj=5.665684 train_acc=0.6903 val_acc=0.6410
[cvx-sgd] epoch=170/200 train_loss=1.111526 val_loss=1.296413 train_obj=4.661876 val_obj=4.846762 train_acc=0.7012 val_acc=0.6770
[cvx-sgd] epoch=180/200 train_loss=1.800362 val_loss=2.031899 train_obj=4.934191 val_obj=5.165728 train_acc=0.6335 val_acc=0.5975
[cvx-sgd] epoch=190/200 train_loss=3.364358 val_loss=3.556769 train_obj=6.368711 val_obj=6.561121 train_acc=0.4613 val_acc=0.4560
[cvx-sgd] epoch=200/200 train_loss=29.788429 val_loss=30.198406 train_obj=34.733456 val_obj=35.143433 train_acc=0.2618 val_acc=0.2530
[cvx-run] method=sgd beta=0.5 lr=0.1 bias=0.5 batch_size=full(6000) n_train=6000
[cvx-sgd] epoch=10/200 train_loss=898.789734 val_loss=923.861511 train_obj=989.038966 val_obj=1014.110743 train_acc=0.1223 val_acc=0.1105
[cvx-sgd] epoch=20/200 train_loss=246.601868 val_loss=252.839584 train_obj=336.911007 val_obj=343.148724 train_acc=0.2428 val_acc=0.2280
[cvx-sgd] epoch=30/200 train_loss=124.001228 val_loss=127.940742 train_obj=211.389154 val_obj=215.328668 train_acc=0.2258 val_acc=0.2165
[cvx-sgd] epoch=40/200 train_loss=42.852299 val_loss=43.307064 train_obj=123.181174 val_obj=123.635939 train_acc=0.4118 val_acc=0.4065
[cvx-sgd] epoch=50/200 train_loss=29.365948 val_loss=30.238350 train_obj=102.234285 val_obj=103.106688 train_acc=0.4852 val_acc=0.4790
[cvx-sgd] epoch=60/200 train_loss=14.856741 val_loss=15.832689 train_obj=79.863194 val_obj=80.839142 train_acc=0.5555 val_acc=0.5235
[cvx-sgd] epoch=70/200 train_loss=7.968438 val_loss=8.672652 train_obj=65.116082 val_obj=65.820296 train_acc=0.6123 val_acc=0.5845
[cvx-sgd] epoch=80/200 train_loss=4.083463 val_loss=4.743955 train_obj=53.652704 val_obj=54.313196 train_acc=0.6797 val_acc=0.6405
[cvx-sgd] epoch=90/200 train_loss=2.407385 val_loss=2.791196 train_obj=44.595103 val_obj=44.978914 train_acc=0.7140 val_acc=0.6790
[cvx-sgd] epoch=100/200 train_loss=2.100362 val_loss=2.612281 train_obj=37.219144 val_obj=37.731062 train_acc=0.6692 val_acc=0.6400
[cvx-sgd] epoch=110/200 train_loss=3.723752 val_loss=4.311778 train_obj=32.336434 val_obj=32.924460 train_acc=0.5772 val_acc=0.5525
[cvx-sgd] epoch=120/200 train_loss=38.380188 val_loss=40.301342 train_obj=62.697355 val_obj=64.618509 train_acc=0.2115 val_acc=0.1935
[cvx-sgd] epoch=130/200 train_loss=27.331459 val_loss=26.912628 train_obj=50.647899 val_obj=50.229068 train_acc=0.3128 val_acc=0.3155
[cvx-sgd] epoch=140/200 train_loss=11.546165 val_loss=12.348234 train_obj=33.008619 val_obj=33.810688 train_acc=0.3692 val_acc=0.3505
[cvx-sgd] epoch=150/200 train_loss=4.569827 val_loss=4.970864 train_obj=24.230468 val_obj=24.631505 train_acc=0.5470 val_acc=0.5205
[cvx-sgd] epoch=160/200 train_loss=2.623118 val_loss=2.880669 train_obj=20.412496 val_obj=20.670047 train_acc=0.6247 val_acc=0.5925
[cvx-sgd] epoch=170/200 train_loss=1.205588 val_loss=1.464052 train_obj=17.339103 val_obj=17.597566 train_acc=0.7508 val_acc=0.6930
[cvx-sgd] epoch=180/200 train_loss=0.884327 val_loss=1.137046 train_obj=15.461774 val_obj=15.714493 train_acc=0.7827 val_acc=0.7320
[cvx-sgd] epoch=190/200 train_loss=0.734926 val_loss=0.963292 train_obj=13.822180 val_obj=14.050546 train_acc=0.8010 val_acc=0.7395
[cvx-sgd] epoch=200/200 train_loss=0.682018 val_loss=0.922199 train_obj=12.383175 val_obj=12.623357 train_acc=0.8063 val_acc=0.7420
[cvx-run] method=sgd beta=0.5 lr=0.1 bias=1 batch_size=full(6000) n_train=6000
[cvx-sgd] epoch=10/200 train_loss=545.533142 val_loss=552.386230 train_obj=616.840994 val_obj=623.694083 train_acc=0.1987 val_acc=0.2020
[cvx-sgd] epoch=20/200 train_loss=129.861710 val_loss=136.979797 train_obj=202.804971 val_obj=209.923059 train_acc=0.2642 val_acc=0.2565
[cvx-sgd] epoch=30/200 train_loss=62.461250 val_loss=64.594933 train_obj=131.020567 val_obj=133.154249 train_acc=0.3618 val_acc=0.3505
[cvx-sgd] epoch=40/200 train_loss=33.552948 val_loss=35.583912 train_obj=95.195714 val_obj=97.226678 train_acc=0.4182 val_acc=0.3870
[cvx-sgd] epoch=50/200 train_loss=21.570393 val_loss=22.285892 train_obj=75.396136 val_obj=76.111636 train_acc=0.4802 val_acc=0.4595
[cvx-sgd] epoch=60/200 train_loss=10.138377 val_loss=10.870605 train_obj=56.266288 val_obj=56.998516 train_acc=0.5757 val_acc=0.5535
[cvx-sgd] epoch=70/200 train_loss=4.621957 val_loss=5.254275 train_obj=43.474439 val_obj=44.106757 train_acc=0.6513 val_acc=0.6280
[cvx-sgd] epoch=80/200 train_loss=2.528565 val_loss=2.957328 train_obj=34.189960 val_obj=34.618724 train_acc=0.6852 val_acc=0.6505
[cvx-sgd] epoch=90/200 train_loss=2.248460 val_loss=2.629051 train_obj=27.139648 val_obj=27.520239 train_acc=0.6600 val_acc=0.6225
[cvx-sgd] epoch=100/200 train_loss=27.788164 val_loss=28.761217 train_obj=48.355049 val_obj=49.328102 train_acc=0.2857 val_acc=0.2730
[cvx-sgd] epoch=110/200 train_loss=12.703883 val_loss=13.014209 train_obj=30.663016 val_obj=30.973342 train_acc=0.3440 val_acc=0.3445
[cvx-sgd] epoch=120/200 train_loss=11.051328 val_loss=10.889530 train_obj=26.712771 val_obj=26.550973 train_acc=0.4320 val_acc=0.4330
[cvx-sgd] epoch=130/200 train_loss=5.696495 val_loss=5.993028 train_obj=19.422709 val_obj=19.719242 train_acc=0.4653 val_acc=0.4455
[cvx-sgd] epoch=140/200 train_loss=2.145412 val_loss=2.587092 train_obj=13.919981 val_obj=14.361661 train_acc=0.6230 val_acc=0.5765
[cvx-sgd] epoch=150/200 train_loss=3.131825 val_loss=3.416523 train_obj=12.936287 val_obj=13.220985 train_acc=0.5368 val_acc=0.5245
[cvx-sgd] epoch=160/200 train_loss=7.660613 val_loss=8.232033 train_obj=15.845972 val_obj=16.417392 train_acc=0.5283 val_acc=0.5035
[cvx-sgd] epoch=170/200 train_loss=10.293948 val_loss=11.122610 train_obj=17.442505 val_obj=18.271167 train_acc=0.5363 val_acc=0.5135
[cvx-sgd] epoch=180/200 train_loss=3.959235 val_loss=4.370345 train_obj=10.287953 val_obj=10.699063 train_acc=0.6038 val_acc=0.5630
[cvx-sgd] epoch=190/200 train_loss=2.230440 val_loss=2.546824 train_obj=7.899551 val_obj=8.215935 train_acc=0.5727 val_acc=0.5330
[cvx-sgd] epoch=200/200 train_loss=1.200946 val_loss=1.459257 train_obj=6.318208 val_obj=6.576519 train_acc=0.6790 val_acc=0.6440
[cvx-run] method=sgd beta=1 lr=0.001 bias=-1 batch_size=full(6000) n_train=6000
[cvx-sgd] epoch=10/200 train_loss=1.906699 val_loss=1.906371 train_obj=4.492711 val_obj=4.492382 train_acc=0.3295 val_acc=0.3245
[cvx-sgd] epoch=20/200 train_loss=1.651089 val_loss=1.662304 train_obj=3.373643 val_obj=3.384857 train_acc=0.4738 val_acc=0.4490
[cvx-sgd] epoch=30/200 train_loss=1.651770 val_loss=1.671826 train_obj=2.774430 val_obj=2.794486 train_acc=0.5195 val_acc=0.4995
[cvx-sgd] epoch=40/200 train_loss=1.679780 val_loss=1.697295 train_obj=2.467717 val_obj=2.485233 train_acc=0.5240 val_acc=0.5110
[cvx-sgd] epoch=50/200 train_loss=1.686383 val_loss=1.702125 train_obj=2.269416 val_obj=2.285158 train_acc=0.5140 val_acc=0.5045
[cvx-sgd] epoch=60/200 train_loss=1.674126 val_loss=1.692178 train_obj=2.160525 val_obj=2.178577 train_acc=0.5167 val_acc=0.5065
[cvx-sgd] epoch=70/200 train_loss=1.656909 val_loss=1.676965 train_obj=2.104692 val_obj=2.124749 train_acc=0.5205 val_acc=0.5065
[cvx-sgd] epoch=80/200 train_loss=1.639520 val_loss=1.659908 train_obj=2.073822 val_obj=2.094210 train_acc=0.5187 val_acc=0.5080
[cvx-sgd] epoch=90/200 train_loss=1.625609 val_loss=1.646803 train_obj=2.058034 val_obj=2.079229 train_acc=0.5215 val_acc=0.5105
[cvx-sgd] epoch=100/200 train_loss=1.614196 val_loss=1.635833 train_obj=2.047536 val_obj=2.069173 train_acc=0.5225 val_acc=0.5145
[cvx-sgd] epoch=110/200 train_loss=1.605054 val_loss=1.627241 train_obj=2.040087 val_obj=2.062275 train_acc=0.5240 val_acc=0.5140
[cvx-sgd] epoch=120/200 train_loss=1.596965 val_loss=1.619397 train_obj=2.034787 val_obj=2.057219 train_acc=0.5262 val_acc=0.5155
[cvx-sgd] epoch=130/200 train_loss=1.589032 val_loss=1.611594 train_obj=2.030365 val_obj=2.052927 train_acc=0.5280 val_acc=0.5220
[cvx-sgd] epoch=140/200 train_loss=1.581642 val_loss=1.604563 train_obj=2.026395 val_obj=2.049316 train_acc=0.5288 val_acc=0.5240
[cvx-sgd] epoch=150/200 train_loss=1.575170 val_loss=1.598441 train_obj=2.023074 val_obj=2.046345 train_acc=0.5325 val_acc=0.5235
[cvx-sgd] epoch=160/200 train_loss=1.569296 val_loss=1.592761 train_obj=2.019919 val_obj=2.043384 train_acc=0.5345 val_acc=0.5255
[cvx-sgd] epoch=170/200 train_loss=1.564028 val_loss=1.587561 train_obj=2.017774 val_obj=2.041307 train_acc=0.5368 val_acc=0.5275
[cvx-sgd] epoch=180/200 train_loss=1.559022 val_loss=1.582492 train_obj=2.015011 val_obj=2.038482 train_acc=0.5380 val_acc=0.5285
[cvx-sgd] epoch=190/200 train_loss=1.554059 val_loss=1.577750 train_obj=2.013112 val_obj=2.036804 train_acc=0.5392 val_acc=0.5300
[cvx-sgd] epoch=200/200 train_loss=1.549525 val_loss=1.573734 train_obj=2.010562 val_obj=2.034771 train_acc=0.5413 val_acc=0.5285
[cvx-run] method=sgd beta=1 lr=0.001 bias=-0.5 batch_size=full(6000) n_train=6000
[cvx-sgd] epoch=10/200 train_loss=1.969514 val_loss=2.009915 train_obj=4.760220 val_obj=4.800621 train_acc=0.3428 val_acc=0.3305
[cvx-sgd] epoch=20/200 train_loss=1.717151 val_loss=1.762802 train_obj=3.732934 val_obj=3.778585 train_acc=0.4195 val_acc=0.3870
[cvx-sgd] epoch=30/200 train_loss=1.670748 val_loss=1.699065 train_obj=3.047897 val_obj=3.076214 train_acc=0.4950 val_acc=0.4805
[cvx-sgd] epoch=40/200 train_loss=1.681203 val_loss=1.695718 train_obj=2.630124 val_obj=2.644639 train_acc=0.4863 val_acc=0.4740
[cvx-sgd] epoch=50/200 train_loss=1.686800 val_loss=1.707915 train_obj=2.359632 val_obj=2.380747 train_acc=0.5013 val_acc=0.4910
[cvx-sgd] epoch=60/200 train_loss=1.685521 val_loss=1.704412 train_obj=2.210261 val_obj=2.229151 train_acc=0.5142 val_acc=0.4955
[cvx-sgd] epoch=70/200 train_loss=1.675958 val_loss=1.693311 train_obj=2.132620 val_obj=2.149973 train_acc=0.5175 val_acc=0.5055
[cvx-sgd] epoch=80/200 train_loss=1.663210 val_loss=1.681344 train_obj=2.087772 val_obj=2.105906 train_acc=0.5200 val_acc=0.5010
[cvx-sgd] epoch=90/200 train_loss=1.650356 val_loss=1.669394 train_obj=2.062548 val_obj=2.081586 train_acc=0.5218 val_acc=0.5030
[cvx-sgd] epoch=100/200 train_loss=1.638391 val_loss=1.658229 train_obj=2.048154 val_obj=2.067993 train_acc=0.5222 val_acc=0.5055
[cvx-sgd] epoch=110/200 train_loss=1.627755 val_loss=1.648153 train_obj=2.038867 val_obj=2.059264 train_acc=0.5247 val_acc=0.5085
[cvx-sgd] epoch=120/200 train_loss=1.617969 val_loss=1.638925 train_obj=2.032444 val_obj=2.053399 train_acc=0.5270 val_acc=0.5095
[cvx-sgd] epoch=130/200 train_loss=1.609318 val_loss=1.631033 train_obj=2.027842 val_obj=2.049557 train_acc=0.5278 val_acc=0.5105
[cvx-sgd] epoch=140/200 train_loss=1.601185 val_loss=1.623335 train_obj=2.023250 val_obj=2.045400 train_acc=0.5315 val_acc=0.5145
[cvx-sgd] epoch=150/200 train_loss=1.594084 val_loss=1.616381 train_obj=2.020633 val_obj=2.042930 train_acc=0.5350 val_acc=0.5170
[cvx-sgd] epoch=160/200 train_loss=1.587850 val_loss=1.610560 train_obj=2.016848 val_obj=2.039558 train_acc=0.5370 val_acc=0.5145
[cvx-sgd] epoch=170/200 train_loss=1.581993 val_loss=1.604952 train_obj=2.014234 val_obj=2.037194 train_acc=0.5387 val_acc=0.5160
[cvx-sgd] epoch=180/200 train_loss=1.576459 val_loss=1.599696 train_obj=2.011652 val_obj=2.034889 train_acc=0.5392 val_acc=0.5170
[cvx-sgd] epoch=190/200 train_loss=1.571286 val_loss=1.594498 train_obj=2.009165 val_obj=2.032378 train_acc=0.5398 val_acc=0.5175
[cvx-sgd] epoch=200/200 train_loss=1.566607 val_loss=1.589983 train_obj=2.006509 val_obj=2.029886 train_acc=0.5417 val_acc=0.5200
[cvx-run] method=sgd beta=1 lr=0.001 bias=0 batch_size=full(6000) n_train=6000
[cvx-sgd] epoch=10/200 train_loss=1.858075 val_loss=1.870920 train_obj=4.573580 val_obj=4.586425 train_acc=0.3600 val_acc=0.3505
[cvx-sgd] epoch=20/200 train_loss=1.640347 val_loss=1.663340 train_obj=3.524405 val_obj=3.547397 train_acc=0.4800 val_acc=0.4685
[cvx-sgd] epoch=30/200 train_loss=1.661505 val_loss=1.679926 train_obj=2.863160 val_obj=2.881581 train_acc=0.4983 val_acc=0.4835
[cvx-sgd] epoch=40/200 train_loss=1.678187 val_loss=1.697847 train_obj=2.453094 val_obj=2.472754 train_acc=0.5178 val_acc=0.5055
[cvx-sgd] epoch=50/200 train_loss=1.694976 val_loss=1.712650 train_obj=2.248110 val_obj=2.265784 train_acc=0.5115 val_acc=0.4955
[cvx-sgd] epoch=60/200 train_loss=1.692359 val_loss=1.708790 train_obj=2.155373 val_obj=2.171804 train_acc=0.5140 val_acc=0.5035
[cvx-sgd] epoch=70/200 train_loss=1.674983 val_loss=1.692123 train_obj=2.102489 val_obj=2.119629 train_acc=0.5143 val_acc=0.5020
[cvx-sgd] epoch=80/200 train_loss=1.655093 val_loss=1.673874 train_obj=2.072826 val_obj=2.091607 train_acc=0.5152 val_acc=0.5035
[cvx-sgd] epoch=90/200 train_loss=1.638283 val_loss=1.658221 train_obj=2.057223 val_obj=2.077162 train_acc=0.5203 val_acc=0.5090
[cvx-sgd] epoch=100/200 train_loss=1.625473 val_loss=1.646368 train_obj=2.046721 val_obj=2.067617 train_acc=0.5227 val_acc=0.5140
[cvx-sgd] epoch=110/200 train_loss=1.615585 val_loss=1.637045 train_obj=2.040181 val_obj=2.061640 train_acc=0.5270 val_acc=0.5165
[cvx-sgd] epoch=120/200 train_loss=1.606306 val_loss=1.628607 train_obj=2.034523 val_obj=2.056824 train_acc=0.5298 val_acc=0.5195
[cvx-sgd] epoch=130/200 train_loss=1.598228 val_loss=1.620844 train_obj=2.029656 val_obj=2.052272 train_acc=0.5317 val_acc=0.5190
[cvx-sgd] epoch=140/200 train_loss=1.590557 val_loss=1.613451 train_obj=2.025797 val_obj=2.048691 train_acc=0.5332 val_acc=0.5205
[cvx-sgd] epoch=150/200 train_loss=1.583248 val_loss=1.606602 train_obj=2.022470 val_obj=2.045824 train_acc=0.5338 val_acc=0.5215
[cvx-sgd] epoch=160/200 train_loss=1.576883 val_loss=1.600391 train_obj=2.019224 val_obj=2.042732 train_acc=0.5365 val_acc=0.5200
[cvx-sgd] epoch=170/200 train_loss=1.570612 val_loss=1.594462 train_obj=2.016437 val_obj=2.040287 train_acc=0.5382 val_acc=0.5195
[cvx-sgd] epoch=180/200 train_loss=1.565104 val_loss=1.588944 train_obj=2.014196 val_obj=2.038035 train_acc=0.5415 val_acc=0.5215
[cvx-sgd] epoch=190/200 train_loss=1.559977 val_loss=1.583937 train_obj=2.012444 val_obj=2.036403 train_acc=0.5423 val_acc=0.5215
[cvx-sgd] epoch=200/200 train_loss=1.555366 val_loss=1.579216 train_obj=2.009512 val_obj=2.033361 train_acc=0.5432 val_acc=0.5230
[cvx-run] method=sgd beta=1 lr=0.001 bias=0.5 batch_size=full(6000) n_train=6000
[cvx-sgd] epoch=10/200 train_loss=1.989960 val_loss=2.025442 train_obj=4.845277 val_obj=4.880760 train_acc=0.3858 val_acc=0.3730
[cvx-sgd] epoch=20/200 train_loss=1.828000 val_loss=1.850136 train_obj=3.929612 val_obj=3.951748 train_acc=0.4115 val_acc=0.3965
[cvx-sgd] epoch=30/200 train_loss=1.714265 val_loss=1.728246 train_obj=3.203139 val_obj=3.217120 train_acc=0.4925 val_acc=0.4735
[cvx-sgd] epoch=40/200 train_loss=1.685479 val_loss=1.698443 train_obj=2.741538 val_obj=2.754502 train_acc=0.4810 val_acc=0.4775
[cvx-sgd] epoch=50/200 train_loss=1.685752 val_loss=1.701012 train_obj=2.447057 val_obj=2.462318 train_acc=0.5093 val_acc=0.4880
[cvx-sgd] epoch=60/200 train_loss=1.682205 val_loss=1.698937 train_obj=2.267464 val_obj=2.284196 train_acc=0.5160 val_acc=0.5010
[cvx-sgd] epoch=70/200 train_loss=1.676072 val_loss=1.693240 train_obj=2.165329 val_obj=2.182497 train_acc=0.5233 val_acc=0.5085
[cvx-sgd] epoch=80/200 train_loss=1.666101 val_loss=1.684157 train_obj=2.107002 val_obj=2.125057 train_acc=0.5147 val_acc=0.5040
[cvx-sgd] epoch=90/200 train_loss=1.654786 val_loss=1.673020 train_obj=2.073685 val_obj=2.091920 train_acc=0.5197 val_acc=0.5065
[cvx-sgd] epoch=100/200 train_loss=1.643580 val_loss=1.663010 train_obj=2.053868 val_obj=2.073298 train_acc=0.5198 val_acc=0.5075
[cvx-sgd] epoch=110/200 train_loss=1.633080 val_loss=1.653266 train_obj=2.041826 val_obj=2.062012 train_acc=0.5213 val_acc=0.5115
[cvx-sgd] epoch=120/200 train_loss=1.623264 val_loss=1.644180 train_obj=2.034549 val_obj=2.055464 train_acc=0.5237 val_acc=0.5110
[cvx-sgd] epoch=130/200 train_loss=1.614243 val_loss=1.635552 train_obj=2.028729 val_obj=2.050038 train_acc=0.5258 val_acc=0.5125
[cvx-sgd] epoch=140/200 train_loss=1.605895 val_loss=1.627504 train_obj=2.023810 val_obj=2.045419 train_acc=0.5288 val_acc=0.5165
[cvx-sgd] epoch=150/200 train_loss=1.598183 val_loss=1.620204 train_obj=2.020318 val_obj=2.042338 train_acc=0.5307 val_acc=0.5165
[cvx-sgd] epoch=160/200 train_loss=1.591710 val_loss=1.613972 train_obj=2.016874 val_obj=2.039135 train_acc=0.5312 val_acc=0.5160
[cvx-sgd] epoch=170/200 train_loss=1.585998 val_loss=1.608449 train_obj=2.013905 val_obj=2.036355 train_acc=0.5308 val_acc=0.5155
[cvx-sgd] epoch=180/200 train_loss=1.580135 val_loss=1.602921 train_obj=2.011453 val_obj=2.034239 train_acc=0.5342 val_acc=0.5175
[cvx-sgd] epoch=190/200 train_loss=1.574843 val_loss=1.597953 train_obj=2.008795 val_obj=2.031905 train_acc=0.5350 val_acc=0.5205
[cvx-sgd] epoch=200/200 train_loss=1.570082 val_loss=1.593283 train_obj=2.005923 val_obj=2.029124 train_acc=0.5363 val_acc=0.5210
[cvx-run] method=sgd beta=1 lr=0.001 bias=1 batch_size=full(6000) n_train=6000
[cvx-sgd] epoch=10/200 train_loss=1.895607 val_loss=1.867418 train_obj=4.713958 val_obj=4.685769 train_acc=0.3350 val_acc=0.3495
[cvx-sgd] epoch=20/200 train_loss=1.669750 val_loss=1.680649 train_obj=3.672314 val_obj=3.683213 train_acc=0.4013 val_acc=0.3995
[cvx-sgd] epoch=30/200 train_loss=1.669886 val_loss=1.691501 train_obj=2.980071 val_obj=3.001687 train_acc=0.4942 val_acc=0.4890
[cvx-sgd] epoch=40/200 train_loss=1.672866 val_loss=1.694531 train_obj=2.530770 val_obj=2.552435 train_acc=0.5075 val_acc=0.4870
[cvx-sgd] epoch=50/200 train_loss=1.693625 val_loss=1.710841 train_obj=2.296432 val_obj=2.313648 train_acc=0.4950 val_acc=0.4850
[cvx-sgd] epoch=60/200 train_loss=1.691373 val_loss=1.708897 train_obj=2.171001 val_obj=2.188525 train_acc=0.5158 val_acc=0.4970
[cvx-sgd] epoch=70/200 train_loss=1.676930 val_loss=1.693656 train_obj=2.108529 val_obj=2.125254 train_acc=0.5125 val_acc=0.5005
[cvx-sgd] epoch=80/200 train_loss=1.661515 val_loss=1.679246 train_obj=2.074317 val_obj=2.092047 train_acc=0.5175 val_acc=0.5070
[cvx-sgd] epoch=90/200 train_loss=1.647069 val_loss=1.665527 train_obj=2.056716 val_obj=2.075174 train_acc=0.5212 val_acc=0.5090
[cvx-sgd] epoch=100/200 train_loss=1.634369 val_loss=1.653223 train_obj=2.045011 val_obj=2.063864 train_acc=0.5235 val_acc=0.5105
[cvx-sgd] epoch=110/200 train_loss=1.622921 val_loss=1.642201 train_obj=2.037565 val_obj=2.056845 train_acc=0.5255 val_acc=0.5170
[cvx-sgd] epoch=120/200 train_loss=1.613108 val_loss=1.632874 train_obj=2.032165 val_obj=2.051931 train_acc=0.5287 val_acc=0.5165
[cvx-sgd] epoch=130/200 train_loss=1.604614 val_loss=1.624818 train_obj=2.028148 val_obj=2.048352 train_acc=0.5295 val_acc=0.5185
[cvx-sgd] epoch=140/200 train_loss=1.596881 val_loss=1.617559 train_obj=2.023620 val_obj=2.044298 train_acc=0.5322 val_acc=0.5195
[cvx-sgd] epoch=150/200 train_loss=1.590295 val_loss=1.611385 train_obj=2.020442 val_obj=2.041531 train_acc=0.5330 val_acc=0.5190
[cvx-sgd] epoch=160/200 train_loss=1.583484 val_loss=1.604886 train_obj=2.017305 val_obj=2.038708 train_acc=0.5337 val_acc=0.5195
[cvx-sgd] epoch=170/200 train_loss=1.577862 val_loss=1.599590 train_obj=2.014811 val_obj=2.036539 train_acc=0.5348 val_acc=0.5205
[cvx-sgd] epoch=180/200 train_loss=1.572212 val_loss=1.594032 train_obj=2.012684 val_obj=2.034503 train_acc=0.5358 val_acc=0.5205
[cvx-sgd] epoch=190/200 train_loss=1.567094 val_loss=1.589333 train_obj=2.009869 val_obj=2.032108 train_acc=0.5385 val_acc=0.5210
[cvx-sgd] epoch=200/200 train_loss=1.562642 val_loss=1.584766 train_obj=2.007556 val_obj=2.029680 train_acc=0.5392 val_acc=0.5200
[cvx-run] method=sgd beta=1 lr=0.005 bias=-1 batch_size=full(6000) n_train=6000
[cvx-sgd] epoch=10/200 train_loss=14.331282 val_loss=14.598885 train_obj=19.567811 val_obj=19.835414 train_acc=0.1833 val_acc=0.1700
[cvx-sgd] epoch=20/200 train_loss=6.716659 val_loss=6.773813 train_obj=11.009194 val_obj=11.066348 train_acc=0.2842 val_acc=0.2580
[cvx-sgd] epoch=30/200 train_loss=2.329648 val_loss=2.380138 train_obj=5.258468 val_obj=5.308958 train_acc=0.3405 val_acc=0.3185
[cvx-sgd] epoch=40/200 train_loss=1.569487 val_loss=1.601132 train_obj=3.477688 val_obj=3.509334 train_acc=0.4485 val_acc=0.4230
[cvx-sgd] epoch=50/200 train_loss=1.749767 val_loss=1.811042 train_obj=2.960857 val_obj=3.022133 train_acc=0.4575 val_acc=0.4320
[cvx-sgd] epoch=60/200 train_loss=1.684597 val_loss=1.680379 train_obj=2.539468 val_obj=2.535250 train_acc=0.4507 val_acc=0.4445
[cvx-sgd] epoch=70/200 train_loss=1.634551 val_loss=1.653510 train_obj=2.332113 val_obj=2.351072 train_acc=0.5158 val_acc=0.4975
[cvx-sgd] epoch=80/200 train_loss=1.621983 val_loss=1.643675 train_obj=2.243966 val_obj=2.265658 train_acc=0.5252 val_acc=0.5000
[cvx-sgd] epoch=90/200 train_loss=1.608151 val_loss=1.630381 train_obj=2.204075 val_obj=2.226305 train_acc=0.5328 val_acc=0.5020
[cvx-sgd] epoch=100/200 train_loss=1.589701 val_loss=1.613456 train_obj=2.187106 val_obj=2.210861 train_acc=0.5383 val_acc=0.5165
[cvx-sgd] epoch=110/200 train_loss=1.574911 val_loss=1.598436 train_obj=2.173067 val_obj=2.196592 train_acc=0.5418 val_acc=0.5185
[cvx-sgd] epoch=120/200 train_loss=1.564230 val_loss=1.587980 train_obj=2.168303 val_obj=2.192054 train_acc=0.5428 val_acc=0.5205
[cvx-sgd] epoch=130/200 train_loss=1.555110 val_loss=1.579310 train_obj=2.171127 val_obj=2.195327 train_acc=0.5432 val_acc=0.5215
[cvx-sgd] epoch=140/200 train_loss=1.560037 val_loss=1.583985 train_obj=2.087148 val_obj=2.111096 train_acc=0.5450 val_acc=0.5220
[cvx-sgd] epoch=150/200 train_loss=1.556895 val_loss=1.580991 train_obj=2.061939 val_obj=2.086035 train_acc=0.5452 val_acc=0.5240
[cvx-sgd] epoch=160/200 train_loss=1.552858 val_loss=1.576952 train_obj=2.053601 val_obj=2.077694 train_acc=0.5482 val_acc=0.5260
[cvx-sgd] epoch=170/200 train_loss=1.548412 val_loss=1.572617 train_obj=2.049374 val_obj=2.073579 train_acc=0.5490 val_acc=0.5285
[cvx-sgd] epoch=180/200 train_loss=1.544759 val_loss=1.569072 train_obj=2.046201 val_obj=2.070514 train_acc=0.5500 val_acc=0.5255
[cvx-sgd] epoch=190/200 train_loss=1.541284 val_loss=1.565724 train_obj=2.046289 val_obj=2.070729 train_acc=0.5488 val_acc=0.5260
[cvx-sgd] epoch=200/200 train_loss=1.545119 val_loss=1.569258 train_obj=1.997360 val_obj=2.021499 train_acc=0.5492 val_acc=0.5280
[cvx-run] method=sgd beta=1 lr=0.005 bias=-0.5 batch_size=full(6000) n_train=6000
[cvx-sgd] epoch=10/200 train_loss=23.403669 val_loss=23.480736 train_obj=29.394610 val_obj=29.471676 train_acc=0.1840 val_acc=0.1815
[cvx-sgd] epoch=20/200 train_loss=7.301763 val_loss=7.719869 train_obj=12.768853 val_obj=13.186960 train_acc=0.2750 val_acc=0.2570
[cvx-sgd] epoch=30/200 train_loss=3.830786 val_loss=3.935353 train_obj=8.346399 val_obj=8.450966 train_acc=0.3987 val_acc=0.3825
[cvx-sgd] epoch=40/200 train_loss=2.301413 val_loss=2.331065 train_obj=5.805610 val_obj=5.835262 train_acc=0.3320 val_acc=0.3265
[cvx-sgd] epoch=50/200 train_loss=1.844205 val_loss=1.841235 train_obj=4.468691 val_obj=4.465720 train_acc=0.4170 val_acc=0.4175
[cvx-sgd] epoch=60/200 train_loss=1.599609 val_loss=1.621774 train_obj=3.494596 val_obj=3.516761 train_acc=0.4648 val_acc=0.4525
[cvx-sgd] epoch=70/200 train_loss=1.586325 val_loss=1.603099 train_obj=2.926401 val_obj=2.943176 train_acc=0.5238 val_acc=0.5080
[cvx-sgd] epoch=80/200 train_loss=1.601781 val_loss=1.618287 train_obj=2.566533 val_obj=2.583040 train_acc=0.5267 val_acc=0.5140
[cvx-sgd] epoch=90/200 train_loss=1.628756 val_loss=1.651827 train_obj=2.351751 val_obj=2.374822 train_acc=0.5698 val_acc=0.5440
[cvx-sgd] epoch=100/200 train_loss=1.636101 val_loss=1.655128 train_obj=2.222995 val_obj=2.242022 train_acc=0.5395 val_acc=0.5210
[cvx-sgd] epoch=110/200 train_loss=1.633629 val_loss=1.654602 train_obj=2.162353 val_obj=2.183325 train_acc=0.5455 val_acc=0.5275
[cvx-sgd] epoch=120/200 train_loss=1.625584 val_loss=1.646484 train_obj=2.123736 val_obj=2.144636 train_acc=0.5403 val_acc=0.5250
[cvx-sgd] epoch=130/200 train_loss=1.616775 val_loss=1.638507 train_obj=2.102675 val_obj=2.124407 train_acc=0.5370 val_acc=0.5205
[cvx-sgd] epoch=140/200 train_loss=1.608304 val_loss=1.630582 train_obj=2.091963 val_obj=2.114241 train_acc=0.5353 val_acc=0.5190
[cvx-sgd] epoch=150/200 train_loss=1.600619 val_loss=1.623520 train_obj=2.081609 val_obj=2.104510 train_acc=0.5363 val_acc=0.5185
[cvx-sgd] epoch=160/200 train_loss=1.593193 val_loss=1.616317 train_obj=2.076038 val_obj=2.099162 train_acc=0.5380 val_acc=0.5175
[cvx-sgd] epoch=170/200 train_loss=1.586586 val_loss=1.610013 train_obj=2.072229 val_obj=2.095656 train_acc=0.5380 val_acc=0.5185
[cvx-sgd] epoch=180/200 train_loss=1.579978 val_loss=1.603630 train_obj=2.066838 val_obj=2.090489 train_acc=0.5382 val_acc=0.5210
[cvx-sgd] epoch=190/200 train_loss=1.574233 val_loss=1.598223 train_obj=2.064908 val_obj=2.088898 train_acc=0.5405 val_acc=0.5210
[cvx-sgd] epoch=200/200 train_loss=1.568747 val_loss=1.592757 train_obj=2.062740 val_obj=2.086749 train_acc=0.5418 val_acc=0.5205
[cvx-run] method=sgd beta=1 lr=0.005 bias=0 batch_size=full(6000) n_train=6000
[cvx-sgd] epoch=10/200 train_loss=13.444137 val_loss=12.767928 train_obj=19.070731 val_obj=18.394522 train_acc=0.1732 val_acc=0.1810
[cvx-sgd] epoch=20/200 train_loss=6.222530 val_loss=6.321777 train_obj=10.796084 val_obj=10.895331 train_acc=0.2342 val_acc=0.2385
[cvx-sgd] epoch=30/200 train_loss=3.133003 val_loss=3.110232 train_obj=6.289508 val_obj=6.266737 train_acc=0.2780 val_acc=0.2760
[cvx-sgd] epoch=40/200 train_loss=1.960727 val_loss=1.997419 train_obj=3.903702 val_obj=3.940394 train_acc=0.4308 val_acc=0.4060
[cvx-sgd] epoch=50/200 train_loss=1.918988 val_loss=1.902924 train_obj=3.138609 val_obj=3.122545 train_acc=0.2347 val_acc=0.2550
[cvx-sgd] epoch=60/200 train_loss=1.629334 val_loss=1.648136 train_obj=2.513679 val_obj=2.532480 train_acc=0.4482 val_acc=0.4480
[cvx-sgd] epoch=70/200 train_loss=1.631405 val_loss=1.646948 train_obj=2.331284 val_obj=2.346828 train_acc=0.5245 val_acc=0.5115
[cvx-sgd] epoch=80/200 train_loss=1.627544 val_loss=1.645640 train_obj=2.251799 val_obj=2.269894 train_acc=0.5077 val_acc=0.4955
[cvx-sgd] epoch=90/200 train_loss=1.607941 val_loss=1.631032 train_obj=2.209558 val_obj=2.232649 train_acc=0.5460 val_acc=0.5255
[cvx-sgd] epoch=100/200 train_loss=1.591173 val_loss=1.614857 train_obj=2.191727 val_obj=2.215411 train_acc=0.5367 val_acc=0.5205
[cvx-sgd] epoch=110/200 train_loss=1.575740 val_loss=1.599273 train_obj=2.174899 val_obj=2.198431 train_acc=0.5427 val_acc=0.5275
[cvx-sgd] epoch=120/200 train_loss=1.564139 val_loss=1.588435 train_obj=2.171342 val_obj=2.195638 train_acc=0.5447 val_acc=0.5300
[cvx-sgd] epoch=130/200 train_loss=1.555734 val_loss=1.580285 train_obj=2.173871 val_obj=2.198421 train_acc=0.5463 val_acc=0.5295
[cvx-sgd] epoch=140/200 train_loss=1.560888 val_loss=1.584827 train_obj=2.088204 val_obj=2.112143 train_acc=0.5447 val_acc=0.5285
[cvx-sgd] epoch=150/200 train_loss=1.557479 val_loss=1.581506 train_obj=2.064304 val_obj=2.088331 train_acc=0.5460 val_acc=0.5285
[cvx-sgd] epoch=160/200 train_loss=1.553717 val_loss=1.577653 train_obj=2.056293 val_obj=2.080229 train_acc=0.5463 val_acc=0.5285
[cvx-sgd] epoch=170/200 train_loss=1.549521 val_loss=1.573631 train_obj=2.050823 val_obj=2.074932 train_acc=0.5460 val_acc=0.5305
[cvx-sgd] epoch=180/200 train_loss=1.545999 val_loss=1.570199 train_obj=2.048073 val_obj=2.072273 train_acc=0.5475 val_acc=0.5315
[cvx-sgd] epoch=190/200 train_loss=1.542516 val_loss=1.566900 train_obj=2.047303 val_obj=2.071687 train_acc=0.5490 val_acc=0.5320
[cvx-sgd] epoch=200/200 train_loss=1.539347 val_loss=1.563828 train_obj=2.046963 val_obj=2.071444 train_acc=0.5485 val_acc=0.5305
[cvx-run] method=sgd beta=1 lr=0.005 bias=0.5 batch_size=full(6000) n_train=6000
[cvx-sgd] epoch=10/200 train_loss=10.811012 val_loss=10.776698 train_obj=15.977314 val_obj=15.942999 train_acc=0.0993 val_acc=0.0950
[cvx-sgd] epoch=20/200 train_loss=5.446198 val_loss=5.511457 train_obj=9.535033 val_obj=9.600292 train_acc=0.2407 val_acc=0.2240
[cvx-sgd] epoch=30/200 train_loss=2.966115 val_loss=3.043761 train_obj=5.804223 val_obj=5.881870 train_acc=0.2842 val_acc=0.2610
[cvx-sgd] epoch=40/200 train_loss=1.872362 val_loss=1.955873 train_obj=3.667757 val_obj=3.751269 train_acc=0.4248 val_acc=0.3835
[cvx-sgd] epoch=50/200 train_loss=1.695876 val_loss=1.716206 train_obj=2.874843 val_obj=2.895174 train_acc=0.4427 val_acc=0.4305
[cvx-sgd] epoch=60/200 train_loss=1.647573 val_loss=1.669568 train_obj=2.498747 val_obj=2.520742 train_acc=0.4867 val_acc=0.4770
[cvx-sgd] epoch=70/200 train_loss=1.628629 val_loss=1.655751 train_obj=2.325035 val_obj=2.352157 train_acc=0.5272 val_acc=0.5090
[cvx-sgd] epoch=80/200 train_loss=1.614177 val_loss=1.636921 train_obj=2.236676 val_obj=2.259420 train_acc=0.5293 val_acc=0.5040
[cvx-sgd] epoch=90/200 train_loss=1.603499 val_loss=1.624955 train_obj=2.204233 val_obj=2.225690 train_acc=0.5358 val_acc=0.5165
[cvx-sgd] epoch=100/200 train_loss=1.586729 val_loss=1.609855 train_obj=2.188274 val_obj=2.211401 train_acc=0.5422 val_acc=0.5255
[cvx-sgd] epoch=110/200 train_loss=1.572335 val_loss=1.596205 train_obj=2.175025 val_obj=2.198896 train_acc=0.5427 val_acc=0.5220
[cvx-sgd] epoch=120/200 train_loss=1.561089 val_loss=1.586045 train_obj=2.171700 val_obj=2.196656 train_acc=0.5445 val_acc=0.5210
[cvx-sgd] epoch=130/200 train_loss=1.553425 val_loss=1.577931 train_obj=2.172477 val_obj=2.196983 train_acc=0.5457 val_acc=0.5275
[cvx-sgd] epoch=140/200 train_loss=1.558666 val_loss=1.583355 train_obj=2.088991 val_obj=2.113680 train_acc=0.5437 val_acc=0.5270
[cvx-sgd] epoch=150/200 train_loss=1.555436 val_loss=1.579728 train_obj=2.063379 val_obj=2.087672 train_acc=0.5450 val_acc=0.5320
[cvx-sgd] epoch=160/200 train_loss=1.551697 val_loss=1.576374 train_obj=2.056544 val_obj=2.081221 train_acc=0.5465 val_acc=0.5310
[cvx-sgd] epoch=170/200 train_loss=1.547545 val_loss=1.572140 train_obj=2.051932 val_obj=2.076528 train_acc=0.5472 val_acc=0.5335
[cvx-sgd] epoch=180/200 train_loss=1.543635 val_loss=1.568255 train_obj=2.047961 val_obj=2.072581 train_acc=0.5475 val_acc=0.5350
[cvx-sgd] epoch=190/200 train_loss=1.540103 val_loss=1.564873 train_obj=2.047761 val_obj=2.072531 train_acc=0.5493 val_acc=0.5350
[cvx-sgd] epoch=200/200 train_loss=1.537037 val_loss=1.562113 train_obj=2.048211 val_obj=2.073287 train_acc=0.5478 val_acc=0.5335
[cvx-run] method=sgd beta=1 lr=0.005 bias=1 batch_size=full(6000) n_train=6000
[cvx-sgd] epoch=10/200 train_loss=12.196700 val_loss=11.634357 train_obj=17.492802 val_obj=16.930459 train_acc=0.1715 val_acc=0.1760
[cvx-sgd] epoch=20/200 train_loss=5.236610 val_loss=5.438138 train_obj=9.340843 val_obj=9.542372 train_acc=0.2890 val_acc=0.2820
[cvx-sgd] epoch=30/200 train_loss=2.777454 val_loss=2.762428 train_obj=5.591247 val_obj=5.576221 train_acc=0.2638 val_acc=0.2650
[cvx-sgd] epoch=40/200 train_loss=2.002241 val_loss=1.987427 train_obj=3.813525 val_obj=3.798711 train_acc=0.3513 val_acc=0.3545
[cvx-sgd] epoch=50/200 train_loss=1.606452 val_loss=1.614236 train_obj=2.768199 val_obj=2.775983 train_acc=0.4895 val_acc=0.4770
[cvx-sgd] epoch=60/200 train_loss=1.676405 val_loss=1.686687 train_obj=2.528135 val_obj=2.538417 train_acc=0.4247 val_acc=0.4125
[cvx-sgd] epoch=70/200 train_loss=1.631759 val_loss=1.656430 train_obj=2.326660 val_obj=2.351330 train_acc=0.5020 val_acc=0.4785
[cvx-sgd] epoch=80/200 train_loss=1.614704 val_loss=1.634658 train_obj=2.236182 val_obj=2.256136 train_acc=0.5333 val_acc=0.5205
[cvx-sgd] epoch=90/200 train_loss=1.606254 val_loss=1.626439 train_obj=2.200644 val_obj=2.220829 train_acc=0.5382 val_acc=0.5180
[cvx-sgd] epoch=100/200 train_loss=1.593238 val_loss=1.615565 train_obj=2.185808 val_obj=2.208135 train_acc=0.5385 val_acc=0.5205
[cvx-sgd] epoch=110/200 train_loss=1.579066 val_loss=1.601988 train_obj=2.172437 val_obj=2.195360 train_acc=0.5410 val_acc=0.5255
[cvx-sgd] epoch=120/200 train_loss=1.567092 val_loss=1.590964 train_obj=2.168132 val_obj=2.192004 train_acc=0.5420 val_acc=0.5250
[cvx-sgd] epoch=130/200 train_loss=1.558134 val_loss=1.582162 train_obj=2.170296 val_obj=2.194324 train_acc=0.5457 val_acc=0.5260
[cvx-sgd] epoch=140/200 train_loss=1.563262 val_loss=1.587305 train_obj=2.086911 val_obj=2.110954 train_acc=0.5442 val_acc=0.5225
[cvx-sgd] epoch=150/200 train_loss=1.559826 val_loss=1.583906 train_obj=2.061212 val_obj=2.085292 train_acc=0.5450 val_acc=0.5250
[cvx-sgd] epoch=160/200 train_loss=1.555990 val_loss=1.580047 train_obj=2.054238 val_obj=2.078294 train_acc=0.5443 val_acc=0.5255
[cvx-sgd] epoch=170/200 train_loss=1.552229 val_loss=1.576493 train_obj=2.048635 val_obj=2.072900 train_acc=0.5452 val_acc=0.5260
[cvx-sgd] epoch=180/200 train_loss=1.547797 val_loss=1.572073 train_obj=2.045993 val_obj=2.070269 train_acc=0.5460 val_acc=0.5275
[cvx-sgd] epoch=190/200 train_loss=1.544579 val_loss=1.568758 train_obj=2.044866 val_obj=2.069044 train_acc=0.5468 val_acc=0.5285
[cvx-sgd] epoch=200/200 train_loss=1.541190 val_loss=1.565612 train_obj=2.046037 val_obj=2.070459 train_acc=0.5475 val_acc=0.5280
[cvx-run] method=sgd beta=1 lr=0.01 bias=-1 batch_size=full(6000) n_train=6000
[cvx-sgd] epoch=10/200 train_loss=41.113117 val_loss=39.272678 train_obj=53.427329 val_obj=51.586890 train_acc=0.1988 val_acc=0.2030
[cvx-sgd] epoch=20/200 train_loss=11.442111 val_loss=11.651464 train_obj=22.154013 val_obj=22.363365 train_acc=0.2058 val_acc=0.2030
[cvx-sgd] epoch=30/200 train_loss=4.579268 val_loss=4.398520 train_obj=13.385921 val_obj=13.205173 train_acc=0.3565 val_acc=0.3615
[cvx-sgd] epoch=40/200 train_loss=2.845526 val_loss=2.807019 train_obj=9.676832 val_obj=9.638324 train_acc=0.3545 val_acc=0.3520
[cvx-sgd] epoch=50/200 train_loss=1.514598 val_loss=1.559963 train_obj=6.502191 val_obj=6.547556 train_acc=0.4865 val_acc=0.4760
[cvx-sgd] epoch=60/200 train_loss=1.399148 val_loss=1.417909 train_obj=4.753438 val_obj=4.772199 train_acc=0.5612 val_acc=0.5560
[cvx-sgd] epoch=70/200 train_loss=1.394303 val_loss=1.434224 train_obj=3.493122 val_obj=3.533044 train_acc=0.5825 val_acc=0.5555
[cvx-sgd] epoch=80/200 train_loss=1.512698 val_loss=1.533902 train_obj=2.826140 val_obj=2.847344 train_acc=0.5558 val_acc=0.5470
[cvx-sgd] epoch=90/200 train_loss=1.565733 val_loss=1.588880 train_obj=2.491570 val_obj=2.514717 train_acc=0.5465 val_acc=0.5295
[cvx-sgd] epoch=100/200 train_loss=1.593605 val_loss=1.617239 train_obj=2.345175 val_obj=2.368810 train_acc=0.5488 val_acc=0.5325
[cvx-sgd] epoch=110/200 train_loss=1.593750 val_loss=1.616397 train_obj=2.263696 val_obj=2.286344 train_acc=0.5578 val_acc=0.5390
[cvx-sgd] epoch=120/200 train_loss=1.585449 val_loss=1.609247 train_obj=2.211706 val_obj=2.235505 train_acc=0.5500 val_acc=0.5300
[cvx-sgd] epoch=130/200 train_loss=1.573473 val_loss=1.597324 train_obj=2.193970 val_obj=2.217821 train_acc=0.5527 val_acc=0.5360
[cvx-sgd] epoch=140/200 train_loss=1.563143 val_loss=1.587622 train_obj=2.181604 val_obj=2.206083 train_acc=0.5537 val_acc=0.5320
[cvx-sgd] epoch=150/200 train_loss=1.555502 val_loss=1.579858 train_obj=2.170796 val_obj=2.195153 train_acc=0.5525 val_acc=0.5315
[cvx-sgd] epoch=160/200 train_loss=1.548810 val_loss=1.573370 train_obj=2.168559 val_obj=2.193118 train_acc=0.5525 val_acc=0.5270
[cvx-sgd] epoch=170/200 train_loss=1.542938 val_loss=1.567776 train_obj=2.167584 val_obj=2.192423 train_acc=0.5522 val_acc=0.5290
[cvx-sgd] epoch=180/200 train_loss=1.537352 val_loss=1.562398 train_obj=2.160123 val_obj=2.185169 train_acc=0.5552 val_acc=0.5320
[cvx-sgd] epoch=190/200 train_loss=1.533215 val_loss=1.558451 train_obj=2.162704 val_obj=2.187940 train_acc=0.5542 val_acc=0.5320
[cvx-sgd] epoch=200/200 train_loss=1.528256 val_loss=1.553588 train_obj=2.158538 val_obj=2.183870 train_acc=0.5538 val_acc=0.5360
[cvx-run] method=sgd beta=1 lr=0.01 bias=-0.5 batch_size=full(6000) n_train=6000
[cvx-sgd] epoch=10/200 train_loss=53.859406 val_loss=55.777737 train_obj=65.690187 val_obj=67.608519 train_acc=0.1383 val_acc=0.1320
[cvx-sgd] epoch=20/200 train_loss=10.362693 val_loss=10.167475 train_obj=20.188059 val_obj=19.992840 train_acc=0.3077 val_acc=0.3155
[cvx-sgd] epoch=30/200 train_loss=6.236266 val_loss=6.565733 train_obj=14.244024 val_obj=14.573491 train_acc=0.2412 val_acc=0.2285
[cvx-sgd] epoch=40/200 train_loss=2.935291 val_loss=3.003278 train_obj=8.999735 val_obj=9.067722 train_acc=0.3902 val_acc=0.3820
[cvx-sgd] epoch=50/200 train_loss=1.641315 val_loss=1.685613 train_obj=5.946745 val_obj=5.991044 train_acc=0.4768 val_acc=0.4620
[cvx-sgd] epoch=60/200 train_loss=1.705731 val_loss=1.773930 train_obj=4.511166 val_obj=4.579365 train_acc=0.4600 val_acc=0.4410
[cvx-sgd] epoch=70/200 train_loss=1.492411 val_loss=1.515431 train_obj=3.247187 val_obj=3.270207 train_acc=0.5557 val_acc=0.5350
[cvx-sgd] epoch=80/200 train_loss=1.534431 val_loss=1.569260 train_obj=2.674470 val_obj=2.709298 train_acc=0.5442 val_acc=0.5315
[cvx-sgd] epoch=90/200 train_loss=1.566655 val_loss=1.592449 train_obj=2.413771 val_obj=2.439565 train_acc=0.5518 val_acc=0.5390
[cvx-sgd] epoch=100/200 train_loss=1.587463 val_loss=1.611504 train_obj=2.295205 val_obj=2.319246 train_acc=0.5493 val_acc=0.5320
[cvx-sgd] epoch=110/200 train_loss=1.587813 val_loss=1.611163 train_obj=2.235417 val_obj=2.258768 train_acc=0.5555 val_acc=0.5385
[cvx-sgd] epoch=120/200 train_loss=1.580468 val_loss=1.603010 train_obj=2.201687 val_obj=2.224229 train_acc=0.5480 val_acc=0.5355
[cvx-sgd] epoch=130/200 train_loss=1.570446 val_loss=1.593923 train_obj=2.184229 val_obj=2.207706 train_acc=0.5498 val_acc=0.5335
[cvx-sgd] epoch=140/200 train_loss=1.561055 val_loss=1.585115 train_obj=2.171525 val_obj=2.195586 train_acc=0.5515 val_acc=0.5350
[cvx-sgd] epoch=150/200 train_loss=1.552701 val_loss=1.576989 train_obj=2.169041 val_obj=2.193330 train_acc=0.5535 val_acc=0.5295
[cvx-sgd] epoch=160/200 train_loss=1.546408 val_loss=1.571190 train_obj=2.162035 val_obj=2.186818 train_acc=0.5525 val_acc=0.5320
[cvx-sgd] epoch=170/200 train_loss=1.539991 val_loss=1.564854 train_obj=2.162032 val_obj=2.186894 train_acc=0.5518 val_acc=0.5290
[cvx-sgd] epoch=180/200 train_loss=1.534269 val_loss=1.559400 train_obj=2.160062 val_obj=2.185194 train_acc=0.5538 val_acc=0.5310
[cvx-sgd] epoch=190/200 train_loss=1.530085 val_loss=1.555354 train_obj=2.159246 val_obj=2.184515 train_acc=0.5553 val_acc=0.5335
[cvx-sgd] epoch=200/200 train_loss=1.525671 val_loss=1.550948 train_obj=2.153787 val_obj=2.179064 train_acc=0.5553 val_acc=0.5365
[cvx-run] method=sgd beta=1 lr=0.01 bias=0 batch_size=full(6000) n_train=6000
[cvx-sgd] epoch=10/200 train_loss=21.687807 val_loss=21.974863 train_obj=31.225801 val_obj=31.512857 train_acc=0.1782 val_acc=0.1865
[cvx-sgd] epoch=20/200 train_loss=10.629958 val_loss=10.793658 train_obj=19.062352 val_obj=19.226052 train_acc=0.3052 val_acc=0.2870
[cvx-sgd] epoch=30/200 train_loss=6.464455 val_loss=6.811422 train_obj=12.310617 val_obj=12.657585 train_acc=0.3280 val_acc=0.2985
[cvx-sgd] epoch=40/200 train_loss=5.042980 val_loss=5.348238 train_obj=8.604443 val_obj=8.909701 train_acc=0.1930 val_acc=0.1760
[cvx-sgd] epoch=50/200 train_loss=3.781011 val_loss=3.803277 train_obj=6.423706 val_obj=6.445971 train_acc=0.2545 val_acc=0.2335
[cvx-sgd] epoch=60/200 train_loss=4.793410 val_loss=4.873732 train_obj=6.948100 val_obj=7.028421 train_acc=0.3422 val_acc=0.3425
[cvx-sgd] epoch=70/200 train_loss=5.596496 val_loss=5.845906 train_obj=7.561726 val_obj=7.811137 train_acc=0.3570 val_acc=0.3500
[cvx-sgd] epoch=80/200 train_loss=2.770725 val_loss=2.819687 train_obj=4.151359 val_obj=4.200320 train_acc=0.3328 val_acc=0.3345
[cvx-sgd] epoch=90/200 train_loss=1.713433 val_loss=1.772760 train_obj=2.738080 val_obj=2.797407 train_acc=0.4960 val_acc=0.4710
[cvx-sgd] epoch=100/200 train_loss=1.539879 val_loss=1.580557 train_obj=2.355360 val_obj=2.396038 train_acc=0.5235 val_acc=0.5005
[cvx-sgd] epoch=110/200 train_loss=1.545444 val_loss=1.568380 train_obj=2.270785 val_obj=2.293721 train_acc=0.4990 val_acc=0.4915
[cvx-sgd] epoch=120/200 train_loss=1.539344 val_loss=1.569351 train_obj=2.193743 val_obj=2.223750 train_acc=0.5393 val_acc=0.5205
[cvx-sgd] epoch=130/200 train_loss=1.543944 val_loss=1.574155 train_obj=2.167199 val_obj=2.197411 train_acc=0.5442 val_acc=0.5185
[cvx-sgd] epoch=140/200 train_loss=1.541660 val_loss=1.568232 train_obj=2.148576 val_obj=2.175149 train_acc=0.5545 val_acc=0.5370
[cvx-sgd] epoch=150/200 train_loss=1.538378 val_loss=1.564059 train_obj=2.144254 val_obj=2.169936 train_acc=0.5580 val_acc=0.5370
[cvx-sgd] epoch=160/200 train_loss=1.533774 val_loss=1.560338 train_obj=2.137982 val_obj=2.164546 train_acc=0.5592 val_acc=0.5345
[cvx-sgd] epoch=170/200 train_loss=1.529478 val_loss=1.555985 train_obj=2.134826 val_obj=2.161333 train_acc=0.5585 val_acc=0.5345
[cvx-sgd] epoch=180/200 train_loss=1.525154 val_loss=1.551524 train_obj=2.137035 val_obj=2.163405 train_acc=0.5590 val_acc=0.5340
[cvx-sgd] epoch=190/200 train_loss=1.529814 val_loss=1.555931 train_obj=2.078426 val_obj=2.104544 train_acc=0.5580 val_acc=0.5340
[cvx-sgd] epoch=200/200 train_loss=1.528857 val_loss=1.554688 train_obj=2.043651 val_obj=2.069483 train_acc=0.5558 val_acc=0.5360
[cvx-run] method=sgd beta=1 lr=0.01 bias=0.5 batch_size=full(6000) n_train=6000
[cvx-sgd] epoch=10/200 train_loss=33.968769 val_loss=34.711384 train_obj=46.036585 val_obj=46.779199 train_acc=0.2340 val_acc=0.2295
[cvx-sgd] epoch=20/200 train_loss=14.369232 val_loss=13.334334 train_obj=23.548681 val_obj=22.513783 train_acc=0.2540 val_acc=0.2685
[cvx-sgd] epoch=30/200 train_loss=6.944553 val_loss=7.027667 train_obj=13.412382 val_obj=13.495495 train_acc=0.3578 val_acc=0.3560
[cvx-sgd] epoch=40/200 train_loss=4.597726 val_loss=4.568258 train_obj=8.718943 val_obj=8.689475 train_acc=0.3482 val_acc=0.3415
[cvx-sgd] epoch=50/200 train_loss=3.715772 val_loss=3.769256 train_obj=6.388200 val_obj=6.441685 train_acc=0.2668 val_acc=0.2570
[cvx-sgd] epoch=60/200 train_loss=4.347974 val_loss=4.426947 train_obj=6.400985 val_obj=6.479958 train_acc=0.1880 val_acc=0.1735
[cvx-sgd] epoch=70/200 train_loss=2.970757 val_loss=2.956990 train_obj=4.612986 val_obj=4.599219 train_acc=0.4507 val_acc=0.4235
[cvx-sgd] epoch=80/200 train_loss=2.918741 val_loss=2.894519 train_obj=4.327832 val_obj=4.303610 train_acc=0.3708 val_acc=0.3600
[cvx-sgd] epoch=90/200 train_loss=2.030573 val_loss=2.080243 train_obj=3.134456 val_obj=3.184125 train_acc=0.4577 val_acc=0.4410
[cvx-sgd] epoch=100/200 train_loss=1.908202 val_loss=1.931271 train_obj=2.837057 val_obj=2.860126 train_acc=0.3610 val_acc=0.3465
[cvx-sgd] epoch=110/200 train_loss=1.617245 val_loss=1.654541 train_obj=2.394752 val_obj=2.432048 train_acc=0.4023 val_acc=0.3765
[cvx-sgd] epoch=120/200 train_loss=1.585104 val_loss=1.605567 train_obj=2.287890 val_obj=2.308352 train_acc=0.5248 val_acc=0.5005
[cvx-sgd] epoch=130/200 train_loss=1.526400 val_loss=1.552768 train_obj=2.183907 val_obj=2.210275 train_acc=0.5503 val_acc=0.5295
[cvx-sgd] epoch=140/200 train_loss=1.528825 val_loss=1.555859 train_obj=2.162197 val_obj=2.189231 train_acc=0.5672 val_acc=0.5440
[cvx-sgd] epoch=150/200 train_loss=1.527661 val_loss=1.554288 train_obj=2.149203 val_obj=2.175830 train_acc=0.5628 val_acc=0.5425
[cvx-sgd] epoch=160/200 train_loss=1.527436 val_loss=1.553315 train_obj=2.145068 val_obj=2.170948 train_acc=0.5622 val_acc=0.5435
[cvx-sgd] epoch=170/200 train_loss=1.526224 val_loss=1.552107 train_obj=2.140902 val_obj=2.166785 train_acc=0.5575 val_acc=0.5425
[cvx-sgd] epoch=180/200 train_loss=1.523233 val_loss=1.548972 train_obj=2.137834 val_obj=2.163573 train_acc=0.5600 val_acc=0.5445
[cvx-sgd] epoch=190/200 train_loss=1.519670 val_loss=1.545810 train_obj=2.138012 val_obj=2.164152 train_acc=0.5612 val_acc=0.5460
[cvx-sgd] epoch=200/200 train_loss=1.516971 val_loss=1.542969 train_obj=2.135682 val_obj=2.161680 train_acc=0.5615 val_acc=0.5455
[cvx-run] method=sgd beta=1 lr=0.01 bias=1 batch_size=full(6000) n_train=6000
[cvx-sgd] epoch=10/200 train_loss=64.223305 val_loss=63.588116 train_obj=79.883785 val_obj=79.248596 train_acc=0.1520 val_acc=0.1635
[cvx-sgd] epoch=20/200 train_loss=17.405083 val_loss=17.182823 train_obj=31.390934 val_obj=31.168674 train_acc=0.2857 val_acc=0.2820
[cvx-sgd] epoch=30/200 train_loss=7.206935 val_loss=7.570781 train_obj=19.555459 val_obj=19.919305 train_acc=0.2998 val_acc=0.2935
[cvx-sgd] epoch=40/200 train_loss=2.771251 val_loss=2.820708 train_obj=13.085378 val_obj=13.134836 train_acc=0.4422 val_acc=0.4305
[cvx-sgd] epoch=50/200 train_loss=2.717190 val_loss=2.727715 train_obj=10.995979 val_obj=11.006505 train_acc=0.4093 val_acc=0.4170
[cvx-sgd] epoch=60/200 train_loss=1.660455 val_loss=1.679342 train_obj=7.972495 val_obj=7.991382 train_acc=0.4947 val_acc=0.4925
[cvx-sgd] epoch=70/200 train_loss=1.451742 val_loss=1.505605 train_obj=5.957390 val_obj=6.011253 train_acc=0.5190 val_acc=0.5000
[cvx-sgd] epoch=80/200 train_loss=1.403087 val_loss=1.458700 train_obj=4.418227 val_obj=4.473840 train_acc=0.5650 val_acc=0.5260
[cvx-sgd] epoch=90/200 train_loss=1.459495 val_loss=1.491994 train_obj=3.362777 val_obj=3.395276 train_acc=0.6065 val_acc=0.5890
[cvx-sgd] epoch=100/200 train_loss=1.534144 val_loss=1.567448 train_obj=2.747893 val_obj=2.781197 train_acc=0.5697 val_acc=0.5425
[cvx-sgd] epoch=110/200 train_loss=1.580220 val_loss=1.610556 train_obj=2.464020 val_obj=2.494356 train_acc=0.5500 val_acc=0.5245
[cvx-sgd] epoch=120/200 train_loss=1.589776 val_loss=1.616371 train_obj=2.320376 val_obj=2.346971 train_acc=0.5470 val_acc=0.5265
[cvx-sgd] epoch=130/200 train_loss=1.584415 val_loss=1.608923 train_obj=2.251531 val_obj=2.276039 train_acc=0.5463 val_acc=0.5285
[cvx-sgd] epoch=140/200 train_loss=1.575959 val_loss=1.601208 train_obj=2.212686 val_obj=2.237935 train_acc=0.5477 val_acc=0.5335
[cvx-sgd] epoch=150/200 train_loss=1.567406 val_loss=1.591825 train_obj=2.187106 val_obj=2.211526 train_acc=0.5488 val_acc=0.5300
[cvx-sgd] epoch=160/200 train_loss=1.558916 val_loss=1.583642 train_obj=2.179350 val_obj=2.204076 train_acc=0.5518 val_acc=0.5345
[cvx-sgd] epoch=170/200 train_loss=1.552556 val_loss=1.577768 train_obj=2.171315 val_obj=2.196527 train_acc=0.5533 val_acc=0.5310
[cvx-sgd] epoch=180/200 train_loss=1.545772 val_loss=1.570921 train_obj=2.163919 val_obj=2.189069 train_acc=0.5533 val_acc=0.5305
[cvx-sgd] epoch=190/200 train_loss=1.539088 val_loss=1.564398 train_obj=2.165246 val_obj=2.190556 train_acc=0.5537 val_acc=0.5335
[cvx-sgd] epoch=200/200 train_loss=1.537364 val_loss=1.562768 train_obj=2.082206 val_obj=2.107610 train_acc=0.5527 val_acc=0.5310
[cvx-run] method=sgd beta=1 lr=0.1 bias=-1 batch_size=full(6000) n_train=6000
[cvx-sgd] epoch=10/200 train_loss=517.451477 val_loss=522.700562 train_obj=652.102057 val_obj=657.351141 train_acc=0.1368 val_acc=0.1380
[cvx-sgd] epoch=20/200 train_loss=134.501694 val_loss=140.978668 train_obj=258.332910 val_obj=264.809885 train_acc=0.2043 val_acc=0.2015
[cvx-sgd] epoch=30/200 train_loss=76.209724 val_loss=78.891876 train_obj=182.461579 val_obj=185.143731 train_acc=0.3305 val_acc=0.3165
[cvx-sgd] epoch=40/200 train_loss=26.317598 val_loss=27.276890 train_obj=109.835575 val_obj=110.794866 train_acc=0.3802 val_acc=0.3615
[cvx-sgd] epoch=50/200 train_loss=14.823655 val_loss=15.349529 train_obj=77.942680 val_obj=78.468554 train_acc=0.4305 val_acc=0.4200
[cvx-sgd] epoch=60/200 train_loss=9.545556 val_loss=9.655369 train_obj=55.065493 val_obj=55.175306 train_acc=0.4343 val_acc=0.4255
[cvx-sgd] epoch=70/200 train_loss=8.818595 val_loss=9.491241 train_obj=38.267184 val_obj=38.939829 train_acc=0.5032 val_acc=0.4760
[cvx-sgd] epoch=80/200 train_loss=34.213844 val_loss=35.530727 train_obj=53.746141 val_obj=55.063024 train_acc=0.2350 val_acc=0.2185
[cvx-sgd] epoch=90/200 train_loss=14.371346 val_loss=14.576049 train_obj=29.979671 val_obj=30.184373 train_acc=0.3190 val_acc=0.3130
[cvx-sgd] epoch=100/200 train_loss=14.978138 val_loss=15.991817 train_obj=27.799963 val_obj=28.813642 train_acc=0.3627 val_acc=0.3380
[cvx-sgd] epoch=110/200 train_loss=10.935729 val_loss=11.682333 train_obj=21.250271 val_obj=21.996875 train_acc=0.2340 val_acc=0.2205
[cvx-sgd] epoch=120/200 train_loss=9.936754 val_loss=10.425709 train_obj=18.790826 val_obj=19.279781 train_acc=0.3160 val_acc=0.3060
[cvx-sgd] epoch=130/200 train_loss=19.589382 val_loss=19.979313 train_obj=27.655686 val_obj=28.045616 train_acc=0.1692 val_acc=0.1730
[cvx-sgd] epoch=140/200 train_loss=13.690629 val_loss=14.311969 train_obj=20.789968 val_obj=21.411308 train_acc=0.3337 val_acc=0.3050
[cvx-sgd] epoch=150/200 train_loss=7.552122 val_loss=7.952408 train_obj=13.268665 val_obj=13.668951 train_acc=0.3807 val_acc=0.3440
[cvx-sgd] epoch=160/200 train_loss=3.529775 val_loss=3.645253 train_obj=8.080903 val_obj=8.196382 train_acc=0.4113 val_acc=0.4015
[cvx-sgd] epoch=170/200 train_loss=2.788229 val_loss=2.840181 train_obj=6.661335 val_obj=6.713287 train_acc=0.4922 val_acc=0.4730
[cvx-sgd] epoch=180/200 train_loss=2.404792 val_loss=2.515117 train_obj=5.664300 val_obj=5.774625 train_acc=0.4763 val_acc=0.4475
[cvx-sgd] epoch=190/200 train_loss=1.161117 val_loss=1.231297 train_obj=3.795981 val_obj=3.866161 train_acc=0.6132 val_acc=0.5915
[cvx-sgd] epoch=200/200 train_loss=1.171497 val_loss=1.229577 train_obj=3.476792 val_obj=3.534872 train_acc=0.6228 val_acc=0.5995
[cvx-run] method=sgd beta=1 lr=0.1 bias=-0.5 batch_size=full(6000) n_train=6000
[cvx-sgd] epoch=10/200 train_loss=392.409424 val_loss=397.405151 train_obj=525.977668 val_obj=530.973396 train_acc=0.1437 val_acc=0.1605
[cvx-sgd] epoch=20/200 train_loss=147.202667 val_loss=146.900848 train_obj=277.538612 val_obj=277.236793 train_acc=0.3092 val_acc=0.2970
[cvx-sgd] epoch=30/200 train_loss=68.224472 val_loss=69.778175 train_obj=177.552488 val_obj=179.106191 train_acc=0.2987 val_acc=0.2795
[cvx-sgd] epoch=40/200 train_loss=31.226810 val_loss=31.172495 train_obj=119.347117 val_obj=119.292802 train_acc=0.3810 val_acc=0.3895
[cvx-sgd] epoch=50/200 train_loss=13.032193 val_loss=13.450234 train_obj=81.238159 val_obj=81.656200 train_acc=0.4233 val_acc=0.4115
[cvx-sgd] epoch=60/200 train_loss=11.511469 val_loss=11.891665 train_obj=61.998958 val_obj=62.379155 train_acc=0.4077 val_acc=0.3940
[cvx-sgd] epoch=70/200 train_loss=23.916245 val_loss=24.247187 train_obj=59.834207 val_obj=60.165149 train_acc=0.3058 val_acc=0.2935
[cvx-sgd] epoch=80/200 train_loss=31.911190 val_loss=32.984852 train_obj=56.644482 val_obj=57.718144 train_acc=0.1867 val_acc=0.1840
[cvx-sgd] epoch=90/200 train_loss=11.813209 val_loss=12.454772 train_obj=31.027060 val_obj=31.668623 train_acc=0.3238 val_acc=0.3045
[cvx-sgd] epoch=100/200 train_loss=8.432161 val_loss=8.774546 train_obj=22.518367 val_obj=22.860751 train_acc=0.2997 val_acc=0.2905
[cvx-sgd] epoch=110/200 train_loss=9.729304 val_loss=10.067573 train_obj=20.864026 val_obj=21.202294 train_acc=0.2792 val_acc=0.2585
[cvx-sgd] epoch=120/200 train_loss=6.572409 val_loss=6.589656 train_obj=15.459999 val_obj=15.477246 train_acc=0.3277 val_acc=0.3290
[cvx-sgd] epoch=130/200 train_loss=3.447361 val_loss=3.584800 train_obj=10.656340 val_obj=10.793779 train_acc=0.4447 val_acc=0.4310
[cvx-sgd] epoch=140/200 train_loss=1.455022 val_loss=1.536135 train_obj=7.149744 val_obj=7.230857 train_acc=0.5570 val_acc=0.5400
[cvx-sgd] epoch=150/200 train_loss=1.286728 val_loss=1.419025 train_obj=5.864482 val_obj=5.996779 train_acc=0.6067 val_acc=0.5695
[cvx-sgd] epoch=160/200 train_loss=1.002514 val_loss=1.074138 train_obj=4.628563 val_obj=4.700187 train_acc=0.6632 val_acc=0.6330
[cvx-sgd] epoch=170/200 train_loss=0.997472 val_loss=1.067020 train_obj=3.910045 val_obj=3.979592 train_acc=0.6792 val_acc=0.6420
[cvx-sgd] epoch=180/200 train_loss=1.024607 val_loss=1.089863 train_obj=3.410559 val_obj=3.475815 train_acc=0.6892 val_acc=0.6520
[cvx-sgd] epoch=190/200 train_loss=1.087567 val_loss=1.149277 train_obj=3.076771 val_obj=3.138481 train_acc=0.6867 val_acc=0.6570
[cvx-sgd] epoch=200/200 train_loss=1.156487 val_loss=1.212213 train_obj=2.878157 val_obj=2.933884 train_acc=0.6787 val_acc=0.6500
[cvx-run] method=sgd beta=1 lr=0.1 bias=0 batch_size=full(6000) n_train=6000
[cvx-sgd] epoch=10/200 train_loss=802.774353 val_loss=800.858643 train_obj=971.195277 val_obj=969.279567 train_acc=0.1580 val_acc=0.1600
[cvx-sgd] epoch=20/200 train_loss=208.298370 val_loss=208.597153 train_obj=365.601859 val_obj=365.900641 train_acc=0.2130 val_acc=0.2060
[cvx-sgd] epoch=30/200 train_loss=119.924149 val_loss=116.498451 train_obj=265.236973 val_obj=261.811276 train_acc=0.2590 val_acc=0.2530
[cvx-sgd] epoch=40/200 train_loss=55.060062 val_loss=55.410831 train_obj=176.765523 val_obj=177.116292 train_acc=0.3227 val_acc=0.3230
[cvx-sgd] epoch=50/200 train_loss=21.923973 val_loss=22.179600 train_obj=121.738110 val_obj=121.993736 train_acc=0.4367 val_acc=0.4275
[cvx-sgd] epoch=60/200 train_loss=11.378788 val_loss=12.436366 train_obj=89.841601 val_obj=90.899179 train_acc=0.5093 val_acc=0.4800
[cvx-sgd] epoch=70/200 train_loss=14.022496 val_loss=14.689144 train_obj=73.480737 val_obj=74.147385 train_acc=0.4317 val_acc=0.4335
[cvx-sgd] epoch=80/200 train_loss=17.838421 val_loss=18.420418 train_obj=61.605510 val_obj=62.187507 train_acc=0.2450 val_acc=0.2345
[cvx-sgd] epoch=90/200 train_loss=24.653048 val_loss=25.617605 train_obj=57.176023 val_obj=58.140581 train_acc=0.3725 val_acc=0.3685
[cvx-sgd] epoch=100/200 train_loss=11.466328 val_loss=10.950478 train_obj=36.952375 val_obj=36.436525 train_acc=0.3675 val_acc=0.3665
[cvx-sgd] epoch=110/200 train_loss=11.348630 val_loss=11.249605 train_obj=30.710156 val_obj=30.611131 train_acc=0.3418 val_acc=0.3470
[cvx-sgd] epoch=120/200 train_loss=9.775044 val_loss=9.835482 train_obj=24.494981 val_obj=24.555418 train_acc=0.3320 val_acc=0.3330
[cvx-sgd] epoch=130/200 train_loss=9.684621 val_loss=9.777180 train_obj=21.161183 val_obj=21.253742 train_acc=0.2557 val_acc=0.2690
[cvx-sgd] epoch=140/200 train_loss=18.515947 val_loss=19.341856 train_obj=27.979336 val_obj=28.805245 train_acc=0.3180 val_acc=0.3060
[cvx-sgd] epoch=150/200 train_loss=8.289782 val_loss=8.347672 train_obj=15.834138 val_obj=15.892028 train_acc=0.4163 val_acc=0.4005
[cvx-sgd] epoch=160/200 train_loss=3.395296 val_loss=3.629638 train_obj=9.495449 val_obj=9.729791 train_acc=0.4448 val_acc=0.4240
[cvx-sgd] epoch=170/200 train_loss=3.952744 val_loss=4.317135 train_obj=9.163568 val_obj=9.527960 train_acc=0.4435 val_acc=0.4210
[cvx-sgd] epoch=180/200 train_loss=2.220572 val_loss=2.413697 train_obj=6.576846 val_obj=6.769971 train_acc=0.4615 val_acc=0.4255
[cvx-sgd] epoch=190/200 train_loss=1.105731 val_loss=1.201917 train_obj=4.644397 val_obj=4.740583 train_acc=0.6463 val_acc=0.6195
[cvx-sgd] epoch=200/200 train_loss=1.147044 val_loss=1.234247 train_obj=4.058190 val_obj=4.145394 train_acc=0.6402 val_acc=0.6130
[cvx-run] method=sgd beta=1 lr=0.1 bias=0.5 batch_size=full(6000) n_train=6000
[cvx-sgd] epoch=10/200 train_loss=491.167511 val_loss=475.171570 train_obj=611.181349 val_obj=595.185408 train_acc=0.1258 val_acc=0.1265
[cvx-sgd] epoch=20/200 train_loss=201.431458 val_loss=196.489792 train_obj=331.998091 val_obj=327.056425 train_acc=0.2933 val_acc=0.3115
[cvx-sgd] epoch=30/200 train_loss=80.848709 val_loss=83.178940 train_obj=178.405077 val_obj=180.735308 train_acc=0.3045 val_acc=0.2880
[cvx-sgd] epoch=40/200 train_loss=55.108620 val_loss=55.617664 train_obj=124.230085 val_obj=124.739130 train_acc=0.2455 val_acc=0.2390
[cvx-sgd] epoch=50/200 train_loss=41.913280 val_loss=42.258507 train_obj=85.972465 val_obj=86.317691 train_acc=0.2715 val_acc=0.2810
[cvx-sgd] epoch=60/200 train_loss=48.965546 val_loss=47.020584 train_obj=78.580929 val_obj=76.635968 train_acc=0.3412 val_acc=0.3395
[cvx-sgd] epoch=70/200 train_loss=50.927387 val_loss=52.885399 train_obj=75.177633 val_obj=77.135645 train_acc=0.3252 val_acc=0.3105
[cvx-sgd] epoch=80/200 train_loss=77.813744 val_loss=80.782204 train_obj=103.123182 val_obj=106.091642 train_acc=0.2878 val_acc=0.2620
[cvx-sgd] epoch=90/200 train_loss=24.222162 val_loss=23.937485 train_obj=42.399237 val_obj=42.114560 train_acc=0.3555 val_acc=0.3505
[cvx-sgd] epoch=100/200 train_loss=12.550503 val_loss=13.065063 train_obj=25.385568 val_obj=25.900128 train_acc=0.3635 val_acc=0.3545
[cvx-sgd] epoch=110/200 train_loss=4.252204 val_loss=4.411330 train_obj=13.564405 val_obj=13.723531 train_acc=0.5067 val_acc=0.4870
[cvx-sgd] epoch=120/200 train_loss=2.614231 val_loss=2.715608 train_obj=9.900167 val_obj=10.001545 train_acc=0.5427 val_acc=0.5160
[cvx-sgd] epoch=130/200 train_loss=6.892068 val_loss=7.051064 train_obj=12.731932 val_obj=12.890928 train_acc=0.1403 val_acc=0.1245
[cvx-sgd] epoch=140/200 train_loss=9.236064 val_loss=9.229015 train_obj=14.792217 val_obj=14.785169 train_acc=0.5122 val_acc=0.4890
[cvx-sgd] epoch=150/200 train_loss=4.514176 val_loss=4.502010 train_obj=8.659476 val_obj=8.647310 train_acc=0.5287 val_acc=0.5095
[cvx-sgd] epoch=160/200 train_loss=2.778751 val_loss=2.834298 train_obj=6.249470 val_obj=6.305018 train_acc=0.4942 val_acc=0.4770
[cvx-sgd] epoch=170/200 train_loss=2.136969 val_loss=2.220194 train_obj=5.167724 val_obj=5.250949 train_acc=0.5330 val_acc=0.5110
[cvx-sgd] epoch=180/200 train_loss=1.167762 val_loss=1.245052 train_obj=3.677698 val_obj=3.754988 train_acc=0.6157 val_acc=0.5880
[cvx-sgd] epoch=190/200 train_loss=1.148507 val_loss=1.220048 train_obj=3.339525 val_obj=3.411066 train_acc=0.6192 val_acc=0.5940
[cvx-sgd] epoch=200/200 train_loss=1.152976 val_loss=1.235400 train_obj=3.088730 val_obj=3.171154 train_acc=0.6232 val_acc=0.5890
[cvx-run] method=sgd beta=1 lr=0.1 bias=1 batch_size=full(6000) n_train=6000
[cvx-sgd] epoch=10/200 train_loss=488.293091 val_loss=485.160370 train_obj=618.766837 val_obj=615.634116 train_acc=0.1402 val_acc=0.1570
[cvx-sgd] epoch=20/200 train_loss=102.949112 val_loss=104.243950 train_obj=232.703176 val_obj=233.998014 train_acc=0.2737 val_acc=0.2720
[cvx-sgd] epoch=30/200 train_loss=65.496735 val_loss=69.384048 train_obj=177.283058 val_obj=181.170372 train_acc=0.3425 val_acc=0.3295
[cvx-sgd] epoch=40/200 train_loss=38.823509 val_loss=38.470860 train_obj=128.716770 val_obj=128.364120 train_acc=0.3463 val_acc=0.3430
[cvx-sgd] epoch=50/200 train_loss=20.062168 val_loss=20.554602 train_obj=89.575730 val_obj=90.068164 train_acc=0.3987 val_acc=0.3790
[cvx-sgd] epoch=60/200 train_loss=6.808560 val_loss=7.356843 train_obj=57.747465 val_obj=58.295747 train_acc=0.5042 val_acc=0.4755
[cvx-sgd] epoch=70/200 train_loss=17.604902 val_loss=17.188715 train_obj=55.256716 val_obj=54.840529 train_acc=0.4377 val_acc=0.4300
[cvx-sgd] epoch=80/200 train_loss=15.496610 val_loss=16.420807 train_obj=42.263883 val_obj=43.188080 train_acc=0.2340 val_acc=0.2125
[cvx-sgd] epoch=90/200 train_loss=8.899263 val_loss=9.411174 train_obj=29.958081 val_obj=30.469992 train_acc=0.2990 val_acc=0.3000
[cvx-sgd] epoch=100/200 train_loss=8.387316 val_loss=9.020388 train_obj=24.947160 val_obj=25.580232 train_acc=0.3405 val_acc=0.3005
[cvx-sgd] epoch=110/200 train_loss=9.999904 val_loss=10.312504 train_obj=23.507450 val_obj=23.820050 train_acc=0.2910 val_acc=0.2800
[cvx-sgd] epoch=120/200 train_loss=16.589432 val_loss=16.747965 train_obj=27.582089 val_obj=27.740623 train_acc=0.3202 val_acc=0.2945
[cvx-sgd] epoch=130/200 train_loss=17.205940 val_loss=16.613918 train_obj=27.111931 val_obj=26.519909 train_acc=0.3525 val_acc=0.3555
[cvx-sgd] epoch=140/200 train_loss=7.044629 val_loss=7.067188 train_obj=14.544989 val_obj=14.567548 train_acc=0.3905 val_acc=0.3765
[cvx-sgd] epoch=150/200 train_loss=3.305058 val_loss=3.298015 train_obj=9.467107 val_obj=9.460064 train_acc=0.4052 val_acc=0.4130
[cvx-sgd] epoch=160/200 train_loss=2.006726 val_loss=2.138793 train_obj=6.818540 val_obj=6.950608 train_acc=0.5655 val_acc=0.5385
[cvx-sgd] epoch=170/200 train_loss=2.081434 val_loss=2.272550 train_obj=6.090623 val_obj=6.281739 train_acc=0.4587 val_acc=0.4450
[cvx-sgd] epoch=180/200 train_loss=1.887408 val_loss=2.004612 train_obj=5.348276 val_obj=5.465481 train_acc=0.5062 val_acc=0.4860
[cvx-sgd] epoch=190/200 train_loss=2.050523 val_loss=2.124758 train_obj=5.400516 val_obj=5.474751 train_acc=0.4398 val_acc=0.4345
[cvx-sgd] epoch=200/200 train_loss=1.876447 val_loss=2.029866 train_obj=4.566172 val_obj=4.719591 train_acc=0.5412 val_acc=0.5065
[cvx-run] method=sgd beta=5 lr=0.001 bias=-1 batch_size=full(6000) n_train=6000
[cvx-sgd] epoch=10/200 train_loss=2.112225 val_loss=2.116600 train_obj=6.288140 val_obj=6.292514 train_acc=0.3190 val_acc=0.3125
[cvx-sgd] epoch=20/200 train_loss=2.053914 val_loss=2.059727 train_obj=4.892337 val_obj=4.898150 train_acc=0.3935 val_acc=0.3820
[cvx-sgd] epoch=30/200 train_loss=2.213552 val_loss=2.215698 train_obj=3.694330 val_obj=3.696476 train_acc=0.2842 val_acc=0.2720
[cvx-sgd] epoch=40/200 train_loss=2.216307 val_loss=2.218108 train_obj=3.188330 val_obj=3.190132 train_acc=0.3235 val_acc=0.3145
[cvx-sgd] epoch=50/200 train_loss=2.235729 val_loss=2.238040 train_obj=2.962153 val_obj=2.964465 train_acc=0.2982 val_acc=0.2855
[cvx-sgd] epoch=60/200 train_loss=2.239148 val_loss=2.241361 train_obj=2.875187 val_obj=2.877400 train_acc=0.3142 val_acc=0.3065
[cvx-sgd] epoch=70/200 train_loss=2.238523 val_loss=2.240685 train_obj=2.839627 val_obj=2.841789 train_acc=0.3092 val_acc=0.2975
[cvx-sgd] epoch=80/200 train_loss=2.234657 val_loss=2.236755 train_obj=2.822791 val_obj=2.824890 train_acc=0.3122 val_acc=0.3085
[cvx-sgd] epoch=90/200 train_loss=2.232924 val_loss=2.235483 train_obj=2.820218 val_obj=2.822778 train_acc=0.3235 val_acc=0.3125
[cvx-sgd] epoch=100/200 train_loss=2.229441 val_loss=2.232019 train_obj=2.820696 val_obj=2.823275 train_acc=0.3042 val_acc=0.2935
[cvx-sgd] epoch=110/200 train_loss=2.228546 val_loss=2.231277 train_obj=2.686849 val_obj=2.689580 train_acc=0.3042 val_acc=0.2940
[cvx-sgd] epoch=120/200 train_loss=2.239189 val_loss=2.241957 train_obj=2.611452 val_obj=2.614220 train_acc=0.3037 val_acc=0.2920
[cvx-sgd] epoch=130/200 train_loss=2.239967 val_loss=2.242717 train_obj=2.575589 val_obj=2.578339 train_acc=0.3023 val_acc=0.2920
[cvx-sgd] epoch=140/200 train_loss=2.239051 val_loss=2.241710 train_obj=2.563315 val_obj=2.565974 train_acc=0.2778 val_acc=0.2835
[cvx-sgd] epoch=150/200 train_loss=2.238010 val_loss=2.241156 train_obj=2.556878 val_obj=2.560024 train_acc=0.2770 val_acc=0.2650
[cvx-sgd] epoch=160/200 train_loss=2.236110 val_loss=2.239099 train_obj=2.556426 val_obj=2.559414 train_acc=0.3043 val_acc=0.2920
[cvx-sgd] epoch=170/200 train_loss=2.234974 val_loss=2.237805 train_obj=2.554863 val_obj=2.557695 train_acc=0.3027 val_acc=0.2955
[cvx-sgd] epoch=180/200 train_loss=2.233984 val_loss=2.236959 train_obj=2.551923 val_obj=2.554898 train_acc=0.2735 val_acc=0.2805
[cvx-sgd] epoch=190/200 train_loss=2.232943 val_loss=2.236081 train_obj=2.553759 val_obj=2.556898 train_acc=0.2617 val_acc=0.2750
[cvx-sgd] epoch=200/200 train_loss=2.238273 val_loss=2.241258 train_obj=2.459729 val_obj=2.462714 train_acc=0.2597 val_acc=0.2635
[cvx-run] method=sgd beta=5 lr=0.001 bias=-0.5 batch_size=full(6000) n_train=6000
[cvx-sgd] epoch=10/200 train_loss=2.123108 val_loss=2.117847 train_obj=6.337328 val_obj=6.332067 train_acc=0.2820 val_acc=0.2820
[cvx-sgd] epoch=20/200 train_loss=2.056825 val_loss=2.060774 train_obj=4.904672 val_obj=4.908621 train_acc=0.3913 val_acc=0.3705
[cvx-sgd] epoch=30/200 train_loss=2.209097 val_loss=2.212015 train_obj=3.712816 val_obj=3.715734 train_acc=0.2542 val_acc=0.2470
[cvx-sgd] epoch=40/200 train_loss=2.217402 val_loss=2.219793 train_obj=3.190296 val_obj=3.192687 train_acc=0.3362 val_acc=0.3220
[cvx-sgd] epoch=50/200 train_loss=2.237227 val_loss=2.238463 train_obj=2.961635 val_obj=2.962871 train_acc=0.2900 val_acc=0.3005
[cvx-sgd] epoch=60/200 train_loss=2.243840 val_loss=2.245721 train_obj=2.875437 val_obj=2.877319 train_acc=0.2985 val_acc=0.2930
[cvx-sgd] epoch=70/200 train_loss=2.243092 val_loss=2.245065 train_obj=2.841856 val_obj=2.843830 train_acc=0.2982 val_acc=0.2955
[cvx-sgd] epoch=80/200 train_loss=2.240838 val_loss=2.243265 train_obj=2.824706 val_obj=2.827133 train_acc=0.2983 val_acc=0.2890
[cvx-sgd] epoch=90/200 train_loss=2.239285 val_loss=2.241211 train_obj=2.823318 val_obj=2.825244 train_acc=0.3015 val_acc=0.3045
[cvx-sgd] epoch=100/200 train_loss=2.235727 val_loss=2.238417 train_obj=2.819739 val_obj=2.822430 train_acc=0.2953 val_acc=0.2955
[cvx-sgd] epoch=110/200 train_loss=2.234227 val_loss=2.237172 train_obj=2.815143 val_obj=2.818089 train_acc=0.2992 val_acc=0.2910
[cvx-sgd] epoch=120/200 train_loss=2.231827 val_loss=2.234553 train_obj=2.688715 val_obj=2.691442 train_acc=0.2927 val_acc=0.2865
[cvx-sgd] epoch=130/200 train_loss=2.241851 val_loss=2.244601 train_obj=2.611832 val_obj=2.614583 train_acc=0.2963 val_acc=0.2875
[cvx-sgd] epoch=140/200 train_loss=2.242992 val_loss=2.245872 train_obj=2.575302 val_obj=2.578182 train_acc=0.2938 val_acc=0.2815
[cvx-sgd] epoch=150/200 train_loss=2.242132 val_loss=2.245226 train_obj=2.562970 val_obj=2.566064 train_acc=0.2747 val_acc=0.2670
[cvx-sgd] epoch=160/200 train_loss=2.240289 val_loss=2.243340 train_obj=2.558219 val_obj=2.561270 train_acc=0.3055 val_acc=0.2940
[cvx-sgd] epoch=170/200 train_loss=2.239649 val_loss=2.242604 train_obj=2.554718 val_obj=2.557673 train_acc=0.2738 val_acc=0.2810
[cvx-sgd] epoch=180/200 train_loss=2.238283 val_loss=2.241541 train_obj=2.555542 val_obj=2.558800 train_acc=0.2938 val_acc=0.2805
[cvx-sgd] epoch=190/200 train_loss=2.238717 val_loss=2.241876 train_obj=2.469242 val_obj=2.472401 train_acc=0.2942 val_acc=0.2875
[cvx-sgd] epoch=200/200 train_loss=2.243156 val_loss=2.246295 train_obj=2.452241 val_obj=2.455380 train_acc=0.2868 val_acc=0.2760
[cvx-run] method=sgd beta=5 lr=0.001 bias=0 batch_size=full(6000) n_train=6000
[cvx-sgd] epoch=10/200 train_loss=2.137623 val_loss=2.133667 train_obj=6.359362 val_obj=6.355405 train_acc=0.3278 val_acc=0.3380
[cvx-sgd] epoch=20/200 train_loss=2.051096 val_loss=2.054351 train_obj=4.935429 val_obj=4.938684 train_acc=0.3815 val_acc=0.3705
[cvx-sgd] epoch=30/200 train_loss=2.212485 val_loss=2.214586 train_obj=3.704218 val_obj=3.706319 train_acc=0.2602 val_acc=0.2515
[cvx-sgd] epoch=40/200 train_loss=2.216997 val_loss=2.219269 train_obj=3.186811 val_obj=3.189083 train_acc=0.3235 val_acc=0.3140
[cvx-sgd] epoch=50/200 train_loss=2.237525 val_loss=2.239177 train_obj=2.957786 val_obj=2.959438 train_acc=0.3067 val_acc=0.2950
[cvx-sgd] epoch=60/200 train_loss=2.239938 val_loss=2.242021 train_obj=2.873417 val_obj=2.875499 train_acc=0.2982 val_acc=0.2830
[cvx-sgd] epoch=70/200 train_loss=2.239510 val_loss=2.241535 train_obj=2.840216 val_obj=2.842241 train_acc=0.2825 val_acc=0.2845
[cvx-sgd] epoch=80/200 train_loss=2.237573 val_loss=2.239562 train_obj=2.819902 val_obj=2.821891 train_acc=0.3068 val_acc=0.3030
[cvx-sgd] epoch=90/200 train_loss=2.233082 val_loss=2.235534 train_obj=2.818357 val_obj=2.820810 train_acc=0.2852 val_acc=0.2790
[cvx-sgd] epoch=100/200 train_loss=2.228801 val_loss=2.231497 train_obj=2.816485 val_obj=2.819180 train_acc=0.2838 val_acc=0.2825
[cvx-sgd] epoch=110/200 train_loss=2.226508 val_loss=2.229296 train_obj=2.816047 val_obj=2.818835 train_acc=0.2948 val_acc=0.2940
[cvx-sgd] epoch=120/200 train_loss=2.224260 val_loss=2.227247 train_obj=2.813779 val_obj=2.816766 train_acc=0.3018 val_acc=0.2945
[cvx-sgd] epoch=130/200 train_loss=2.223073 val_loss=2.226263 train_obj=2.815172 val_obj=2.818361 train_acc=0.2863 val_acc=0.2845
[cvx-sgd] epoch=140/200 train_loss=2.234076 val_loss=2.237256 train_obj=2.658194 val_obj=2.661375 train_acc=0.2985 val_acc=0.2915
[cvx-sgd] epoch=150/200 train_loss=2.233714 val_loss=2.236858 train_obj=2.586980 val_obj=2.590124 train_acc=0.3025 val_acc=0.2895
[cvx-sgd] epoch=160/200 train_loss=2.233917 val_loss=2.237024 train_obj=2.568763 val_obj=2.571870 train_acc=0.3050 val_acc=0.2955
[cvx-sgd] epoch=170/200 train_loss=2.233307 val_loss=2.236503 train_obj=2.560873 val_obj=2.564069 train_acc=0.2907 val_acc=0.2850
[cvx-sgd] epoch=180/200 train_loss=2.232194 val_loss=2.235423 train_obj=2.555309 val_obj=2.558538 train_acc=0.3015 val_acc=0.2965
[cvx-sgd] epoch=190/200 train_loss=2.231493 val_loss=2.234654 train_obj=2.554581 val_obj=2.557743 train_acc=0.2788 val_acc=0.2830
[cvx-sgd] epoch=200/200 train_loss=2.230674 val_loss=2.234052 train_obj=2.554450 val_obj=2.557829 train_acc=0.3003 val_acc=0.2915
[cvx-run] method=sgd beta=5 lr=0.001 bias=0.5 batch_size=full(6000) n_train=6000
[cvx-sgd] epoch=10/200 train_loss=2.117491 val_loss=2.123964 train_obj=6.030145 val_obj=6.036619 train_acc=0.3068 val_acc=0.2905
[cvx-sgd] epoch=20/200 train_loss=2.050322 val_loss=2.054114 train_obj=4.795980 val_obj=4.799772 train_acc=0.3820 val_acc=0.3745
[cvx-sgd] epoch=30/200 train_loss=2.211537 val_loss=2.212034 train_obj=3.657812 val_obj=3.658309 train_acc=0.2783 val_acc=0.2890
[cvx-sgd] epoch=40/200 train_loss=2.216710 val_loss=2.218867 train_obj=3.175961 val_obj=3.178119 train_acc=0.3232 val_acc=0.3125
[cvx-sgd] epoch=50/200 train_loss=2.235716 val_loss=2.237310 train_obj=2.959736 val_obj=2.961330 train_acc=0.3230 val_acc=0.3075
[cvx-sgd] epoch=60/200 train_loss=2.242198 val_loss=2.244031 train_obj=2.877054 val_obj=2.878887 train_acc=0.3140 val_acc=0.3145
[cvx-sgd] epoch=70/200 train_loss=2.241375 val_loss=2.243192 train_obj=2.843690 val_obj=2.845507 train_acc=0.3000 val_acc=0.2945
[cvx-sgd] epoch=80/200 train_loss=2.239818 val_loss=2.242140 train_obj=2.826269 val_obj=2.828591 train_acc=0.3082 val_acc=0.2935
[cvx-sgd] epoch=90/200 train_loss=2.237073 val_loss=2.239255 train_obj=2.823437 val_obj=2.825619 train_acc=0.2890 val_acc=0.2930
[cvx-sgd] epoch=100/200 train_loss=2.233510 val_loss=2.236205 train_obj=2.819052 val_obj=2.821748 train_acc=0.3025 val_acc=0.2905
[cvx-sgd] epoch=110/200 train_loss=2.232558 val_loss=2.235091 train_obj=2.816127 val_obj=2.818661 train_acc=0.2950 val_acc=0.3020
[cvx-sgd] epoch=120/200 train_loss=2.229617 val_loss=2.232083 train_obj=2.816640 val_obj=2.819106 train_acc=0.2862 val_acc=0.2895
[cvx-sgd] epoch=130/200 train_loss=2.233750 val_loss=2.236635 train_obj=2.642429 val_obj=2.645313 train_acc=0.2960 val_acc=0.2940
[cvx-sgd] epoch=140/200 train_loss=2.239103 val_loss=2.241983 train_obj=2.604476 val_obj=2.607356 train_acc=0.3015 val_acc=0.2915
[cvx-sgd] epoch=150/200 train_loss=2.240435 val_loss=2.243163 train_obj=2.577068 val_obj=2.579796 train_acc=0.2822 val_acc=0.2855
[cvx-sgd] epoch=160/200 train_loss=2.239210 val_loss=2.242458 train_obj=2.564134 val_obj=2.567382 train_acc=0.2905 val_acc=0.2755
[cvx-sgd] epoch=170/200 train_loss=2.238411 val_loss=2.241454 train_obj=2.559747 val_obj=2.562790 train_acc=0.2827 val_acc=0.2850
[cvx-sgd] epoch=180/200 train_loss=2.238078 val_loss=2.241149 train_obj=2.556817 val_obj=2.559888 train_acc=0.2748 val_acc=0.2740
[cvx-sgd] epoch=190/200 train_loss=2.236365 val_loss=2.239240 train_obj=2.557421 val_obj=2.560297 train_acc=0.2683 val_acc=0.2760
[cvx-sgd] epoch=200/200 train_loss=2.235404 val_loss=2.238652 train_obj=2.555172 val_obj=2.558420 train_acc=0.2887 val_acc=0.2870
[cvx-run] method=sgd beta=5 lr=0.001 bias=1 batch_size=full(6000) n_train=6000
[cvx-sgd] epoch=10/200 train_loss=2.112578 val_loss=2.118303 train_obj=6.212613 val_obj=6.218338 train_acc=0.2920 val_acc=0.2795
[cvx-sgd] epoch=20/200 train_loss=2.051809 val_loss=2.056567 train_obj=4.883403 val_obj=4.888162 train_acc=0.3527 val_acc=0.3475
[cvx-sgd] epoch=30/200 train_loss=2.210207 val_loss=2.212319 train_obj=3.679924 val_obj=3.682035 train_acc=0.2910 val_acc=0.2795
[cvx-sgd] epoch=40/200 train_loss=2.216002 val_loss=2.217892 train_obj=3.179289 val_obj=3.181179 train_acc=0.3177 val_acc=0.3260
[cvx-sgd] epoch=50/200 train_loss=2.235278 val_loss=2.237381 train_obj=2.957716 val_obj=2.959818 train_acc=0.3052 val_acc=0.2940
[cvx-sgd] epoch=60/200 train_loss=2.239352 val_loss=2.241448 train_obj=2.876267 val_obj=2.878363 train_acc=0.3118 val_acc=0.2985
[cvx-sgd] epoch=70/200 train_loss=2.238631 val_loss=2.240767 train_obj=2.843238 val_obj=2.845374 train_acc=0.2982 val_acc=0.2970
[cvx-sgd] epoch=80/200 train_loss=2.236871 val_loss=2.239333 train_obj=2.823123 val_obj=2.825585 train_acc=0.3040 val_acc=0.2975
[cvx-sgd] epoch=90/200 train_loss=2.232865 val_loss=2.235621 train_obj=2.817516 val_obj=2.820273 train_acc=0.3010 val_acc=0.2890
[cvx-sgd] epoch=100/200 train_loss=2.230748 val_loss=2.233419 train_obj=2.814392 val_obj=2.817063 train_acc=0.2985 val_acc=0.2960
[cvx-sgd] epoch=110/200 train_loss=2.227037 val_loss=2.229719 train_obj=2.814246 val_obj=2.816928 train_acc=0.2990 val_acc=0.2975
[cvx-sgd] epoch=120/200 train_loss=2.234487 val_loss=2.237861 train_obj=2.664821 val_obj=2.668195 train_acc=0.2888 val_acc=0.2780
[cvx-sgd] epoch=130/200 train_loss=2.236989 val_loss=2.239560 train_obj=2.595902 val_obj=2.598473 train_acc=0.2760 val_acc=0.2800
[cvx-sgd] epoch=140/200 train_loss=2.237843 val_loss=2.240993 train_obj=2.573962 val_obj=2.577113 train_acc=0.2987 val_acc=0.2895
[cvx-sgd] epoch=150/200 train_loss=2.236464 val_loss=2.239555 train_obj=2.563599 val_obj=2.566690 train_acc=0.2978 val_acc=0.2900
[cvx-sgd] epoch=160/200 train_loss=2.235714 val_loss=2.238843 train_obj=2.558915 val_obj=2.562044 train_acc=0.2985 val_acc=0.2920
[cvx-sgd] epoch=170/200 train_loss=2.234309 val_loss=2.237578 train_obj=2.555751 val_obj=2.559021 train_acc=0.2927 val_acc=0.2750
[cvx-sgd] epoch=180/200 train_loss=2.233454 val_loss=2.236621 train_obj=2.556002 val_obj=2.559169 train_acc=0.2988 val_acc=0.3100
[cvx-sgd] epoch=190/200 train_loss=2.238496 val_loss=2.241677 train_obj=2.476752 val_obj=2.479933 train_acc=0.2888 val_acc=0.2925
[cvx-sgd] epoch=200/200 train_loss=2.239244 val_loss=2.242438 train_obj=2.442930 val_obj=2.446124 train_acc=0.2585 val_acc=0.2745
[cvx-run] method=sgd beta=5 lr=0.005 bias=-1 batch_size=full(6000) n_train=6000
[cvx-sgd] epoch=10/200 train_loss=3.401531 val_loss=3.309044 train_obj=11.429942 val_obj=11.337455 train_acc=0.2707 val_acc=0.2775
[cvx-sgd] epoch=20/200 train_loss=4.480416 val_loss=4.514221 train_obj=9.732291 val_obj=9.766096 train_acc=0.0993 val_acc=0.0950
[cvx-sgd] epoch=30/200 train_loss=3.017766 val_loss=2.971238 train_obj=6.701691 val_obj=6.655163 train_acc=0.1668 val_acc=0.1715
[cvx-sgd] epoch=40/200 train_loss=2.451424 val_loss=2.478625 train_obj=5.304787 val_obj=5.331988 train_acc=0.1028 val_acc=0.0885
[cvx-sgd] epoch=50/200 train_loss=2.218760 val_loss=2.227950 train_obj=4.572870 val_obj=4.582059 train_acc=0.1903 val_acc=0.1915
[cvx-sgd] epoch=60/200 train_loss=2.190025 val_loss=2.193953 train_obj=4.375511 val_obj=4.379439 train_acc=0.1983 val_acc=0.1930
[cvx-sgd] epoch=70/200 train_loss=2.185205 val_loss=2.191470 train_obj=4.327507 val_obj=4.333771 train_acc=0.2482 val_acc=0.2235
[cvx-sgd] epoch=80/200 train_loss=2.182966 val_loss=2.186961 train_obj=4.277513 val_obj=4.281508 train_acc=0.3345 val_acc=0.3165
[cvx-sgd] epoch=90/200 train_loss=2.212989 val_loss=2.215244 train_obj=3.756151 val_obj=3.758405 train_acc=0.3422 val_acc=0.3315
[cvx-sgd] epoch=100/200 train_loss=2.216390 val_loss=2.218014 train_obj=3.441975 val_obj=3.443599 train_acc=0.3310 val_acc=0.3220
[cvx-sgd] epoch=110/200 train_loss=2.216890 val_loss=2.219105 train_obj=3.371674 val_obj=3.373889 train_acc=0.3217 val_acc=0.3140
[cvx-sgd] epoch=120/200 train_loss=2.217120 val_loss=2.219630 train_obj=3.358005 val_obj=3.360515 train_acc=0.3130 val_acc=0.3200
[cvx-sgd] epoch=130/200 train_loss=2.214765 val_loss=2.216760 train_obj=3.349849 val_obj=3.351845 train_acc=0.2935 val_acc=0.2925
[cvx-sgd] epoch=140/200 train_loss=2.221674 val_loss=2.223996 train_obj=2.999396 val_obj=3.001719 train_acc=0.2967 val_acc=0.2940
[cvx-sgd] epoch=150/200 train_loss=2.232781 val_loss=2.235281 train_obj=2.928946 val_obj=2.931446 train_acc=0.3018 val_acc=0.2990
[cvx-sgd] epoch=160/200 train_loss=2.234961 val_loss=2.237356 train_obj=2.873655 val_obj=2.876051 train_acc=0.2953 val_acc=0.2965
[cvx-sgd] epoch=170/200 train_loss=2.234522 val_loss=2.236642 train_obj=2.848950 val_obj=2.851070 train_acc=0.2987 val_acc=0.3020
[cvx-sgd] epoch=180/200 train_loss=2.232171 val_loss=2.234444 train_obj=2.850460 val_obj=2.852734 train_acc=0.3150 val_acc=0.3185
[cvx-sgd] epoch=190/200 train_loss=2.231533 val_loss=2.233886 train_obj=2.709215 val_obj=2.711568 train_acc=0.2823 val_acc=0.2865
[cvx-sgd] epoch=200/200 train_loss=2.242873 val_loss=2.245577 train_obj=2.630342 val_obj=2.633045 train_acc=0.2962 val_acc=0.2910
[cvx-run] method=sgd beta=5 lr=0.005 bias=-0.5 batch_size=full(6000) n_train=6000
[cvx-sgd] epoch=10/200 train_loss=5.288846 val_loss=5.078675 train_obj=13.180401 val_obj=12.970229 train_acc=0.0922 val_acc=0.0990
[cvx-sgd] epoch=20/200 train_loss=5.579697 val_loss=5.406788 train_obj=10.957933 val_obj=10.785024 train_acc=0.1045 val_acc=0.1165
[cvx-sgd] epoch=30/200 train_loss=3.873384 val_loss=3.946605 train_obj=7.654551 val_obj=7.727772 train_acc=0.1125 val_acc=0.1050
[cvx-sgd] epoch=40/200 train_loss=2.728413 val_loss=2.702491 train_obj=5.619865 val_obj=5.593943 train_acc=0.0997 val_acc=0.1100
[cvx-sgd] epoch=50/200 train_loss=2.211013 val_loss=2.229784 train_obj=4.456437 val_obj=4.475208 train_acc=0.2033 val_acc=0.1890
[cvx-sgd] epoch=60/200 train_loss=2.237112 val_loss=2.234890 train_obj=4.301189 val_obj=4.298966 train_acc=0.1000 val_acc=0.1080
[cvx-sgd] epoch=70/200 train_loss=2.205272 val_loss=2.205026 train_obj=4.174705 val_obj=4.174459 train_acc=0.1665 val_acc=0.1725
[cvx-sgd] epoch=80/200 train_loss=2.191501 val_loss=2.192035 train_obj=4.091134 val_obj=4.091668 train_acc=0.2355 val_acc=0.2415
[cvx-sgd] epoch=90/200 train_loss=2.188324 val_loss=2.190327 train_obj=4.101903 val_obj=4.103905 train_acc=0.3337 val_acc=0.3425
[cvx-sgd] epoch=100/200 train_loss=2.201288 val_loss=2.203556 train_obj=3.500351 val_obj=3.502619 train_acc=0.3797 val_acc=0.3710
[cvx-sgd] epoch=110/200 train_loss=2.214517 val_loss=2.215777 train_obj=3.383279 val_obj=3.384540 train_acc=0.3203 val_acc=0.3290
[cvx-sgd] epoch=120/200 train_loss=2.220883 val_loss=2.223492 train_obj=3.298008 val_obj=3.300617 train_acc=0.3293 val_acc=0.3255
[cvx-sgd] epoch=130/200 train_loss=2.220312 val_loss=2.222625 train_obj=3.271983 val_obj=3.274297 train_acc=0.3137 val_acc=0.3040
[cvx-sgd] epoch=140/200 train_loss=2.216644 val_loss=2.218560 train_obj=3.264525 val_obj=3.266441 train_acc=0.3043 val_acc=0.3020
[cvx-sgd] epoch=150/200 train_loss=2.214944 val_loss=2.218039 train_obj=3.035559 val_obj=3.038654 train_acc=0.3387 val_acc=0.3275
[cvx-sgd] epoch=160/200 train_loss=2.231748 val_loss=2.234229 train_obj=2.895683 val_obj=2.898164 train_acc=0.2870 val_acc=0.2885
[cvx-sgd] epoch=170/200 train_loss=2.235467 val_loss=2.237844 train_obj=2.819716 val_obj=2.822092 train_acc=0.3032 val_acc=0.2930
[cvx-sgd] epoch=180/200 train_loss=2.233245 val_loss=2.235762 train_obj=2.816258 val_obj=2.818775 train_acc=0.2897 val_acc=0.2895
[cvx-sgd] epoch=190/200 train_loss=2.232050 val_loss=2.234730 train_obj=2.803334 val_obj=2.806014 train_acc=0.3150 val_acc=0.3055
[cvx-sgd] epoch=200/200 train_loss=2.232140 val_loss=2.234710 train_obj=2.802768 val_obj=2.805338 train_acc=0.2803 val_acc=0.2840
[cvx-run] method=sgd beta=5 lr=0.005 bias=0 batch_size=full(6000) n_train=6000
[cvx-sgd] epoch=10/200 train_loss=7.280100 val_loss=7.206260 train_obj=16.941661 val_obj=16.867821 train_acc=0.1992 val_acc=0.2030
[cvx-sgd] epoch=20/200 train_loss=3.853971 val_loss=3.901287 train_obj=8.997075 val_obj=9.044391 train_acc=0.1540 val_acc=0.1615
[cvx-sgd] epoch=30/200 train_loss=3.169261 val_loss=3.144008 train_obj=6.739736 val_obj=6.714483 train_acc=0.1557 val_acc=0.1730
[cvx-sgd] epoch=40/200 train_loss=2.320689 val_loss=2.306473 train_obj=5.071333 val_obj=5.057117 train_acc=0.1012 val_acc=0.1090
[cvx-sgd] epoch=50/200 train_loss=2.276407 val_loss=2.261049 train_obj=4.569426 val_obj=4.554068 train_acc=0.1737 val_acc=0.1820
[cvx-sgd] epoch=60/200 train_loss=2.183307 val_loss=2.179915 train_obj=4.287231 val_obj=4.283839 train_acc=0.3075 val_acc=0.3130
[cvx-sgd] epoch=70/200 train_loss=2.183079 val_loss=2.183302 train_obj=4.231660 val_obj=4.231882 train_acc=0.3040 val_acc=0.3085
[cvx-sgd] epoch=80/200 train_loss=2.178924 val_loss=2.180562 train_obj=4.189667 val_obj=4.191306 train_acc=0.3340 val_acc=0.3440
[cvx-sgd] epoch=90/200 train_loss=2.211900 val_loss=2.213494 train_obj=3.684418 val_obj=3.686013 train_acc=0.3427 val_acc=0.3380
[cvx-sgd] epoch=100/200 train_loss=2.214229 val_loss=2.216558 train_obj=3.391840 val_obj=3.394169 train_acc=0.3322 val_acc=0.3140
[cvx-sgd] epoch=110/200 train_loss=2.215912 val_loss=2.218184 train_obj=3.337284 val_obj=3.339556 train_acc=0.3127 val_acc=0.3025
[cvx-sgd] epoch=120/200 train_loss=2.214038 val_loss=2.216250 train_obj=3.318370 val_obj=3.320581 train_acc=0.3058 val_acc=0.3060
[cvx-sgd] epoch=130/200 train_loss=2.212089 val_loss=2.214648 train_obj=3.310417 val_obj=3.312977 train_acc=0.3120 val_acc=0.3065
[cvx-sgd] epoch=140/200 train_loss=2.221302 val_loss=2.223764 train_obj=2.974601 val_obj=2.977062 train_acc=0.3403 val_acc=0.3275
[cvx-sgd] epoch=150/200 train_loss=2.230378 val_loss=2.232931 train_obj=2.902945 val_obj=2.905498 train_acc=0.3053 val_acc=0.3000
[cvx-sgd] epoch=160/200 train_loss=2.234096 val_loss=2.236625 train_obj=2.854970 val_obj=2.857499 train_acc=0.3148 val_acc=0.3010
[cvx-sgd] epoch=170/200 train_loss=2.232013 val_loss=2.234704 train_obj=2.831724 val_obj=2.834416 train_acc=0.2988 val_acc=0.2865
[cvx-sgd] epoch=180/200 train_loss=2.230607 val_loss=2.233247 train_obj=2.828566 val_obj=2.831206 train_acc=0.3092 val_acc=0.3065
[cvx-sgd] epoch=190/200 train_loss=2.229865 val_loss=2.232639 train_obj=2.694967 val_obj=2.697741 train_acc=0.3025 val_acc=0.3045
[cvx-sgd] epoch=200/200 train_loss=2.240953 val_loss=2.243479 train_obj=2.619994 val_obj=2.622520 train_acc=0.3022 val_acc=0.2945
[cvx-run] method=sgd beta=5 lr=0.005 bias=0.5 batch_size=full(6000) n_train=6000
[cvx-sgd] epoch=10/200 train_loss=8.912045 val_loss=8.772366 train_obj=18.223191 val_obj=18.083512 train_acc=0.0997 val_acc=0.1100
[cvx-sgd] epoch=20/200 train_loss=5.553387 val_loss=5.408766 train_obj=11.228642 val_obj=11.084021 train_acc=0.1398 val_acc=0.1405
[cvx-sgd] epoch=30/200 train_loss=3.551300 val_loss=3.546955 train_obj=7.353811 val_obj=7.349466 train_acc=0.1000 val_acc=0.1080
[cvx-sgd] epoch=40/200 train_loss=2.733005 val_loss=2.704036 train_obj=5.612935 val_obj=5.583966 train_acc=0.0997 val_acc=0.1100
[cvx-sgd] epoch=50/200 train_loss=2.345617 val_loss=2.346515 train_obj=4.626466 val_obj=4.627364 train_acc=0.1000 val_acc=0.1080
[cvx-sgd] epoch=60/200 train_loss=2.204471 val_loss=2.203284 train_obj=4.244153 val_obj=4.242966 train_acc=0.2030 val_acc=0.2135
[cvx-sgd] epoch=70/200 train_loss=2.191158 val_loss=2.189460 train_obj=4.161539 val_obj=4.159841 train_acc=0.2012 val_acc=0.2080
[cvx-sgd] epoch=80/200 train_loss=2.182946 val_loss=2.185140 train_obj=4.099524 val_obj=4.101718 train_acc=0.2637 val_acc=0.2595
[cvx-sgd] epoch=90/200 train_loss=2.186327 val_loss=2.188139 train_obj=4.112927 val_obj=4.114739 train_acc=0.3078 val_acc=0.3000
[cvx-sgd] epoch=100/200 train_loss=2.198761 val_loss=2.201277 train_obj=3.510070 val_obj=3.512586 train_acc=0.3377 val_acc=0.3235
[cvx-sgd] epoch=110/200 train_loss=2.215513 val_loss=2.217837 train_obj=3.380997 val_obj=3.383321 train_acc=0.3173 val_acc=0.3065
[cvx-sgd] epoch=120/200 train_loss=2.221814 val_loss=2.224662 train_obj=3.298834 val_obj=3.301682 train_acc=0.3222 val_acc=0.3140
[cvx-sgd] epoch=130/200 train_loss=2.218070 val_loss=2.220480 train_obj=3.274503 val_obj=3.276914 train_acc=0.3037 val_acc=0.3005
[cvx-sgd] epoch=140/200 train_loss=2.217772 val_loss=2.220243 train_obj=3.266582 val_obj=3.269054 train_acc=0.2982 val_acc=0.3000
[cvx-sgd] epoch=150/200 train_loss=2.215232 val_loss=2.218030 train_obj=3.034549 val_obj=3.037348 train_acc=0.3180 val_acc=0.3130
[cvx-sgd] epoch=160/200 train_loss=2.231607 val_loss=2.234251 train_obj=2.898324 val_obj=2.900967 train_acc=0.3185 val_acc=0.3115
[cvx-sgd] epoch=170/200 train_loss=2.233337 val_loss=2.235441 train_obj=2.825085 val_obj=2.827189 train_acc=0.2735 val_acc=0.2865
[cvx-sgd] epoch=180/200 train_loss=2.232773 val_loss=2.235574 train_obj=2.813140 val_obj=2.815941 train_acc=0.3070 val_acc=0.2980
[cvx-sgd] epoch=190/200 train_loss=2.231441 val_loss=2.234417 train_obj=2.806542 val_obj=2.809518 train_acc=0.3098 val_acc=0.2975
[cvx-sgd] epoch=200/200 train_loss=2.230907 val_loss=2.233421 train_obj=2.805494 val_obj=2.808008 train_acc=0.2955 val_acc=0.3030
[cvx-run] method=sgd beta=5 lr=0.005 bias=1 batch_size=full(6000) n_train=6000
[cvx-sgd] epoch=10/200 train_loss=7.297803 val_loss=7.415401 train_obj=16.724877 val_obj=16.842474 train_acc=0.1000 val_acc=0.1080
[cvx-sgd] epoch=20/200 train_loss=3.941434 val_loss=3.908407 train_obj=9.360670 val_obj=9.327644 train_acc=0.1005 val_acc=0.1090
[cvx-sgd] epoch=30/200 train_loss=3.063079 val_loss=3.091961 train_obj=6.514396 val_obj=6.543278 train_acc=0.1530 val_acc=0.1510
[cvx-sgd] epoch=40/200 train_loss=2.467271 val_loss=2.501206 train_obj=5.145286 val_obj=5.179221 train_acc=0.1540 val_acc=0.1385
[cvx-sgd] epoch=50/200 train_loss=2.195373 val_loss=2.204504 train_obj=4.386375 val_obj=4.395506 train_acc=0.2797 val_acc=0.2595
[cvx-sgd] epoch=60/200 train_loss=2.190755 val_loss=2.192002 train_obj=4.229206 val_obj=4.230453 train_acc=0.3187 val_acc=0.3095
[cvx-sgd] epoch=70/200 train_loss=2.188268 val_loss=2.192525 train_obj=4.197112 val_obj=4.201369 train_acc=0.2733 val_acc=0.2590
[cvx-sgd] epoch=80/200 train_loss=2.179298 val_loss=2.184180 train_obj=4.148752 val_obj=4.153633 train_acc=0.2910 val_acc=0.2750
[cvx-sgd] epoch=90/200 train_loss=2.211456 val_loss=2.214236 train_obj=3.662619 val_obj=3.665399 train_acc=0.3080 val_acc=0.2915
[cvx-sgd] epoch=100/200 train_loss=2.213659 val_loss=2.215949 train_obj=3.369164 val_obj=3.371454 train_acc=0.3207 val_acc=0.3070
[cvx-sgd] epoch=110/200 train_loss=2.214234 val_loss=2.216392 train_obj=3.308696 val_obj=3.310854 train_acc=0.3162 val_acc=0.3105
[cvx-sgd] epoch=120/200 train_loss=2.213013 val_loss=2.215463 train_obj=3.296012 val_obj=3.298462 train_acc=0.3118 val_acc=0.3085
[cvx-sgd] epoch=130/200 train_loss=2.212465 val_loss=2.214888 train_obj=3.291061 val_obj=3.293484 train_acc=0.3345 val_acc=0.3305
[cvx-sgd] epoch=140/200 train_loss=2.217987 val_loss=2.220337 train_obj=2.961420 val_obj=2.963769 train_acc=0.3110 val_acc=0.3055
[cvx-sgd] epoch=150/200 train_loss=2.229408 val_loss=2.232195 train_obj=2.896029 val_obj=2.898816 train_acc=0.3060 val_acc=0.2975
[cvx-sgd] epoch=160/200 train_loss=2.232404 val_loss=2.235148 train_obj=2.844669 val_obj=2.847413 train_acc=0.3000 val_acc=0.2970
[cvx-sgd] epoch=170/200 train_loss=2.230463 val_loss=2.233368 train_obj=2.820379 val_obj=2.823285 train_acc=0.3018 val_acc=0.2920
[cvx-sgd] epoch=180/200 train_loss=2.229755 val_loss=2.232764 train_obj=2.819437 val_obj=2.822445 train_acc=0.3003 val_acc=0.2965
[cvx-sgd] epoch=190/200 train_loss=2.228542 val_loss=2.231352 train_obj=2.686293 val_obj=2.689102 train_acc=0.3062 val_acc=0.3020
[cvx-sgd] epoch=200/200 train_loss=2.238707 val_loss=2.241471 train_obj=2.614265 val_obj=2.617029 train_acc=0.2952 val_acc=0.2885
[cvx-run] method=sgd beta=5 lr=0.01 bias=-1 batch_size=full(6000) n_train=6000
[cvx-sgd] epoch=10/200 train_loss=20.574110 val_loss=20.592754 train_obj=43.363054 val_obj=43.381698 train_acc=0.0867 val_acc=0.0825
[cvx-sgd] epoch=20/200 train_loss=7.051121 val_loss=6.906299 train_obj=17.157897 val_obj=17.013075 train_acc=0.1000 val_acc=0.1080
[cvx-sgd] epoch=30/200 train_loss=4.304348 val_loss=4.299402 train_obj=10.978709 val_obj=10.973764 train_acc=0.1600 val_acc=0.1695
[cvx-sgd] epoch=40/200 train_loss=3.487846 val_loss=3.473111 train_obj=7.428604 val_obj=7.413869 train_acc=0.0993 val_acc=0.0950
[cvx-sgd] epoch=50/200 train_loss=2.504466 val_loss=2.515360 train_obj=5.401438 val_obj=5.412333 train_acc=0.1922 val_acc=0.1750
[cvx-sgd] epoch=60/200 train_loss=2.361013 val_loss=2.384127 train_obj=4.633089 val_obj=4.656203 train_acc=0.0993 val_acc=0.0950
[cvx-sgd] epoch=70/200 train_loss=2.183975 val_loss=2.190957 train_obj=4.139697 val_obj=4.146679 train_acc=0.2750 val_acc=0.2610
[cvx-sgd] epoch=80/200 train_loss=2.190030 val_loss=2.194299 train_obj=3.996315 val_obj=4.000584 train_acc=0.2827 val_acc=0.2730
[cvx-sgd] epoch=90/200 train_loss=2.195400 val_loss=2.200095 train_obj=4.015555 val_obj=4.020250 train_acc=0.2440 val_acc=0.2390
[cvx-sgd] epoch=100/200 train_loss=2.193630 val_loss=2.197018 train_obj=3.564664 val_obj=3.568052 train_acc=0.3388 val_acc=0.3175
[cvx-sgd] epoch=110/200 train_loss=2.219560 val_loss=2.221529 train_obj=3.351117 val_obj=3.353086 train_acc=0.3297 val_acc=0.3235
[cvx-sgd] epoch=120/200 train_loss=2.224684 val_loss=2.226662 train_obj=3.235962 val_obj=3.237939 train_acc=0.3188 val_acc=0.3135
[cvx-sgd] epoch=130/200 train_loss=2.224292 val_loss=2.226447 train_obj=3.217105 val_obj=3.219259 train_acc=0.3068 val_acc=0.3025
[cvx-sgd] epoch=140/200 train_loss=2.222894 val_loss=2.225088 train_obj=3.210818 val_obj=3.213012 train_acc=0.3317 val_acc=0.3310
[cvx-sgd] epoch=150/200 train_loss=2.219884 val_loss=2.222193 train_obj=3.211426 val_obj=3.213735 train_acc=0.3137 val_acc=0.3020
[cvx-sgd] epoch=160/200 train_loss=2.236962 val_loss=2.239299 train_obj=2.866332 val_obj=2.868669 train_acc=0.3058 val_acc=0.3030
[cvx-sgd] epoch=170/200 train_loss=2.238637 val_loss=2.241108 train_obj=2.810272 val_obj=2.812743 train_acc=0.3020 val_acc=0.2985
[cvx-sgd] epoch=180/200 train_loss=2.237125 val_loss=2.239571 train_obj=2.798105 val_obj=2.800551 train_acc=0.3088 val_acc=0.2960
[cvx-sgd] epoch=190/200 train_loss=2.236308 val_loss=2.239014 train_obj=2.778607 val_obj=2.781313 train_acc=0.2975 val_acc=0.2820
[cvx-sgd] epoch=200/200 train_loss=2.235395 val_loss=2.237994 train_obj=2.781021 val_obj=2.783620 train_acc=0.2788 val_acc=0.2840
[cvx-run] method=sgd beta=5 lr=0.01 bias=-0.5 batch_size=full(6000) n_train=6000
[cvx-sgd] epoch=10/200 train_loss=22.031284 val_loss=22.283472 train_obj=45.569349 val_obj=45.821537 train_acc=0.0997 val_acc=0.1100
[cvx-sgd] epoch=20/200 train_loss=8.369226 val_loss=8.030915 train_obj=21.836400 val_obj=21.498088 train_acc=0.2922 val_acc=0.3030
[cvx-sgd] epoch=30/200 train_loss=4.839656 val_loss=4.896986 train_obj=11.856022 val_obj=11.913351 train_acc=0.0977 val_acc=0.0935
[cvx-sgd] epoch=40/200 train_loss=2.837574 val_loss=2.824542 train_obj=7.220374 val_obj=7.207342 train_acc=0.2143 val_acc=0.2195
[cvx-sgd] epoch=50/200 train_loss=2.546844 val_loss=2.587778 train_obj=5.651116 val_obj=5.692050 train_acc=0.1477 val_acc=0.1345
[cvx-sgd] epoch=60/200 train_loss=2.243840 val_loss=2.233348 train_obj=4.565635 val_obj=4.555144 train_acc=0.1767 val_acc=0.1770
[cvx-sgd] epoch=70/200 train_loss=2.206651 val_loss=2.213639 train_obj=4.267112 val_obj=4.274100 train_acc=0.2728 val_acc=0.2685
[cvx-sgd] epoch=80/200 train_loss=2.189559 val_loss=2.194165 train_obj=4.104146 val_obj=4.108751 train_acc=0.3093 val_acc=0.2965
[cvx-sgd] epoch=90/200 train_loss=2.189106 val_loss=2.191252 train_obj=4.050535 val_obj=4.052681 train_acc=0.3150 val_acc=0.3190
[cvx-sgd] epoch=100/200 train_loss=2.187758 val_loss=2.190680 train_obj=4.084453 val_obj=4.087374 train_acc=0.3370 val_acc=0.3280
[cvx-sgd] epoch=110/200 train_loss=2.191590 val_loss=2.194252 train_obj=3.477029 val_obj=3.479691 train_acc=0.3653 val_acc=0.3685
[cvx-sgd] epoch=120/200 train_loss=2.215553 val_loss=2.217627 train_obj=3.382579 val_obj=3.384653 train_acc=0.3317 val_acc=0.3210
[cvx-sgd] epoch=130/200 train_loss=2.218756 val_loss=2.220927 train_obj=3.282140 val_obj=3.284311 train_acc=0.3473 val_acc=0.3320
[cvx-sgd] epoch=140/200 train_loss=2.218971 val_loss=2.221036 train_obj=3.255536 val_obj=3.257601 train_acc=0.3288 val_acc=0.3170
[cvx-sgd] epoch=150/200 train_loss=2.216444 val_loss=2.218847 train_obj=3.252252 val_obj=3.254655 train_acc=0.3438 val_acc=0.3355
[cvx-sgd] epoch=160/200 train_loss=2.214958 val_loss=2.217244 train_obj=3.249019 val_obj=3.251304 train_acc=0.3103 val_acc=0.3075
[cvx-sgd] epoch=170/200 train_loss=2.222261 val_loss=2.224593 train_obj=2.936387 val_obj=2.938719 train_acc=0.3215 val_acc=0.3210
[cvx-sgd] epoch=180/200 train_loss=2.231440 val_loss=2.234115 train_obj=2.871198 val_obj=2.873873 train_acc=0.3035 val_acc=0.2950
[cvx-sgd] epoch=190/200 train_loss=2.233903 val_loss=2.236712 train_obj=2.824147 val_obj=2.826956 train_acc=0.3193 val_acc=0.3085
[cvx-sgd] epoch=200/200 train_loss=2.234186 val_loss=2.237095 train_obj=2.805203 val_obj=2.808112 train_acc=0.2843 val_acc=0.2760
[cvx-run] method=sgd beta=5 lr=0.01 bias=0 batch_size=full(6000) n_train=6000
[cvx-sgd] epoch=10/200 train_loss=29.329214 val_loss=29.251305 train_obj=51.751857 val_obj=51.673947 train_acc=0.1125 val_acc=0.1050
[cvx-sgd] epoch=20/200 train_loss=10.324852 val_loss=10.615400 train_obj=25.003865 val_obj=25.294413 train_acc=0.1302 val_acc=0.1260
[cvx-sgd] epoch=30/200 train_loss=5.099105 val_loss=5.167557 train_obj=12.516811 val_obj=12.585263 train_acc=0.1028 val_acc=0.0885
[cvx-sgd] epoch=40/200 train_loss=2.834116 val_loss=2.866746 train_obj=7.426379 val_obj=7.459009 train_acc=0.1535 val_acc=0.1620
[cvx-sgd] epoch=50/200 train_loss=2.547382 val_loss=2.538469 train_obj=5.800307 val_obj=5.791395 train_acc=0.2022 val_acc=0.1980
[cvx-sgd] epoch=60/200 train_loss=2.283881 val_loss=2.297179 train_obj=4.641105 val_obj=4.654403 train_acc=0.2258 val_acc=0.2340
[cvx-sgd] epoch=70/200 train_loss=2.228790 val_loss=2.226864 train_obj=4.283808 val_obj=4.281881 train_acc=0.0995 val_acc=0.1050
[cvx-sgd] epoch=80/200 train_loss=2.187410 val_loss=2.188826 train_obj=4.054887 val_obj=4.056303 train_acc=0.3262 val_acc=0.3160
[cvx-sgd] epoch=90/200 train_loss=2.190388 val_loss=2.194754 train_obj=3.995724 val_obj=4.000089 train_acc=0.3100 val_acc=0.2915
[cvx-sgd] epoch=100/200 train_loss=2.187363 val_loss=2.190605 train_obj=4.028436 val_obj=4.031678 train_acc=0.3382 val_acc=0.3305
[cvx-sgd] epoch=110/200 train_loss=2.192974 val_loss=2.196039 train_obj=3.426491 val_obj=3.429556 train_acc=0.3427 val_acc=0.3255
[cvx-sgd] epoch=120/200 train_loss=2.216262 val_loss=2.218651 train_obj=3.346808 val_obj=3.349197 train_acc=0.3230 val_acc=0.3175
[cvx-sgd] epoch=130/200 train_loss=2.220899 val_loss=2.223593 train_obj=3.246824 val_obj=3.249518 train_acc=0.3098 val_acc=0.2975
[cvx-sgd] epoch=140/200 train_loss=2.219385 val_loss=2.221277 train_obj=3.215165 val_obj=3.217056 train_acc=0.3003 val_acc=0.3000
[cvx-sgd] epoch=150/200 train_loss=2.215721 val_loss=2.217615 train_obj=3.223316 val_obj=3.225209 train_acc=0.3047 val_acc=0.3065
[cvx-sgd] epoch=160/200 train_loss=2.215413 val_loss=2.218036 train_obj=3.218688 val_obj=3.221312 train_acc=0.3163 val_acc=0.3025
[cvx-sgd] epoch=170/200 train_loss=2.231141 val_loss=2.232949 train_obj=2.971910 val_obj=2.973719 train_acc=0.2935 val_acc=0.3060
[cvx-sgd] epoch=180/200 train_loss=2.234003 val_loss=2.236473 train_obj=2.835697 val_obj=2.838167 train_acc=0.2982 val_acc=0.2915
[cvx-sgd] epoch=190/200 train_loss=2.233404 val_loss=2.236153 train_obj=2.802678 val_obj=2.805428 train_acc=0.3037 val_acc=0.2945
[cvx-sgd] epoch=200/200 train_loss=2.232148 val_loss=2.234876 train_obj=2.790780 val_obj=2.793508 train_acc=0.2993 val_acc=0.2920
[cvx-run] method=sgd beta=5 lr=0.01 bias=0.5 batch_size=full(6000) n_train=6000
[cvx-sgd] epoch=10/200 train_loss=29.322817 val_loss=29.216623 train_obj=57.887903 val_obj=57.781710 train_acc=0.1125 val_acc=0.1050
[cvx-sgd] epoch=20/200 train_loss=8.666977 val_loss=8.584063 train_obj=24.030432 val_obj=23.947518 train_acc=0.2428 val_acc=0.2410
[cvx-sgd] epoch=30/200 train_loss=5.077619 val_loss=5.257030 train_obj=12.448990 val_obj=12.628402 train_acc=0.1648 val_acc=0.1490
[cvx-sgd] epoch=40/200 train_loss=3.095029 val_loss=3.122897 train_obj=7.576122 val_obj=7.603990 train_acc=0.1752 val_acc=0.1625
[cvx-sgd] epoch=50/200 train_loss=2.507982 val_loss=2.500152 train_obj=5.657919 val_obj=5.650089 train_acc=0.0993 val_acc=0.0950
[cvx-sgd] epoch=60/200 train_loss=2.212498 val_loss=2.222017 train_obj=4.457242 val_obj=4.466760 train_acc=0.2973 val_acc=0.2775
[cvx-sgd] epoch=70/200 train_loss=2.207298 val_loss=2.214721 train_obj=4.219784 val_obj=4.227208 train_acc=0.2930 val_acc=0.2755
[cvx-sgd] epoch=80/200 train_loss=2.193026 val_loss=2.197971 train_obj=4.093745 val_obj=4.098690 train_acc=0.2893 val_acc=0.2735
[cvx-sgd] epoch=90/200 train_loss=2.189653 val_loss=2.191884 train_obj=4.046485 val_obj=4.048717 train_acc=0.3217 val_acc=0.3095
[cvx-sgd] epoch=100/200 train_loss=2.185658 val_loss=2.188075 train_obj=4.081782 val_obj=4.084199 train_acc=0.3290 val_acc=0.3245
[cvx-sgd] epoch=110/200 train_loss=2.191217 val_loss=2.193587 train_obj=3.470803 val_obj=3.473173 train_acc=0.3322 val_acc=0.3270
[cvx-sgd] epoch=120/200 train_loss=2.214186 val_loss=2.217256 train_obj=3.391454 val_obj=3.394523 train_acc=0.3548 val_acc=0.3500
[cvx-sgd] epoch=130/200 train_loss=2.218213 val_loss=2.220982 train_obj=3.279430 val_obj=3.282199 train_acc=0.3248 val_acc=0.3060
[cvx-sgd] epoch=140/200 train_loss=2.219661 val_loss=2.222209 train_obj=3.249579 val_obj=3.252127 train_acc=0.3107 val_acc=0.2960
[cvx-sgd] epoch=150/200 train_loss=2.216142 val_loss=2.218749 train_obj=3.251513 val_obj=3.254120 train_acc=0.3440 val_acc=0.3440
[cvx-sgd] epoch=160/200 train_loss=2.223117 val_loss=2.225819 train_obj=2.931661 val_obj=2.934364 train_acc=0.3020 val_acc=0.3055
[cvx-sgd] epoch=170/200 train_loss=2.233107 val_loss=2.235823 train_obj=2.873063 val_obj=2.875778 train_acc=0.2943 val_acc=0.2825
[cvx-sgd] epoch=180/200 train_loss=2.235399 val_loss=2.237919 train_obj=2.824423 val_obj=2.826943 train_acc=0.3055 val_acc=0.3045
[cvx-sgd] epoch=190/200 train_loss=2.233968 val_loss=2.236543 train_obj=2.797986 val_obj=2.800561 train_acc=0.3172 val_acc=0.3120
[cvx-sgd] epoch=200/200 train_loss=2.232769 val_loss=2.235087 train_obj=2.801922 val_obj=2.804241 train_acc=0.2820 val_acc=0.2910
[cvx-run] method=sgd beta=5 lr=0.01 bias=1 batch_size=full(6000) n_train=6000
[cvx-sgd] epoch=10/200 train_loss=26.773046 val_loss=26.635239 train_obj=46.246143 val_obj=46.108335 train_acc=0.0993 val_acc=0.0950
[cvx-sgd] epoch=20/200 train_loss=8.788778 val_loss=8.673277 train_obj=19.298415 val_obj=19.182914 train_acc=0.1252 val_acc=0.1305
[cvx-sgd] epoch=30/200 train_loss=4.142490 val_loss=4.147661 train_obj=9.674181 val_obj=9.679351 train_acc=0.1792 val_acc=0.1850
[cvx-sgd] epoch=40/200 train_loss=2.504622 val_loss=2.493176 train_obj=6.165959 val_obj=6.154513 train_acc=0.1988 val_acc=0.2035
[cvx-sgd] epoch=50/200 train_loss=2.407346 val_loss=2.418264 train_obj=5.062954 val_obj=5.073872 train_acc=0.1600 val_acc=0.1550
[cvx-sgd] epoch=60/200 train_loss=2.235982 val_loss=2.232058 train_obj=4.354218 val_obj=4.350294 train_acc=0.1727 val_acc=0.1830
[cvx-sgd] epoch=70/200 train_loss=2.202479 val_loss=2.206864 train_obj=4.156390 val_obj=4.160775 train_acc=0.1788 val_acc=0.1735
[cvx-sgd] epoch=80/200 train_loss=2.187608 val_loss=2.192142 train_obj=4.066160 val_obj=4.070694 train_acc=0.2338 val_acc=0.2180
[cvx-sgd] epoch=90/200 train_loss=2.184876 val_loss=2.188232 train_obj=4.022747 val_obj=4.026103 train_acc=0.3135 val_acc=0.2955
[cvx-sgd] epoch=100/200 train_loss=2.181022 val_loss=2.185065 train_obj=4.084290 val_obj=4.088333 train_acc=0.3347 val_acc=0.3195
[cvx-sgd] epoch=110/200 train_loss=2.186880 val_loss=2.189384 train_obj=3.472248 val_obj=3.474752 train_acc=0.3098 val_acc=0.3110
[cvx-sgd] epoch=120/200 train_loss=2.211034 val_loss=2.214256 train_obj=3.384161 val_obj=3.387383 train_acc=0.3168 val_acc=0.3070
[cvx-sgd] epoch=130/200 train_loss=2.215905 val_loss=2.218826 train_obj=3.278781 val_obj=3.281702 train_acc=0.3073 val_acc=0.2960
[cvx-sgd] epoch=140/200 train_loss=2.215457 val_loss=2.217773 train_obj=3.244188 val_obj=3.246504 train_acc=0.3050 val_acc=0.3125
[cvx-sgd] epoch=150/200 train_loss=2.212602 val_loss=2.215479 train_obj=3.251027 val_obj=3.253904 train_acc=0.3065 val_acc=0.3055
[cvx-sgd] epoch=160/200 train_loss=2.222170 val_loss=2.224785 train_obj=2.925272 val_obj=2.927888 train_acc=0.3137 val_acc=0.3065
[cvx-sgd] epoch=170/200 train_loss=2.231011 val_loss=2.233739 train_obj=2.866962 val_obj=2.869690 train_acc=0.3260 val_acc=0.3110
[cvx-sgd] epoch=180/200 train_loss=2.231711 val_loss=2.234395 train_obj=2.823208 val_obj=2.825891 train_acc=0.3058 val_acc=0.3000
[cvx-sgd] epoch=190/200 train_loss=2.232458 val_loss=2.235126 train_obj=2.796441 val_obj=2.799109 train_acc=0.2992 val_acc=0.2925
[cvx-sgd] epoch=200/200 train_loss=2.229932 val_loss=2.232943 train_obj=2.801416 val_obj=2.804427 train_acc=0.3117 val_acc=0.2985
[cvx-run] method=sgd beta=5 lr=0.1 bias=-1 batch_size=full(6000) n_train=6000
[cvx-sgd] epoch=10/200 train_loss=324.562378 val_loss=316.642761 train_obj=605.109583 val_obj=597.189966 train_acc=0.1342 val_acc=0.1325
[cvx-sgd] epoch=20/200 train_loss=134.504135 val_loss=134.510498 train_obj=308.642538 val_obj=308.648901 train_acc=0.0977 val_acc=0.0935
[cvx-sgd] epoch=30/200 train_loss=29.314304 val_loss=28.984451 train_obj=105.199656 val_obj=104.869803 train_acc=0.2655 val_acc=0.2725
[cvx-sgd] epoch=40/200 train_loss=55.067707 val_loss=52.175720 train_obj=113.186625 val_obj=110.294638 train_acc=0.0920 val_acc=0.0995
[cvx-sgd] epoch=50/200 train_loss=74.079201 val_loss=73.102623 train_obj=123.608708 val_obj=122.632130 train_acc=0.0922 val_acc=0.0990
[cvx-sgd] epoch=60/200 train_loss=35.049038 val_loss=36.233868 train_obj=70.241094 val_obj=71.425924 train_acc=0.1663 val_acc=0.1775
[cvx-sgd] epoch=70/200 train_loss=30.551296 val_loss=29.746758 train_obj=57.625161 val_obj=56.820622 train_acc=0.1047 val_acc=0.1020
[cvx-sgd] epoch=80/200 train_loss=27.719364 val_loss=28.280293 train_obj=48.776786 val_obj=49.337714 train_acc=0.1047 val_acc=0.1020
[cvx-sgd] epoch=90/200 train_loss=10.787288 val_loss=10.775059 train_obj=24.291727 val_obj=24.279498 train_acc=0.2158 val_acc=0.2205
[cvx-sgd] epoch=100/200 train_loss=10.561669 val_loss=10.659545 train_obj=21.298186 val_obj=21.396061 train_acc=0.1253 val_acc=0.1175
[cvx-sgd] epoch=110/200 train_loss=7.485992 val_loss=7.583089 train_obj=16.403275 val_obj=16.500372 train_acc=0.1217 val_acc=0.1175
[cvx-sgd] epoch=120/200 train_loss=10.176458 val_loss=9.933869 train_obj=17.893804 val_obj=17.651215 train_acc=0.0997 val_acc=0.1100
[cvx-sgd] epoch=130/200 train_loss=4.008907 val_loss=3.859920 train_obj=9.279546 val_obj=9.130558 train_acc=0.1772 val_acc=0.1935
[cvx-sgd] epoch=140/200 train_loss=3.145443 val_loss=3.175200 train_obj=6.553758 val_obj=6.583514 train_acc=0.1628 val_acc=0.1705
[cvx-sgd] epoch=150/200 train_loss=2.443355 val_loss=2.454459 train_obj=5.157011 val_obj=5.168115 train_acc=0.1047 val_acc=0.1020
[cvx-sgd] epoch=160/200 train_loss=2.242885 val_loss=2.248743 train_obj=4.525402 val_obj=4.531260 train_acc=0.1803 val_acc=0.1650
[cvx-sgd] epoch=170/200 train_loss=2.166457 val_loss=2.167644 train_obj=4.289538 val_obj=4.290725 train_acc=0.2763 val_acc=0.2705
[cvx-sgd] epoch=180/200 train_loss=2.158113 val_loss=2.161108 train_obj=4.174782 val_obj=4.177778 train_acc=0.3090 val_acc=0.2960
[cvx-sgd] epoch=190/200 train_loss=2.158654 val_loss=2.161899 train_obj=4.165052 val_obj=4.168297 train_acc=0.3163 val_acc=0.3250
[cvx-sgd] epoch=200/200 train_loss=2.188830 val_loss=2.193245 train_obj=3.451658 val_obj=3.456073 train_acc=0.3120 val_acc=0.3065
[cvx-run] method=sgd beta=5 lr=0.1 bias=-0.5 batch_size=full(6000) n_train=6000
[cvx-sgd] epoch=10/200 train_loss=458.800323 val_loss=456.706940 train_obj=777.419732 val_obj=775.326349 train_acc=0.0997 val_acc=0.1100
[cvx-sgd] epoch=20/200 train_loss=99.120399 val_loss=102.264763 train_obj=297.908657 val_obj=301.053020 train_acc=0.1753 val_acc=0.1620
[cvx-sgd] epoch=30/200 train_loss=64.629097 val_loss=65.021713 train_obj=153.737351 val_obj=154.129967 train_acc=0.2135 val_acc=0.2245
[cvx-sgd] epoch=40/200 train_loss=36.319851 val_loss=36.538078 train_obj=102.058504 val_obj=102.276731 train_acc=0.1720 val_acc=0.1635
[cvx-sgd] epoch=50/200 train_loss=71.907867 val_loss=71.902107 train_obj=123.331291 val_obj=123.325531 train_acc=0.0993 val_acc=0.0950
[cvx-sgd] epoch=60/200 train_loss=32.749889 val_loss=32.951210 train_obj=66.004587 val_obj=66.205907 train_acc=0.1310 val_acc=0.1280
[cvx-sgd] epoch=70/200 train_loss=27.389727 val_loss=28.170462 train_obj=53.454322 val_obj=54.235057 train_acc=0.1047 val_acc=0.1020
[cvx-sgd] epoch=80/200 train_loss=19.536398 val_loss=19.951796 train_obj=42.043941 val_obj=42.459339 train_acc=0.1082 val_acc=0.1070
[cvx-sgd] epoch=90/200 train_loss=40.318684 val_loss=40.640053 train_obj=62.941274 val_obj=63.262643 train_acc=0.0922 val_acc=0.0990
[cvx-sgd] epoch=100/200 train_loss=14.513608 val_loss=14.716277 train_obj=28.252781 val_obj=28.455450 train_acc=0.1237 val_acc=0.1170
[cvx-sgd] epoch=110/200 train_loss=7.667994 val_loss=8.004413 train_obj=17.506690 val_obj=17.843110 train_acc=0.0993 val_acc=0.0950
[cvx-sgd] epoch=120/200 train_loss=5.207845 val_loss=5.187402 train_obj=13.341390 val_obj=13.320947 train_acc=0.1172 val_acc=0.1065
[cvx-sgd] epoch=130/200 train_loss=6.545480 val_loss=6.458667 train_obj=13.968148 val_obj=13.881335 train_acc=0.1012 val_acc=0.1105
[cvx-sgd] epoch=140/200 train_loss=4.161794 val_loss=4.151350 train_obj=8.790431 val_obj=8.779988 train_acc=0.0977 val_acc=0.0935
[cvx-sgd] epoch=150/200 train_loss=2.954489 val_loss=3.010138 train_obj=6.338937 val_obj=6.394586 train_acc=0.1585 val_acc=0.1515
[cvx-sgd] epoch=160/200 train_loss=2.660447 val_loss=2.641273 train_obj=5.404535 val_obj=5.385361 train_acc=0.1598 val_acc=0.1640
[cvx-sgd] epoch=170/200 train_loss=2.294260 val_loss=2.299570 train_obj=4.552138 val_obj=4.557448 train_acc=0.2307 val_acc=0.2350
[cvx-sgd] epoch=180/200 train_loss=2.204212 val_loss=2.213074 train_obj=4.282669 val_obj=4.291531 train_acc=0.2643 val_acc=0.2760
[cvx-sgd] epoch=190/200 train_loss=2.188482 val_loss=2.193190 train_obj=4.197408 val_obj=4.202116 train_acc=0.3345 val_acc=0.3205
[cvx-sgd] epoch=200/200 train_loss=2.188018 val_loss=2.190527 train_obj=4.163386 val_obj=4.165895 train_acc=0.3475 val_acc=0.3410
[cvx-run] method=sgd beta=5 lr=0.1 bias=0 batch_size=full(6000) n_train=6000
[cvx-sgd] epoch=10/200 train_loss=285.415344 val_loss=285.104401 train_obj=614.607332 val_obj=614.296389 train_acc=0.1047 val_acc=0.1020
[cvx-sgd] epoch=20/200 train_loss=106.634384 val_loss=104.696541 train_obj=304.242514 val_obj=302.304670 train_acc=0.2473 val_acc=0.2420
[cvx-sgd] epoch=30/200 train_loss=129.705811 val_loss=131.392349 train_obj=246.254577 val_obj=247.941116 train_acc=0.1125 val_acc=0.1050
[cvx-sgd] epoch=40/200 train_loss=99.207169 val_loss=100.881531 train_obj=199.229215 val_obj=200.903577 train_acc=0.1125 val_acc=0.1050
[cvx-sgd] epoch=50/200 train_loss=71.174232 val_loss=73.363762 train_obj=145.054491 val_obj=147.244020 train_acc=0.1515 val_acc=0.1360
[cvx-sgd] epoch=60/200 train_loss=59.514584 val_loss=59.914986 train_obj=117.600899 val_obj=118.001301 train_acc=0.1338 val_acc=0.1405
[cvx-sgd] epoch=70/200 train_loss=51.907307 val_loss=53.263283 train_obj=95.954187 val_obj=97.310164 train_acc=0.0867 val_acc=0.0825
[cvx-sgd] epoch=80/200 train_loss=31.185356 val_loss=30.972567 train_obj=64.921855 val_obj=64.709065 train_acc=0.1577 val_acc=0.1600
[cvx-sgd] epoch=90/200 train_loss=28.547514 val_loss=28.446487 train_obj=51.637392 val_obj=51.536365 train_acc=0.0993 val_acc=0.0950
[cvx-sgd] epoch=100/200 train_loss=13.653008 val_loss=13.841981 train_obj=31.045185 val_obj=31.234158 train_acc=0.0867 val_acc=0.0825
[cvx-sgd] epoch=110/200 train_loss=24.683937 val_loss=24.133142 train_obj=45.505492 val_obj=44.954697 train_acc=0.0977 val_acc=0.0935
[cvx-sgd] epoch=120/200 train_loss=19.476906 val_loss=19.965086 train_obj=38.530359 val_obj=39.018539 train_acc=0.1382 val_acc=0.1290
[cvx-sgd] epoch=130/200 train_loss=9.876470 val_loss=10.257505 train_obj=21.093334 val_obj=21.474370 train_acc=0.0993 val_acc=0.0950
[cvx-sgd] epoch=140/200 train_loss=9.825182 val_loss=10.159553 train_obj=18.798252 val_obj=19.132622 train_acc=0.1028 val_acc=0.0885
[cvx-sgd] epoch=150/200 train_loss=3.611714 val_loss=3.604662 train_obj=8.581926 val_obj=8.574874 train_acc=0.1615 val_acc=0.1630
[cvx-sgd] epoch=160/200 train_loss=2.864166 val_loss=2.833382 train_obj=6.404285 val_obj=6.373501 train_acc=0.0993 val_acc=0.0950
[cvx-sgd] epoch=170/200 train_loss=2.257942 val_loss=2.268100 train_obj=4.933978 val_obj=4.944137 train_acc=0.1837 val_acc=0.1775
[cvx-sgd] epoch=180/200 train_loss=2.176495 val_loss=2.179974 train_obj=4.444746 val_obj=4.448226 train_acc=0.2512 val_acc=0.2445
[cvx-sgd] epoch=190/200 train_loss=2.181262 val_loss=2.197409 train_obj=4.259010 val_obj=4.275158 train_acc=0.1892 val_acc=0.1765
[cvx-sgd] epoch=200/200 train_loss=2.172390 val_loss=2.182624 train_obj=4.199280 val_obj=4.209515 train_acc=0.1948 val_acc=0.1820
[cvx-run] method=sgd beta=5 lr=0.1 bias=0.5 batch_size=full(6000) n_train=6000
[cvx-sgd] epoch=10/200 train_loss=343.987610 val_loss=341.014648 train_obj=684.476755 val_obj=681.503794 train_acc=0.1045 val_acc=0.1165
[cvx-sgd] epoch=20/200 train_loss=116.763039 val_loss=115.212128 train_obj=318.853173 val_obj=317.302262 train_acc=0.1640 val_acc=0.1575
[cvx-sgd] epoch=30/200 train_loss=87.815102 val_loss=88.581238 train_obj=182.218013 val_obj=182.984149 train_acc=0.0867 val_acc=0.0825
[cvx-sgd] epoch=40/200 train_loss=48.253113 val_loss=48.939308 train_obj=108.560913 val_obj=109.247109 train_acc=0.1325 val_acc=0.1290
[cvx-sgd] epoch=50/200 train_loss=49.949974 val_loss=50.421429 train_obj=92.011968 val_obj=92.483423 train_acc=0.1428 val_acc=0.1330
[cvx-sgd] epoch=60/200 train_loss=38.332989 val_loss=37.802105 train_obj=69.828485 val_obj=69.297601 train_acc=0.1047 val_acc=0.1020
[cvx-sgd] epoch=70/200 train_loss=34.274704 val_loss=34.135712 train_obj=66.337058 val_obj=66.198066 train_acc=0.1658 val_acc=0.1695
[cvx-sgd] epoch=80/200 train_loss=19.762695 val_loss=20.013851 train_obj=39.235141 val_obj=39.486297 train_acc=0.1565 val_acc=0.1600
[cvx-sgd] epoch=90/200 train_loss=13.607907 val_loss=13.615298 train_obj=25.582730 val_obj=25.590121 train_acc=0.1047 val_acc=0.1020
[cvx-sgd] epoch=100/200 train_loss=11.314646 val_loss=11.709570 train_obj=21.955376 val_obj=22.350300 train_acc=0.1047 val_acc=0.1020
[cvx-sgd] epoch=110/200 train_loss=10.150494 val_loss=10.239737 train_obj=17.394680 val_obj=17.483923 train_acc=0.1000 val_acc=0.1080
[cvx-sgd] epoch=120/200 train_loss=3.161453 val_loss=3.109806 train_obj=7.922896 val_obj=7.871249 train_acc=0.1822 val_acc=0.1840
[cvx-sgd] epoch=130/200 train_loss=2.803466 val_loss=2.871865 train_obj=6.199353 val_obj=6.267752 train_acc=0.1857 val_acc=0.1680
[cvx-sgd] epoch=140/200 train_loss=2.300257 val_loss=2.282233 train_obj=4.924585 val_obj=4.906561 train_acc=0.1897 val_acc=0.1900
[cvx-sgd] epoch=150/200 train_loss=2.212885 val_loss=2.231641 train_obj=4.461183 val_obj=4.479939 train_acc=0.2450 val_acc=0.2230
[cvx-sgd] epoch=160/200 train_loss=2.164340 val_loss=2.172576 train_obj=4.202285 val_obj=4.210522 train_acc=0.2928 val_acc=0.2855
[cvx-sgd] epoch=170/200 train_loss=2.162144 val_loss=2.165712 train_obj=4.188824 val_obj=4.192392 train_acc=0.2910 val_acc=0.3005
[cvx-sgd] epoch=180/200 train_loss=2.165501 val_loss=2.169456 train_obj=4.183444 val_obj=4.187400 train_acc=0.3253 val_acc=0.3185
[cvx-sgd] epoch=190/200 train_loss=2.167224 val_loss=2.171090 train_obj=4.146448 val_obj=4.150313 train_acc=0.3173 val_acc=0.3205
[cvx-sgd] epoch=200/200 train_loss=2.195678 val_loss=2.198754 train_obj=3.680572 val_obj=3.683648 train_acc=0.3163 val_acc=0.3155
[cvx-run] method=sgd beta=5 lr=0.1 bias=1 batch_size=full(6000) n_train=6000
[cvx-sgd] epoch=10/200 train_loss=242.418747 val_loss=246.247787 train_obj=513.880288 val_obj=517.709329 train_acc=0.0993 val_acc=0.0950
[cvx-sgd] epoch=20/200 train_loss=86.975388 val_loss=92.333687 train_obj=236.341204 val_obj=241.699504 train_acc=0.2027 val_acc=0.2000
[cvx-sgd] epoch=30/200 train_loss=68.069626 val_loss=66.376122 train_obj=139.515109 val_obj=137.821605 train_acc=0.1000 val_acc=0.1080
[cvx-sgd] epoch=40/200 train_loss=81.626320 val_loss=82.106918 train_obj=140.553614 val_obj=141.034213 train_acc=0.0997 val_acc=0.1100
[cvx-sgd] epoch=50/200 train_loss=62.139118 val_loss=62.281250 train_obj=113.003985 val_obj=113.146117 train_acc=0.1000 val_acc=0.1080
[cvx-sgd] epoch=60/200 train_loss=26.001440 val_loss=25.608273 train_obj=57.468926 val_obj=57.075759 train_acc=0.1028 val_acc=0.0885
[cvx-sgd] epoch=70/200 train_loss=22.992859 val_loss=23.162226 train_obj=45.006682 val_obj=45.176049 train_acc=0.1047 val_acc=0.1020
[cvx-sgd] epoch=80/200 train_loss=15.458279 val_loss=15.743689 train_obj=32.016245 val_obj=32.301655 train_acc=0.1432 val_acc=0.1415
[cvx-sgd] epoch=90/200 train_loss=11.268031 val_loss=11.265570 train_obj=23.271313 val_obj=23.268851 train_acc=0.1047 val_acc=0.1020
[cvx-sgd] epoch=100/200 train_loss=11.319241 val_loss=11.575262 train_obj=23.133857 val_obj=23.389879 train_acc=0.1028 val_acc=0.0885
[cvx-sgd] epoch=110/200 train_loss=5.324355 val_loss=5.303996 train_obj=11.675142 val_obj=11.654783 train_acc=0.1028 val_acc=0.0885
[cvx-sgd] epoch=120/200 train_loss=3.332676 val_loss=3.371714 train_obj=7.514243 val_obj=7.553281 train_acc=0.0998 val_acc=0.0955
[cvx-sgd] epoch=130/200 train_loss=2.485664 val_loss=2.497500 train_obj=5.526616 val_obj=5.538452 train_acc=0.1483 val_acc=0.1530
[cvx-sgd] epoch=140/200 train_loss=2.259128 val_loss=2.286949 train_obj=4.736632 val_obj=4.764452 train_acc=0.2967 val_acc=0.2995
[cvx-sgd] epoch=150/200 train_loss=2.226329 val_loss=2.211346 train_obj=4.382129 val_obj=4.367145 train_acc=0.1722 val_acc=0.1810
[cvx-sgd] epoch=160/200 train_loss=2.164623 val_loss=2.159577 train_obj=4.229741 val_obj=4.224695 train_acc=0.2305 val_acc=0.2370
[cvx-sgd] epoch=170/200 train_loss=2.165267 val_loss=2.165260 train_obj=4.176963 val_obj=4.176956 train_acc=0.3313 val_acc=0.3390
[cvx-sgd] epoch=180/200 train_loss=2.168343 val_loss=2.170872 train_obj=4.151300 val_obj=4.153829 train_acc=0.3463 val_acc=0.3510
[cvx-sgd] epoch=190/200 train_loss=2.170021 val_loss=2.173564 train_obj=4.169536 val_obj=4.173079 train_acc=0.3598 val_acc=0.3375
[cvx-sgd] epoch=200/200 train_loss=2.176774 val_loss=2.180149 train_obj=3.535847 val_obj=3.539222 train_acc=0.3355 val_acc=0.3280
[cvx-run] method=sgd beta=10 lr=0.001 bias=-1 batch_size=full(6000) n_train=6000
[cvx-sgd] epoch=10/200 train_loss=2.211563 val_loss=2.211456 train_obj=9.790747 val_obj=9.790640 train_acc=0.3098 val_acc=0.3130
[cvx-sgd] epoch=20/200 train_loss=2.158914 val_loss=2.161679 train_obj=7.188829 val_obj=7.191593 train_acc=0.3372 val_acc=0.3180
[cvx-sgd] epoch=30/200 train_loss=2.287644 val_loss=2.287654 train_obj=5.009108 val_obj=5.009118 train_acc=0.1805 val_acc=0.1870
[cvx-sgd] epoch=40/200 train_loss=2.269315 val_loss=2.269557 train_obj=4.041192 val_obj=4.041434 train_acc=0.2522 val_acc=0.2715
[cvx-sgd] epoch=50/200 train_loss=2.280483 val_loss=2.281320 train_obj=3.612652 val_obj=3.613489 train_acc=0.2885 val_acc=0.2700
[cvx-sgd] epoch=60/200 train_loss=2.284069 val_loss=2.285098 train_obj=3.469005 val_obj=3.470034 train_acc=0.2657 val_acc=0.2420
[cvx-sgd] epoch=70/200 train_loss=2.285789 val_loss=2.286416 train_obj=3.395912 val_obj=3.396539 train_acc=0.2838 val_acc=0.2690
[cvx-sgd] epoch=80/200 train_loss=2.285558 val_loss=2.286190 train_obj=3.370498 val_obj=3.371130 train_acc=0.3055 val_acc=0.2935
[cvx-sgd] epoch=90/200 train_loss=2.285680 val_loss=2.286160 train_obj=3.362114 val_obj=3.362595 train_acc=0.3310 val_acc=0.3325
[cvx-sgd] epoch=100/200 train_loss=2.285721 val_loss=2.286170 train_obj=3.351327 val_obj=3.351776 train_acc=0.3023 val_acc=0.2855
[cvx-sgd] epoch=110/200 train_loss=2.292565 val_loss=2.293029 train_obj=3.039246 val_obj=3.039710 train_acc=0.2127 val_acc=0.2070
[cvx-sgd] epoch=120/200 train_loss=2.292977 val_loss=2.293562 train_obj=2.891521 val_obj=2.892106 train_acc=0.2227 val_acc=0.2030
[cvx-sgd] epoch=130/200 train_loss=2.293440 val_loss=2.293760 train_obj=2.851950 val_obj=2.852269 train_acc=0.2783 val_acc=0.2700
[cvx-sgd] epoch=140/200 train_loss=2.293617 val_loss=2.293950 train_obj=2.834017 val_obj=2.834349 train_acc=0.2370 val_acc=0.2270
[cvx-sgd] epoch=150/200 train_loss=2.293750 val_loss=2.294065 train_obj=2.825612 val_obj=2.825927 train_acc=0.2198 val_acc=0.2145
[cvx-sgd] epoch=160/200 train_loss=2.294010 val_loss=2.294326 train_obj=2.823100 val_obj=2.823416 train_acc=0.2995 val_acc=0.2840
[cvx-sgd] epoch=170/200 train_loss=2.295306 val_loss=2.295590 train_obj=2.650848 val_obj=2.651132 train_acc=0.2987 val_acc=0.2825
[cvx-sgd] epoch=180/200 train_loss=2.296971 val_loss=2.297189 train_obj=2.610326 val_obj=2.610544 train_acc=0.2658 val_acc=0.2550
[cvx-sgd] epoch=190/200 train_loss=2.297707 val_loss=2.297998 train_obj=2.584678 val_obj=2.584969 train_acc=0.2308 val_acc=0.2175
[cvx-sgd] epoch=200/200 train_loss=2.298213 val_loss=2.298395 train_obj=2.570105 val_obj=2.570286 train_acc=0.2332 val_acc=0.2315
[cvx-run] method=sgd beta=10 lr=0.001 bias=-0.5 batch_size=full(6000) n_train=6000
[cvx-sgd] epoch=10/200 train_loss=2.212943 val_loss=2.214406 train_obj=9.808236 val_obj=9.809699 train_acc=0.3195 val_acc=0.3175
[cvx-sgd] epoch=20/200 train_loss=2.159416 val_loss=2.161416 train_obj=7.148748 val_obj=7.150748 train_acc=0.3123 val_acc=0.3155
[cvx-sgd] epoch=30/200 train_loss=2.286673 val_loss=2.286613 train_obj=4.990340 val_obj=4.990280 train_acc=0.2070 val_acc=0.2005
[cvx-sgd] epoch=40/200 train_loss=2.270397 val_loss=2.271471 train_obj=4.034311 val_obj=4.035386 train_acc=0.3387 val_acc=0.3275
[cvx-sgd] epoch=50/200 train_loss=2.279178 val_loss=2.279445 train_obj=3.622266 val_obj=3.622532 train_acc=0.2755 val_acc=0.2800
[cvx-sgd] epoch=60/200 train_loss=2.283537 val_loss=2.284045 train_obj=3.475084 val_obj=3.475592 train_acc=0.3108 val_acc=0.2965
[cvx-sgd] epoch=70/200 train_loss=2.285149 val_loss=2.285705 train_obj=3.398199 val_obj=3.398755 train_acc=0.2322 val_acc=0.2335
[cvx-sgd] epoch=80/200 train_loss=2.285219 val_loss=2.286200 train_obj=3.367928 val_obj=3.368910 train_acc=0.2600 val_acc=0.2505
[cvx-sgd] epoch=90/200 train_loss=2.285469 val_loss=2.286261 train_obj=3.365184 val_obj=3.365977 train_acc=0.2740 val_acc=0.2550
[cvx-sgd] epoch=100/200 train_loss=2.285354 val_loss=2.285739 train_obj=3.353542 val_obj=3.353927 train_acc=0.2798 val_acc=0.2910
[cvx-sgd] epoch=110/200 train_loss=2.285606 val_loss=2.286207 train_obj=3.354712 val_obj=3.355312 train_acc=0.2843 val_acc=0.2705
[cvx-sgd] epoch=120/200 train_loss=2.285957 val_loss=2.286140 train_obj=3.346251 val_obj=3.346435 train_acc=0.2948 val_acc=0.3060
[cvx-sgd] epoch=130/200 train_loss=2.286649 val_loss=2.287096 train_obj=3.088159 val_obj=3.088605 train_acc=0.2482 val_acc=0.2550
[cvx-sgd] epoch=140/200 train_loss=2.291893 val_loss=2.292127 train_obj=2.941228 val_obj=2.941462 train_acc=0.2515 val_acc=0.2580
[cvx-sgd] epoch=150/200 train_loss=2.293491 val_loss=2.293843 train_obj=2.864163 val_obj=2.864515 train_acc=0.2562 val_acc=0.2410
[cvx-sgd] epoch=160/200 train_loss=2.293787 val_loss=2.294125 train_obj=2.841638 val_obj=2.841976 train_acc=0.1378 val_acc=0.1395
[cvx-sgd] epoch=170/200 train_loss=2.293623 val_loss=2.293740 train_obj=2.828758 val_obj=2.828875 train_acc=0.2353 val_acc=0.2345
[cvx-sgd] epoch=180/200 train_loss=2.293779 val_loss=2.293842 train_obj=2.827246 val_obj=2.827309 train_acc=0.2648 val_acc=0.2730
[cvx-sgd] epoch=190/200 train_loss=2.293937 val_loss=2.294235 train_obj=2.822440 val_obj=2.822737 train_acc=0.2758 val_acc=0.2650
[cvx-sgd] epoch=200/200 train_loss=2.294330 val_loss=2.294484 train_obj=2.816713 val_obj=2.816866 train_acc=0.2672 val_acc=0.2595
[cvx-run] method=sgd beta=10 lr=0.001 bias=0 batch_size=full(6000) n_train=6000
[cvx-sgd] epoch=10/200 train_loss=2.210690 val_loss=2.212389 train_obj=9.827993 val_obj=9.829692 train_acc=0.3243 val_acc=0.3245
[cvx-sgd] epoch=20/200 train_loss=2.159457 val_loss=2.161016 train_obj=7.171828 val_obj=7.173388 train_acc=0.3520 val_acc=0.3510
[cvx-sgd] epoch=30/200 train_loss=2.286466 val_loss=2.286033 train_obj=5.013457 val_obj=5.013025 train_acc=0.1908 val_acc=0.1920
[cvx-sgd] epoch=40/200 train_loss=2.271108 val_loss=2.271422 train_obj=4.048195 val_obj=4.048509 train_acc=0.3258 val_acc=0.3275
[cvx-sgd] epoch=50/200 train_loss=2.279560 val_loss=2.280532 train_obj=3.620526 val_obj=3.621498 train_acc=0.2645 val_acc=0.2765
[cvx-sgd] epoch=60/200 train_loss=2.283746 val_loss=2.284122 train_obj=3.472410 val_obj=3.472786 train_acc=0.2592 val_acc=0.2620
[cvx-sgd] epoch=70/200 train_loss=2.285079 val_loss=2.285712 train_obj=3.404250 val_obj=3.404883 train_acc=0.2668 val_acc=0.2665
[cvx-sgd] epoch=80/200 train_loss=2.286227 val_loss=2.286612 train_obj=3.367775 val_obj=3.368160 train_acc=0.2555 val_acc=0.2530
[cvx-sgd] epoch=90/200 train_loss=2.285367 val_loss=2.286045 train_obj=3.360054 val_obj=3.360732 train_acc=0.2635 val_acc=0.2570
[cvx-sgd] epoch=100/200 train_loss=2.285546 val_loss=2.285758 train_obj=3.351650 val_obj=3.351862 train_acc=0.2623 val_acc=0.2695
[cvx-sgd] epoch=110/200 train_loss=2.285601 val_loss=2.286185 train_obj=3.348526 val_obj=3.349110 train_acc=0.2168 val_acc=0.2240
[cvx-sgd] epoch=120/200 train_loss=2.290683 val_loss=2.290903 train_obj=3.049212 val_obj=3.049431 train_acc=0.2843 val_acc=0.2785
[cvx-sgd] epoch=130/200 train_loss=2.291866 val_loss=2.292314 train_obj=2.907024 val_obj=2.907472 train_acc=0.2698 val_acc=0.2570
[cvx-sgd] epoch=140/200 train_loss=2.293751 val_loss=2.293971 train_obj=2.861428 val_obj=2.861648 train_acc=0.2737 val_acc=0.2790
[cvx-sgd] epoch=150/200 train_loss=2.293456 val_loss=2.293708 train_obj=2.842492 val_obj=2.842744 train_acc=0.2777 val_acc=0.2555
[cvx-sgd] epoch=160/200 train_loss=2.293426 val_loss=2.293933 train_obj=2.832686 val_obj=2.833193 train_acc=0.2140 val_acc=0.2080
[cvx-sgd] epoch=170/200 train_loss=2.294133 val_loss=2.294405 train_obj=2.826836 val_obj=2.827107 train_acc=0.2348 val_acc=0.2345
[cvx-sgd] epoch=180/200 train_loss=2.293923 val_loss=2.294315 train_obj=2.822152 val_obj=2.822544 train_acc=0.2202 val_acc=0.2140
[cvx-sgd] epoch=190/200 train_loss=2.294411 val_loss=2.294844 train_obj=2.821367 val_obj=2.821799 train_acc=0.2837 val_acc=0.2695
[cvx-sgd] epoch=200/200 train_loss=2.296772 val_loss=2.296857 train_obj=2.672497 val_obj=2.672582 train_acc=0.2733 val_acc=0.2705
[cvx-run] method=sgd beta=10 lr=0.001 bias=0.5 batch_size=full(6000) n_train=6000
[cvx-sgd] epoch=10/200 train_loss=2.213108 val_loss=2.212730 train_obj=9.760448 val_obj=9.760069 train_acc=0.3285 val_acc=0.3505
[cvx-sgd] epoch=20/200 train_loss=2.155481 val_loss=2.158584 train_obj=7.153416 val_obj=7.156520 train_acc=0.3757 val_acc=0.3765
[cvx-sgd] epoch=30/200 train_loss=2.287838 val_loss=2.287513 train_obj=4.997705 val_obj=4.997380 train_acc=0.1807 val_acc=0.1820
[cvx-sgd] epoch=40/200 train_loss=2.269680 val_loss=2.269961 train_obj=4.054191 val_obj=4.054472 train_acc=0.3005 val_acc=0.3125
[cvx-sgd] epoch=50/200 train_loss=2.279372 val_loss=2.280019 train_obj=3.612197 val_obj=3.612844 train_acc=0.2732 val_acc=0.2665
[cvx-sgd] epoch=60/200 train_loss=2.283556 val_loss=2.284082 train_obj=3.474647 val_obj=3.475173 train_acc=0.3083 val_acc=0.2980
[cvx-sgd] epoch=70/200 train_loss=2.285115 val_loss=2.285791 train_obj=3.402190 val_obj=3.402866 train_acc=0.2748 val_acc=0.2630
[cvx-sgd] epoch=80/200 train_loss=2.285340 val_loss=2.285958 train_obj=3.367988 val_obj=3.368606 train_acc=0.2598 val_acc=0.2600
[cvx-sgd] epoch=90/200 train_loss=2.285434 val_loss=2.285536 train_obj=3.368416 val_obj=3.368518 train_acc=0.2810 val_acc=0.2895
[cvx-sgd] epoch=100/200 train_loss=2.286070 val_loss=2.286709 train_obj=3.353737 val_obj=3.354376 train_acc=0.2783 val_acc=0.2680
[cvx-sgd] epoch=110/200 train_loss=2.285578 val_loss=2.286355 train_obj=3.343944 val_obj=3.344722 train_acc=0.2857 val_acc=0.2705
[cvx-sgd] epoch=120/200 train_loss=2.285734 val_loss=2.286128 train_obj=3.347116 val_obj=3.347510 train_acc=0.2530 val_acc=0.2560
[cvx-sgd] epoch=130/200 train_loss=2.286466 val_loss=2.286981 train_obj=3.081400 val_obj=3.081914 train_acc=0.2703 val_acc=0.2620
[cvx-sgd] epoch=140/200 train_loss=2.291508 val_loss=2.291697 train_obj=2.935931 val_obj=2.936120 train_acc=0.2675 val_acc=0.2695
[cvx-sgd] epoch=150/200 train_loss=2.292852 val_loss=2.292942 train_obj=2.864077 val_obj=2.864166 train_acc=0.2605 val_acc=0.2600
[cvx-sgd] epoch=160/200 train_loss=2.293812 val_loss=2.294086 train_obj=2.840188 val_obj=2.840462 train_acc=0.1863 val_acc=0.1855
[cvx-sgd] epoch=170/200 train_loss=2.293735 val_loss=2.294240 train_obj=2.829904 val_obj=2.830408 train_acc=0.2363 val_acc=0.2195
[cvx-sgd] epoch=180/200 train_loss=2.293992 val_loss=2.294251 train_obj=2.824140 val_obj=2.824399 train_acc=0.2462 val_acc=0.2370
[cvx-sgd] epoch=190/200 train_loss=2.293839 val_loss=2.294209 train_obj=2.826554 val_obj=2.826924 train_acc=0.2943 val_acc=0.2720
[cvx-sgd] epoch=200/200 train_loss=2.296577 val_loss=2.296727 train_obj=2.673348 val_obj=2.673498 train_acc=0.2650 val_acc=0.2645
[cvx-run] method=sgd beta=10 lr=0.001 bias=1 batch_size=full(6000) n_train=6000
[cvx-sgd] epoch=10/200 train_loss=2.212679 val_loss=2.215281 train_obj=9.822620 val_obj=9.825222 train_acc=0.2665 val_acc=0.2680
[cvx-sgd] epoch=20/200 train_loss=2.158384 val_loss=2.160806 train_obj=7.188163 val_obj=7.190585 train_acc=0.3320 val_acc=0.3255
[cvx-sgd] epoch=30/200 train_loss=2.288581 val_loss=2.289020 train_obj=5.036665 val_obj=5.037105 train_acc=0.1775 val_acc=0.1755
[cvx-sgd] epoch=40/200 train_loss=2.270548 val_loss=2.271538 train_obj=4.056238 val_obj=4.057228 train_acc=0.3045 val_acc=0.2840
[cvx-sgd] epoch=50/200 train_loss=2.279963 val_loss=2.280365 train_obj=3.612868 val_obj=3.613270 train_acc=0.2655 val_acc=0.2775
[cvx-sgd] epoch=60/200 train_loss=2.283784 val_loss=2.283939 train_obj=3.468037 val_obj=3.468192 train_acc=0.2832 val_acc=0.2800
[cvx-sgd] epoch=70/200 train_loss=2.285557 val_loss=2.286149 train_obj=3.396207 val_obj=3.396799 train_acc=0.2773 val_acc=0.2665
[cvx-sgd] epoch=80/200 train_loss=2.284846 val_loss=2.284934 train_obj=3.363375 val_obj=3.363463 train_acc=0.2188 val_acc=0.2310
[cvx-sgd] epoch=90/200 train_loss=2.286035 val_loss=2.286248 train_obj=3.356972 val_obj=3.357185 train_acc=0.2897 val_acc=0.2740
[cvx-sgd] epoch=100/200 train_loss=2.286182 val_loss=2.286418 train_obj=3.353978 val_obj=3.354214 train_acc=0.2662 val_acc=0.2720
[cvx-sgd] epoch=110/200 train_loss=2.292813 val_loss=2.293104 train_obj=3.036555 val_obj=3.036846 train_acc=0.2168 val_acc=0.2265
[cvx-sgd] epoch=120/200 train_loss=2.292707 val_loss=2.293035 train_obj=2.889587 val_obj=2.889914 train_acc=0.2188 val_acc=0.2250
[cvx-sgd] epoch=130/200 train_loss=2.293757 val_loss=2.294204 train_obj=2.853731 val_obj=2.854178 train_acc=0.2487 val_acc=0.2325
[cvx-sgd] epoch=140/200 train_loss=2.293745 val_loss=2.293965 train_obj=2.831609 val_obj=2.831829 train_acc=0.2288 val_acc=0.2275
[cvx-sgd] epoch=150/200 train_loss=2.293843 val_loss=2.294159 train_obj=2.824512 val_obj=2.824828 train_acc=0.2280 val_acc=0.2160
[cvx-sgd] epoch=160/200 train_loss=2.293570 val_loss=2.293587 train_obj=2.821674 val_obj=2.821691 train_acc=0.2578 val_acc=0.2595
[cvx-sgd] epoch=170/200 train_loss=2.293806 val_loss=2.293926 train_obj=2.822881 val_obj=2.823002 train_acc=0.2560 val_acc=0.2690
[cvx-sgd] epoch=180/200 train_loss=2.294153 val_loss=2.294238 train_obj=2.821116 val_obj=2.821201 train_acc=0.2763 val_acc=0.2775
[cvx-sgd] epoch=190/200 train_loss=2.294222 val_loss=2.294553 train_obj=2.819490 val_obj=2.819820 train_acc=0.2720 val_acc=0.2550
[cvx-sgd] epoch=200/200 train_loss=2.294217 val_loss=2.294413 train_obj=2.687693 val_obj=2.687888 train_acc=0.2643 val_acc=0.2685
[cvx-run] method=sgd beta=10 lr=0.005 bias=-1 batch_size=full(6000) n_train=6000
[cvx-sgd] epoch=10/200 train_loss=2.504984 val_loss=2.499601 train_obj=16.087537 val_obj=16.082154 train_acc=0.1045 val_acc=0.1165
[cvx-sgd] epoch=20/200 train_loss=2.433318 val_loss=2.454727 train_obj=11.213703 val_obj=11.235112 train_acc=0.0867 val_acc=0.0825
[cvx-sgd] epoch=30/200 train_loss=2.286586 val_loss=2.294583 train_obj=8.673419 val_obj=8.681416 train_acc=0.2632 val_acc=0.2445
[cvx-sgd] epoch=40/200 train_loss=2.239540 val_loss=2.243096 train_obj=7.924000 val_obj=7.927556 train_acc=0.2508 val_acc=0.2445
[cvx-sgd] epoch=50/200 train_loss=2.231553 val_loss=2.232846 train_obj=7.435441 val_obj=7.436734 train_acc=0.3420 val_acc=0.3270
[cvx-sgd] epoch=60/200 train_loss=2.230294 val_loss=2.232257 train_obj=7.375728 val_obj=7.377691 train_acc=0.3433 val_acc=0.3250
[cvx-sgd] epoch=70/200 train_loss=2.229854 val_loss=2.231573 train_obj=7.410440 val_obj=7.412160 train_acc=0.2983 val_acc=0.2895
[cvx-sgd] epoch=80/200 train_loss=2.257899 val_loss=2.259924 train_obj=5.812773 val_obj=5.814799 train_acc=0.2657 val_acc=0.2555
[cvx-sgd] epoch=90/200 train_loss=2.260570 val_loss=2.260782 train_obj=5.125985 val_obj=5.126198 train_acc=0.3072 val_acc=0.3030
[cvx-sgd] epoch=100/200 train_loss=2.266348 val_loss=2.267482 train_obj=4.943992 val_obj=4.945126 train_acc=0.2940 val_acc=0.2900
[cvx-sgd] epoch=110/200 train_loss=2.266114 val_loss=2.267496 train_obj=4.840830 val_obj=4.842212 train_acc=0.2708 val_acc=0.2710
[cvx-sgd] epoch=120/200 train_loss=2.264822 val_loss=2.266302 train_obj=4.856391 val_obj=4.857871 train_acc=0.2807 val_acc=0.2755
[cvx-sgd] epoch=130/200 train_loss=2.277655 val_loss=2.278532 train_obj=3.981448 val_obj=3.982325 train_acc=0.2397 val_acc=0.2465
[cvx-sgd] epoch=140/200 train_loss=2.280091 val_loss=2.280376 train_obj=3.726328 val_obj=3.726613 train_acc=0.2493 val_acc=0.2510
[cvx-sgd] epoch=150/200 train_loss=2.280776 val_loss=2.281564 train_obj=3.628575 val_obj=3.629362 train_acc=0.2963 val_acc=0.2800
[cvx-sgd] epoch=160/200 train_loss=2.281607 val_loss=2.282352 train_obj=3.600516 val_obj=3.601262 train_acc=0.2742 val_acc=0.2585
[cvx-sgd] epoch=170/200 train_loss=2.282556 val_loss=2.283209 train_obj=3.584876 val_obj=3.585529 train_acc=0.2363 val_acc=0.2260
[cvx-sgd] epoch=180/200 train_loss=2.281625 val_loss=2.281827 train_obj=3.577684 val_obj=3.577886 train_acc=0.2613 val_acc=0.2735
[cvx-sgd] epoch=190/200 train_loss=2.281445 val_loss=2.282314 train_obj=3.572855 val_obj=3.573724 train_acc=0.2933 val_acc=0.2610
[cvx-sgd] epoch=200/200 train_loss=2.282097 val_loss=2.282246 train_obj=3.571399 val_obj=3.571548 train_acc=0.3172 val_acc=0.3095
[cvx-run] method=sgd beta=10 lr=0.005 bias=-0.5 batch_size=full(6000) n_train=6000
[cvx-sgd] epoch=10/200 train_loss=3.986294 val_loss=4.011080 train_obj=18.157196 val_obj=18.181983 train_acc=0.0867 val_acc=0.0825
[cvx-sgd] epoch=20/200 train_loss=2.801090 val_loss=2.808082 train_obj=11.842869 val_obj=11.849861 train_acc=0.1710 val_acc=0.1550
[cvx-sgd] epoch=30/200 train_loss=2.482830 val_loss=2.484466 train_obj=8.893465 val_obj=8.895100 train_acc=0.0993 val_acc=0.0950
[cvx-sgd] epoch=40/200 train_loss=2.244716 val_loss=2.239351 train_obj=7.744954 val_obj=7.739589 train_acc=0.2355 val_acc=0.2570
[cvx-sgd] epoch=50/200 train_loss=2.237127 val_loss=2.235861 train_obj=7.277963 val_obj=7.276698 train_acc=0.2557 val_acc=0.2635
[cvx-sgd] epoch=60/200 train_loss=2.237709 val_loss=2.236942 train_obj=7.210326 val_obj=7.209559 train_acc=0.2960 val_acc=0.2890
[cvx-sgd] epoch=70/200 train_loss=2.234958 val_loss=2.236059 train_obj=7.222571 val_obj=7.223672 train_acc=0.2772 val_acc=0.2795
[cvx-sgd] epoch=80/200 train_loss=2.236049 val_loss=2.236365 train_obj=7.140762 val_obj=7.141078 train_acc=0.2815 val_acc=0.2895
[cvx-sgd] epoch=90/200 train_loss=2.262387 val_loss=2.263487 train_obj=5.843651 val_obj=5.844752 train_acc=0.2923 val_acc=0.2740
[cvx-sgd] epoch=100/200 train_loss=2.258680 val_loss=2.259631 train_obj=5.091492 val_obj=5.092443 train_acc=0.3055 val_acc=0.3040
[cvx-sgd] epoch=110/200 train_loss=2.265935 val_loss=2.266993 train_obj=4.896602 val_obj=4.897660 train_acc=0.2598 val_acc=0.2455
[cvx-sgd] epoch=120/200 train_loss=2.265536 val_loss=2.266308 train_obj=4.836644 val_obj=4.837416 train_acc=0.3107 val_acc=0.3090
[cvx-sgd] epoch=130/200 train_loss=2.265156 val_loss=2.265828 train_obj=4.807563 val_obj=4.808235 train_acc=0.3028 val_acc=0.2925
[cvx-sgd] epoch=140/200 train_loss=2.265627 val_loss=2.266283 train_obj=4.814223 val_obj=4.814879 train_acc=0.2875 val_acc=0.2915
[cvx-sgd] epoch=150/200 train_loss=2.279234 val_loss=2.279623 train_obj=4.116582 val_obj=4.116971 train_acc=0.3098 val_acc=0.3125
[cvx-sgd] epoch=160/200 train_loss=2.278080 val_loss=2.278693 train_obj=3.721621 val_obj=3.722234 train_acc=0.2598 val_acc=0.2675
[cvx-sgd] epoch=170/200 train_loss=2.281989 val_loss=2.282282 train_obj=3.621068 val_obj=3.621362 train_acc=0.3088 val_acc=0.3025
[cvx-sgd] epoch=180/200 train_loss=2.281716 val_loss=2.282042 train_obj=3.589440 val_obj=3.589766 train_acc=0.2967 val_acc=0.2990
[cvx-sgd] epoch=190/200 train_loss=2.281505 val_loss=2.282106 train_obj=3.568109 val_obj=3.568710 train_acc=0.2622 val_acc=0.2640
[cvx-sgd] epoch=200/200 train_loss=2.282726 val_loss=2.282847 train_obj=3.566239 val_obj=3.566360 train_acc=0.2765 val_acc=0.2725
[cvx-run] method=sgd beta=10 lr=0.005 bias=0 batch_size=full(6000) n_train=6000
[cvx-sgd] epoch=10/200 train_loss=2.862976 val_loss=2.856861 train_obj=16.313810 val_obj=16.307695 train_acc=0.0892 val_acc=0.0830
[cvx-sgd] epoch=20/200 train_loss=2.244939 val_loss=2.248938 train_obj=11.042629 val_obj=11.046628 train_acc=0.1627 val_acc=0.1570
[cvx-sgd] epoch=30/200 train_loss=2.252246 val_loss=2.254231 train_obj=8.654547 val_obj=8.656532 train_acc=0.1315 val_acc=0.1185
[cvx-sgd] epoch=40/200 train_loss=2.236966 val_loss=2.237436 train_obj=7.986937 val_obj=7.987406 train_acc=0.1700 val_acc=0.1680
[cvx-sgd] epoch=50/200 train_loss=2.232947 val_loss=2.235603 train_obj=7.517316 val_obj=7.519972 train_acc=0.2772 val_acc=0.2590
[cvx-sgd] epoch=60/200 train_loss=2.235374 val_loss=2.235996 train_obj=7.472197 val_obj=7.472818 train_acc=0.2783 val_acc=0.2835
[cvx-sgd] epoch=70/200 train_loss=2.229277 val_loss=2.229629 train_obj=7.498982 val_obj=7.499334 train_acc=0.3275 val_acc=0.3230
[cvx-sgd] epoch=80/200 train_loss=2.234308 val_loss=2.235257 train_obj=7.368094 val_obj=7.369043 train_acc=0.2985 val_acc=0.3125
[cvx-sgd] epoch=90/200 train_loss=2.233123 val_loss=2.236577 train_obj=7.379194 val_obj=7.382648 train_acc=0.3075 val_acc=0.2975
[cvx-sgd] epoch=100/200 train_loss=2.243682 val_loss=2.246076 train_obj=5.661558 val_obj=5.663952 train_acc=0.2803 val_acc=0.2665
[cvx-sgd] epoch=110/200 train_loss=2.255592 val_loss=2.255867 train_obj=5.309918 val_obj=5.310193 train_acc=0.3102 val_acc=0.3030
[cvx-sgd] epoch=120/200 train_loss=2.261953 val_loss=2.263163 train_obj=5.067372 val_obj=5.068581 train_acc=0.2988 val_acc=0.2860
[cvx-sgd] epoch=130/200 train_loss=2.264056 val_loss=2.264471 train_obj=4.937945 val_obj=4.938360 train_acc=0.2927 val_acc=0.2795
[cvx-sgd] epoch=140/200 train_loss=2.263906 val_loss=2.265034 train_obj=4.902074 val_obj=4.903203 train_acc=0.3070 val_acc=0.2945
[cvx-sgd] epoch=150/200 train_loss=2.264229 val_loss=2.265739 train_obj=4.880287 val_obj=4.881798 train_acc=0.2833 val_acc=0.2815
[cvx-sgd] epoch=160/200 train_loss=2.265059 val_loss=2.266619 train_obj=4.875896 val_obj=4.877455 train_acc=0.2920 val_acc=0.2715
[cvx-sgd] epoch=170/200 train_loss=2.263091 val_loss=2.263725 train_obj=4.837327 val_obj=4.837961 train_acc=0.2940 val_acc=0.2965
[cvx-sgd] epoch=180/200 train_loss=2.263720 val_loss=2.265144 train_obj=4.860064 val_obj=4.861488 train_acc=0.2308 val_acc=0.2295
[cvx-sgd] epoch=190/200 train_loss=2.278616 val_loss=2.279070 train_obj=3.993276 val_obj=3.993730 train_acc=0.3102 val_acc=0.3010
[cvx-sgd] epoch=200/200 train_loss=2.280844 val_loss=2.281800 train_obj=3.736725 val_obj=3.737681 train_acc=0.2935 val_acc=0.2820
[cvx-run] method=sgd beta=10 lr=0.005 bias=0.5 batch_size=full(6000) n_train=6000
[cvx-sgd] epoch=10/200 train_loss=2.763185 val_loss=2.739006 train_obj=16.208007 val_obj=16.183828 train_acc=0.1000 val_acc=0.1080
[cvx-sgd] epoch=20/200 train_loss=2.318549 val_loss=2.319379 train_obj=11.125733 val_obj=11.126563 train_acc=0.1045 val_acc=0.1165
[cvx-sgd] epoch=30/200 train_loss=2.282331 val_loss=2.286633 train_obj=8.782936 val_obj=8.787238 train_acc=0.1587 val_acc=0.1700
[cvx-sgd] epoch=40/200 train_loss=2.229691 val_loss=2.233550 train_obj=8.012536 val_obj=8.016395 train_acc=0.2683 val_acc=0.2610
[cvx-sgd] epoch=50/200 train_loss=2.228777 val_loss=2.230109 train_obj=7.549237 val_obj=7.550569 train_acc=0.2728 val_acc=0.2660
[cvx-sgd] epoch=60/200 train_loss=2.233927 val_loss=2.235768 train_obj=7.486291 val_obj=7.488132 train_acc=0.3097 val_acc=0.2920
[cvx-sgd] epoch=70/200 train_loss=2.231061 val_loss=2.232582 train_obj=7.526480 val_obj=7.528002 train_acc=0.3287 val_acc=0.3155
[cvx-sgd] epoch=80/200 train_loss=2.229761 val_loss=2.229311 train_obj=7.395898 val_obj=7.395448 train_acc=0.2943 val_acc=0.2995
[cvx-sgd] epoch=90/200 train_loss=2.259229 val_loss=2.260133 train_obj=6.045116 val_obj=6.046019 train_acc=0.2562 val_acc=0.2530
[cvx-sgd] epoch=100/200 train_loss=2.256594 val_loss=2.257592 train_obj=5.191585 val_obj=5.192583 train_acc=0.2395 val_acc=0.2465
[cvx-sgd] epoch=110/200 train_loss=2.262472 val_loss=2.263144 train_obj=5.003262 val_obj=5.003934 train_acc=0.2963 val_acc=0.2925
[cvx-sgd] epoch=120/200 train_loss=2.262932 val_loss=2.263684 train_obj=4.945593 val_obj=4.946345 train_acc=0.2678 val_acc=0.2640
[cvx-sgd] epoch=130/200 train_loss=2.262971 val_loss=2.263558 train_obj=4.896416 val_obj=4.897003 train_acc=0.2725 val_acc=0.2830
[cvx-sgd] epoch=140/200 train_loss=2.270631 val_loss=2.271742 train_obj=4.017334 val_obj=4.018445 train_acc=0.2950 val_acc=0.2860
[cvx-sgd] epoch=150/200 train_loss=2.277374 val_loss=2.277620 train_obj=3.831912 val_obj=3.832157 train_acc=0.2448 val_acc=0.2510
[cvx-sgd] epoch=160/200 train_loss=2.279738 val_loss=2.280613 train_obj=3.693552 val_obj=3.694427 train_acc=0.3103 val_acc=0.3055
[cvx-sgd] epoch=170/200 train_loss=2.281661 val_loss=2.282988 train_obj=3.628748 val_obj=3.630076 train_acc=0.2427 val_acc=0.2340
[cvx-sgd] epoch=180/200 train_loss=2.281472 val_loss=2.281978 train_obj=3.610647 val_obj=3.611153 train_acc=0.3135 val_acc=0.3030
[cvx-sgd] epoch=190/200 train_loss=2.281493 val_loss=2.282695 train_obj=3.598809 val_obj=3.600011 train_acc=0.2413 val_acc=0.2220
[cvx-sgd] epoch=200/200 train_loss=2.282362 val_loss=2.282688 train_obj=3.462114 val_obj=3.462440 train_acc=0.2720 val_acc=0.2830
[cvx-run] method=sgd beta=10 lr=0.005 bias=1 batch_size=full(6000) n_train=6000
[cvx-sgd] epoch=10/200 train_loss=3.672659 val_loss=3.594283 train_obj=17.841218 val_obj=17.762842 train_acc=0.0997 val_acc=0.1100
[cvx-sgd] epoch=20/200 train_loss=3.636857 val_loss=3.803077 train_obj=12.983019 val_obj=13.149239 train_acc=0.1663 val_acc=0.1625
[cvx-sgd] epoch=30/200 train_loss=3.052249 val_loss=3.009071 train_obj=9.606596 val_obj=9.563418 train_acc=0.1532 val_acc=0.1655
[cvx-sgd] epoch=40/200 train_loss=2.389021 val_loss=2.406690 train_obj=7.916211 val_obj=7.933880 train_acc=0.1047 val_acc=0.1020
[cvx-sgd] epoch=50/200 train_loss=2.254522 val_loss=2.253238 train_obj=7.109629 val_obj=7.108345 train_acc=0.1507 val_acc=0.1610
[cvx-sgd] epoch=60/200 train_loss=2.243034 val_loss=2.241877 train_obj=6.983453 val_obj=6.982296 train_acc=0.2023 val_acc=0.2100
[cvx-sgd] epoch=70/200 train_loss=2.240592 val_loss=2.240065 train_obj=7.034484 val_obj=7.033958 train_acc=0.2523 val_acc=0.2595
[cvx-sgd] epoch=80/200 train_loss=2.263544 val_loss=2.265108 train_obj=5.365464 val_obj=5.367029 train_acc=0.2787 val_acc=0.2515
[cvx-sgd] epoch=90/200 train_loss=2.264101 val_loss=2.263404 train_obj=4.919222 val_obj=4.918525 train_acc=0.2485 val_acc=0.2610
[cvx-sgd] epoch=100/200 train_loss=2.266156 val_loss=2.267446 train_obj=4.767801 val_obj=4.769091 train_acc=0.2857 val_acc=0.2705
[cvx-sgd] epoch=110/200 train_loss=2.267289 val_loss=2.268369 train_obj=4.688299 val_obj=4.689380 train_acc=0.2903 val_acc=0.2795
[cvx-sgd] epoch=120/200 train_loss=2.264557 val_loss=2.265623 train_obj=4.658399 val_obj=4.659465 train_acc=0.3157 val_acc=0.3230
[cvx-sgd] epoch=130/200 train_loss=2.272828 val_loss=2.273484 train_obj=3.891903 val_obj=3.892559 train_acc=0.2737 val_acc=0.2780
[cvx-sgd] epoch=140/200 train_loss=2.278990 val_loss=2.279353 train_obj=3.720560 val_obj=3.720923 train_acc=0.3100 val_acc=0.3025
[cvx-sgd] epoch=150/200 train_loss=2.281829 val_loss=2.282444 train_obj=3.614192 val_obj=3.614807 train_acc=0.2515 val_acc=0.2440
[cvx-sgd] epoch=160/200 train_loss=2.283138 val_loss=2.283734 train_obj=3.543425 val_obj=3.544021 train_acc=0.2712 val_acc=0.2610
[cvx-sgd] epoch=170/200 train_loss=2.283684 val_loss=2.284050 train_obj=3.530587 val_obj=3.530952 train_acc=0.3232 val_acc=0.3160
[cvx-sgd] epoch=180/200 train_loss=2.282839 val_loss=2.283917 train_obj=3.531300 val_obj=3.532378 train_acc=0.2200 val_acc=0.2165
[cvx-sgd] epoch=190/200 train_loss=2.282385 val_loss=2.283401 train_obj=3.531770 val_obj=3.532786 train_acc=0.2437 val_acc=0.2350
[cvx-sgd] epoch=200/200 train_loss=2.290403 val_loss=2.290875 train_obj=3.200285 val_obj=3.200757 train_acc=0.2438 val_acc=0.2335
[cvx-run] method=sgd beta=10 lr=0.01 bias=-1 batch_size=full(6000) n_train=6000
[cvx-sgd] epoch=10/200 train_loss=8.853848 val_loss=8.679241 train_obj=34.841324 val_obj=34.666717 train_acc=0.0997 val_acc=0.1100
[cvx-sgd] epoch=20/200 train_loss=7.663126 val_loss=7.387658 train_obj=26.291374 val_obj=26.015905 train_acc=0.1047 val_acc=0.1020
[cvx-sgd] epoch=30/200 train_loss=8.868528 val_loss=8.373590 train_obj=27.681681 val_obj=27.186742 train_acc=0.0922 val_acc=0.0990
[cvx-sgd] epoch=40/200 train_loss=5.259216 val_loss=5.205743 train_obj=18.575359 val_obj=18.521886 train_acc=0.1743 val_acc=0.1760
[cvx-sgd] epoch=50/200 train_loss=4.921818 val_loss=4.961406 train_obj=17.801438 val_obj=17.841027 train_acc=0.0997 val_acc=0.1100
[cvx-sgd] epoch=60/200 train_loss=3.580744 val_loss=3.590280 train_obj=10.802338 val_obj=10.811874 train_acc=0.1045 val_acc=0.1165
[cvx-sgd] epoch=70/200 train_loss=2.542450 val_loss=2.599369 train_obj=7.887217 val_obj=7.944135 train_acc=0.1028 val_acc=0.0885
[cvx-sgd] epoch=80/200 train_loss=2.288909 val_loss=2.278914 train_obj=6.895105 val_obj=6.885110 train_acc=0.1838 val_acc=0.1715
[cvx-sgd] epoch=90/200 train_loss=2.252149 val_loss=2.248737 train_obj=6.475091 val_obj=6.471679 train_acc=0.1568 val_acc=0.1685
[cvx-sgd] epoch=100/200 train_loss=2.245939 val_loss=2.249743 train_obj=6.434995 val_obj=6.438799 train_acc=0.1762 val_acc=0.1580
[cvx-sgd] epoch=110/200 train_loss=2.243436 val_loss=2.245272 train_obj=5.401904 val_obj=5.403740 train_acc=0.3048 val_acc=0.3035
[cvx-sgd] epoch=120/200 train_loss=2.262668 val_loss=2.264265 train_obj=4.855012 val_obj=4.856610 train_acc=0.2912 val_acc=0.2770
[cvx-sgd] epoch=130/200 train_loss=2.267496 val_loss=2.267946 train_obj=4.561000 val_obj=4.561450 train_acc=0.2963 val_acc=0.3080
[cvx-sgd] epoch=140/200 train_loss=2.269451 val_loss=2.270663 train_obj=4.478652 val_obj=4.479864 train_acc=0.2985 val_acc=0.2850
[cvx-sgd] epoch=150/200 train_loss=2.270288 val_loss=2.270768 train_obj=4.440767 val_obj=4.441246 train_acc=0.2525 val_acc=0.2625
[cvx-sgd] epoch=160/200 train_loss=2.269715 val_loss=2.270867 train_obj=4.461131 val_obj=4.462283 train_acc=0.2727 val_acc=0.2470
[cvx-sgd] epoch=170/200 train_loss=2.283134 val_loss=2.283614 train_obj=3.662815 val_obj=3.663296 train_acc=0.2708 val_acc=0.2685
[cvx-sgd] epoch=180/200 train_loss=2.284556 val_loss=2.284965 train_obj=3.509786 val_obj=3.510195 train_acc=0.2967 val_acc=0.2935
[cvx-sgd] epoch=190/200 train_loss=2.283788 val_loss=2.284307 train_obj=3.449579 val_obj=3.450097 train_acc=0.2637 val_acc=0.2745
[cvx-sgd] epoch=200/200 train_loss=2.285758 val_loss=2.286180 train_obj=3.408753 val_obj=3.409176 train_acc=0.2362 val_acc=0.2420
[cvx-run] method=sgd beta=10 lr=0.01 bias=-0.5 batch_size=full(6000) n_train=6000
[cvx-sgd] epoch=10/200 train_loss=10.211882 val_loss=9.975192 train_obj=36.730373 val_obj=36.493683 train_acc=0.0997 val_acc=0.1100
[cvx-sgd] epoch=20/200 train_loss=9.827556 val_loss=9.524703 train_obj=30.117929 val_obj=29.815076 train_acc=0.1315 val_acc=0.1420
[cvx-sgd] epoch=30/200 train_loss=5.178187 val_loss=5.237566 train_obj=19.728124 val_obj=19.787502 train_acc=0.1125 val_acc=0.1050
[cvx-sgd] epoch=40/200 train_loss=4.067035 val_loss=4.166549 train_obj=15.587871 val_obj=15.687385 train_acc=0.1028 val_acc=0.0885
[cvx-sgd] epoch=50/200 train_loss=3.395699 val_loss=3.411068 train_obj=13.765454 val_obj=13.780823 train_acc=0.1837 val_acc=0.1900
[cvx-sgd] epoch=60/200 train_loss=2.312822 val_loss=2.285111 train_obj=11.429707 val_obj=11.401996 train_acc=0.1045 val_acc=0.1165
[cvx-sgd] epoch=70/200 train_loss=2.641917 val_loss=2.626077 train_obj=11.567489 val_obj=11.551649 train_acc=0.2428 val_acc=0.2415
[cvx-sgd] epoch=80/200 train_loss=2.297729 val_loss=2.303673 train_obj=10.531893 val_obj=10.537837 train_acc=0.0960 val_acc=0.1030
[cvx-sgd] epoch=90/200 train_loss=2.221517 val_loss=2.225055 train_obj=10.524197 val_obj=10.527735 train_acc=0.1813 val_acc=0.1750
[cvx-sgd] epoch=100/200 train_loss=2.195321 val_loss=2.198123 train_obj=10.523312 val_obj=10.526114 train_acc=0.2682 val_acc=0.2755
[cvx-sgd] epoch=110/200 train_loss=2.193848 val_loss=2.192261 train_obj=10.411447 val_obj=10.409860 train_acc=0.2930 val_acc=0.3040
[cvx-sgd] epoch=120/200 train_loss=2.235045 val_loss=2.238260 train_obj=8.343067 val_obj=8.346282 train_acc=0.2913 val_acc=0.2755
[cvx-sgd] epoch=130/200 train_loss=2.236290 val_loss=2.237876 train_obj=7.012757 val_obj=7.014343 train_acc=0.2975 val_acc=0.2890
[cvx-sgd] epoch=140/200 train_loss=2.236535 val_loss=2.237553 train_obj=6.731182 val_obj=6.732201 train_acc=0.3337 val_acc=0.3240
[cvx-sgd] epoch=150/200 train_loss=2.236171 val_loss=2.237389 train_obj=6.711257 val_obj=6.712475 train_acc=0.3152 val_acc=0.2955
[cvx-sgd] epoch=160/200 train_loss=2.236906 val_loss=2.238182 train_obj=6.614840 val_obj=6.616116 train_acc=0.3123 val_acc=0.3045
[cvx-sgd] epoch=170/200 train_loss=2.239794 val_loss=2.240788 train_obj=6.660826 val_obj=6.661820 train_acc=0.2633 val_acc=0.2560
[cvx-sgd] epoch=180/200 train_loss=2.263258 val_loss=2.264936 train_obj=5.514275 val_obj=5.515953 train_acc=0.2753 val_acc=0.2710
[cvx-sgd] epoch=190/200 train_loss=2.263382 val_loss=2.264398 train_obj=4.795778 val_obj=4.796794 train_acc=0.3075 val_acc=0.2980
[cvx-sgd] epoch=200/200 train_loss=2.265711 val_loss=2.265669 train_obj=4.634450 val_obj=4.634408 train_acc=0.2453 val_acc=0.2555
[cvx-run] method=sgd beta=10 lr=0.01 bias=0 batch_size=full(6000) n_train=6000
[cvx-sgd] epoch=10/200 train_loss=10.059090 val_loss=10.276115 train_obj=37.834681 val_obj=38.051707 train_acc=0.1075 val_acc=0.0995
[cvx-sgd] epoch=20/200 train_loss=10.396777 val_loss=10.477164 train_obj=30.453211 val_obj=30.533599 train_acc=0.1313 val_acc=0.1295
[cvx-sgd] epoch=30/200 train_loss=9.794543 val_loss=10.013351 train_obj=26.688604 val_obj=26.907412 train_acc=0.1682 val_acc=0.1665
[cvx-sgd] epoch=40/200 train_loss=9.685755 val_loss=9.790304 train_obj=24.828146 val_obj=24.932696 train_acc=0.0977 val_acc=0.0935
[cvx-sgd] epoch=50/200 train_loss=5.462671 val_loss=5.450118 train_obj=16.844338 val_obj=16.831785 train_acc=0.0867 val_acc=0.0825
[cvx-sgd] epoch=60/200 train_loss=4.811545 val_loss=4.891570 train_obj=16.567627 val_obj=16.647652 train_acc=0.1623 val_acc=0.1600
[cvx-sgd] epoch=70/200 train_loss=4.973721 val_loss=5.093085 train_obj=15.245816 val_obj=15.365181 train_acc=0.0977 val_acc=0.0935
[cvx-sgd] epoch=80/200 train_loss=2.653260 val_loss=2.683100 train_obj=11.739311 val_obj=11.769151 train_acc=0.1130 val_acc=0.1055
[cvx-sgd] epoch=90/200 train_loss=3.111195 val_loss=3.146582 train_obj=11.891310 val_obj=11.926698 train_acc=0.1125 val_acc=0.1050
[cvx-sgd] epoch=100/200 train_loss=2.523897 val_loss=2.533594 train_obj=10.890811 val_obj=10.900508 train_acc=0.1047 val_acc=0.1020
[cvx-sgd] epoch=110/200 train_loss=2.275498 val_loss=2.290691 train_obj=10.164490 val_obj=10.179683 train_acc=0.1520 val_acc=0.1390
[cvx-sgd] epoch=120/200 train_loss=2.207563 val_loss=2.203637 train_obj=10.046339 val_obj=10.042413 train_acc=0.2965 val_acc=0.3090
[cvx-sgd] epoch=130/200 train_loss=2.214815 val_loss=2.215052 train_obj=7.435464 val_obj=7.435701 train_acc=0.3315 val_acc=0.3350
[cvx-sgd] epoch=140/200 train_loss=2.236077 val_loss=2.237633 train_obj=6.895237 val_obj=6.896792 train_acc=0.3382 val_acc=0.3270
[cvx-sgd] epoch=150/200 train_loss=2.241858 val_loss=2.243500 train_obj=6.603043 val_obj=6.604685 train_acc=0.3005 val_acc=0.3100
[cvx-sgd] epoch=160/200 train_loss=2.239638 val_loss=2.240659 train_obj=6.411134 val_obj=6.412155 train_acc=0.2833 val_acc=0.2785
[cvx-sgd] epoch=170/200 train_loss=2.244037 val_loss=2.245123 train_obj=6.385153 val_obj=6.386239 train_acc=0.2913 val_acc=0.2900
[cvx-sgd] epoch=180/200 train_loss=2.242214 val_loss=2.244950 train_obj=6.438520 val_obj=6.441256 train_acc=0.2475 val_acc=0.2350
[cvx-sgd] epoch=190/200 train_loss=2.262499 val_loss=2.263562 train_obj=4.812057 val_obj=4.813120 train_acc=0.2770 val_acc=0.2550
[cvx-sgd] epoch=200/200 train_loss=2.267631 val_loss=2.268550 train_obj=4.576891 val_obj=4.577810 train_acc=0.3042 val_acc=0.2865
[cvx-run] method=sgd beta=10 lr=0.01 bias=0.5 batch_size=full(6000) n_train=6000
[cvx-sgd] epoch=10/200 train_loss=16.470446 val_loss=16.317745 train_obj=46.437786 val_obj=46.285086 train_acc=0.0993 val_acc=0.0950
[cvx-sgd] epoch=20/200 train_loss=8.932340 val_loss=9.017776 train_obj=29.135314 val_obj=29.220750 train_acc=0.1000 val_acc=0.1080
[cvx-sgd] epoch=30/200 train_loss=10.229417 val_loss=10.433992 train_obj=27.234852 val_obj=27.439428 train_acc=0.1047 val_acc=0.1020
[cvx-sgd] epoch=40/200 train_loss=7.070179 val_loss=7.110165 train_obj=21.388901 val_obj=21.428887 train_acc=0.1028 val_acc=0.0885
[cvx-sgd] epoch=50/200 train_loss=4.091722 val_loss=4.168274 train_obj=15.223464 val_obj=15.300017 train_acc=0.1178 val_acc=0.1180
[cvx-sgd] epoch=60/200 train_loss=5.406968 val_loss=5.486137 train_obj=16.007135 val_obj=16.086304 train_acc=0.1000 val_acc=0.1080
[cvx-sgd] epoch=70/200 train_loss=4.213904 val_loss=4.177226 train_obj=13.064094 val_obj=13.027415 train_acc=0.1047 val_acc=0.1020
[cvx-sgd] epoch=80/200 train_loss=2.806963 val_loss=2.795189 train_obj=8.580564 val_obj=8.568790 train_acc=0.0977 val_acc=0.0935
[cvx-sgd] epoch=90/200 train_loss=2.437212 val_loss=2.448505 train_obj=7.183018 val_obj=7.194312 train_acc=0.1047 val_acc=0.1020
[cvx-sgd] epoch=100/200 train_loss=2.288792 val_loss=2.281645 train_obj=6.608979 val_obj=6.601832 train_acc=0.1732 val_acc=0.1670
[cvx-sgd] epoch=110/200 train_loss=2.252931 val_loss=2.255235 train_obj=6.327148 val_obj=6.329452 train_acc=0.2165 val_acc=0.2140
[cvx-sgd] epoch=120/200 train_loss=2.247993 val_loss=2.250913 train_obj=6.275513 val_obj=6.278434 train_acc=0.2522 val_acc=0.2380
[cvx-sgd] epoch=130/200 train_loss=2.245957 val_loss=2.248107 train_obj=6.362490 val_obj=6.364641 train_acc=0.2965 val_acc=0.2895
[cvx-sgd] epoch=140/200 train_loss=2.264849 val_loss=2.263775 train_obj=4.981327 val_obj=4.980253 train_acc=0.2953 val_acc=0.3125
[cvx-sgd] epoch=150/200 train_loss=2.267509 val_loss=2.268052 train_obj=4.571537 val_obj=4.572080 train_acc=0.2680 val_acc=0.2785
[cvx-sgd] epoch=160/200 train_loss=2.268143 val_loss=2.269215 train_obj=4.454896 val_obj=4.455967 train_acc=0.2987 val_acc=0.2830
[cvx-sgd] epoch=170/200 train_loss=2.271371 val_loss=2.272361 train_obj=4.402748 val_obj=4.403738 train_acc=0.2943 val_acc=0.2815
[cvx-sgd] epoch=180/200 train_loss=2.271636 val_loss=2.272353 train_obj=4.387398 val_obj=4.388114 train_acc=0.2765 val_acc=0.2745
[cvx-sgd] epoch=190/200 train_loss=2.271304 val_loss=2.272256 train_obj=4.409437 val_obj=4.410389 train_acc=0.3175 val_acc=0.3020
[cvx-sgd] epoch=200/200 train_loss=2.282915 val_loss=2.283592 train_obj=3.706888 val_obj=3.707566 train_acc=0.2180 val_acc=0.2210
[cvx-run] method=sgd beta=10 lr=0.01 bias=1 batch_size=full(6000) n_train=6000
[cvx-sgd] epoch=10/200 train_loss=10.738462 val_loss=10.779963 train_obj=40.668383 val_obj=40.709884 train_acc=0.1865 val_acc=0.1835
[cvx-sgd] epoch=20/200 train_loss=6.961810 val_loss=6.819512 train_obj=20.079517 val_obj=19.937219 train_acc=0.1045 val_acc=0.1165
[cvx-sgd] epoch=30/200 train_loss=4.413469 val_loss=4.356972 train_obj=12.606479 val_obj=12.549982 train_acc=0.1045 val_acc=0.1165
[cvx-sgd] epoch=40/200 train_loss=2.943562 val_loss=2.971018 train_obj=8.937661 val_obj=8.965117 train_acc=0.1028 val_acc=0.0885
[cvx-sgd] epoch=50/200 train_loss=2.408578 val_loss=2.391979 train_obj=7.329391 val_obj=7.312792 train_acc=0.0867 val_acc=0.0825
[cvx-sgd] epoch=60/200 train_loss=2.266829 val_loss=2.272556 train_obj=6.603892 val_obj=6.609619 train_acc=0.1852 val_acc=0.1805
[cvx-sgd] epoch=70/200 train_loss=2.248501 val_loss=2.254442 train_obj=6.569136 val_obj=6.575077 train_acc=0.1802 val_acc=0.1650
[cvx-sgd] epoch=80/200 train_loss=2.244900 val_loss=2.248944 train_obj=6.492496 val_obj=6.496540 train_acc=0.2007 val_acc=0.1885
[cvx-sgd] epoch=90/200 train_loss=2.266679 val_loss=2.266922 train_obj=5.260371 val_obj=5.260613 train_acc=0.2595 val_acc=0.2785
[cvx-sgd] epoch=100/200 train_loss=2.265078 val_loss=2.266109 train_obj=4.675047 val_obj=4.676078 train_acc=0.2890 val_acc=0.2675
[cvx-sgd] epoch=110/200 train_loss=2.267014 val_loss=2.266806 train_obj=4.578822 val_obj=4.578614 train_acc=0.3112 val_acc=0.3185
[cvx-sgd] epoch=120/200 train_loss=2.268575 val_loss=2.270008 train_obj=4.506707 val_obj=4.508140 train_acc=0.3050 val_acc=0.2845
[cvx-sgd] epoch=130/200 train_loss=2.268709 val_loss=2.269194 train_obj=4.506864 val_obj=4.507349 train_acc=0.2725 val_acc=0.2830
[cvx-sgd] epoch=140/200 train_loss=2.268093 val_loss=2.268913 train_obj=4.518355 val_obj=4.519174 train_acc=0.2870 val_acc=0.2945
[cvx-sgd] epoch=150/200 train_loss=2.281878 val_loss=2.281977 train_obj=3.784061 val_obj=3.784160 train_acc=0.2790 val_acc=0.2850
[cvx-sgd] epoch=160/200 train_loss=2.281971 val_loss=2.282245 train_obj=3.565277 val_obj=3.565552 train_acc=0.2677 val_acc=0.2745
[cvx-sgd] epoch=170/200 train_loss=2.282994 val_loss=2.283801 train_obj=3.491908 val_obj=3.492716 train_acc=0.2735 val_acc=0.2665
[cvx-sgd] epoch=180/200 train_loss=2.284822 val_loss=2.285667 train_obj=3.459220 val_obj=3.460066 train_acc=0.2393 val_acc=0.2310
[cvx-sgd] epoch=190/200 train_loss=2.283675 val_loss=2.283784 train_obj=3.463536 val_obj=3.463645 train_acc=0.2877 val_acc=0.3015
[cvx-sgd] epoch=200/200 train_loss=2.284539 val_loss=2.285021 train_obj=3.460810 val_obj=3.461292 train_acc=0.2608 val_acc=0.2470
[cvx-run] method=sgd beta=10 lr=0.1 bias=-1 batch_size=full(6000) n_train=6000
[cvx-sgd] epoch=10/200 train_loss=202.020203 val_loss=199.305862 train_obj=512.662453 val_obj=509.948112 train_acc=0.1045 val_acc=0.1165
[cvx-sgd] epoch=20/200 train_loss=120.958878 val_loss=119.040840 train_obj=364.310545 val_obj=362.392507 train_acc=0.0867 val_acc=0.0825
[cvx-sgd] epoch=30/200 train_loss=128.437943 val_loss=126.643341 train_obj=334.566905 val_obj=332.772304 train_acc=0.1258 val_acc=0.1225
[cvx-sgd] epoch=40/200 train_loss=72.387337 val_loss=72.287834 train_obj=213.087338 val_obj=212.987835 train_acc=0.0867 val_acc=0.0825
[cvx-sgd] epoch=50/200 train_loss=94.930435 val_loss=94.066795 train_obj=238.924697 val_obj=238.061057 train_acc=0.1047 val_acc=0.1020
[cvx-sgd] epoch=60/200 train_loss=54.313564 val_loss=54.012421 train_obj=133.821902 val_obj=133.520758 train_acc=0.1047 val_acc=0.1020
[cvx-sgd] epoch=70/200 train_loss=48.943943 val_loss=49.717125 train_obj=126.397682 val_obj=127.170864 train_acc=0.1047 val_acc=0.1020
[cvx-sgd] epoch=80/200 train_loss=30.821053 val_loss=31.110838 train_obj=82.116334 val_obj=82.406119 train_acc=0.1047 val_acc=0.1020
[cvx-sgd] epoch=90/200 train_loss=23.430395 val_loss=23.595934 train_obj=62.275821 val_obj=62.441360 train_acc=0.1047 val_acc=0.1020
[cvx-sgd] epoch=100/200 train_loss=12.264018 val_loss=12.111969 train_obj=36.745977 val_obj=36.593928 train_acc=0.1047 val_acc=0.1020
[cvx-sgd] epoch=110/200 train_loss=11.359443 val_loss=11.242253 train_obj=30.687454 val_obj=30.570265 train_acc=0.1148 val_acc=0.1105
[cvx-sgd] epoch=120/200 train_loss=6.830187 val_loss=6.818262 train_obj=23.047128 val_obj=23.035203 train_acc=0.1255 val_acc=0.1205
[cvx-sgd] epoch=130/200 train_loss=7.595331 val_loss=7.898661 train_obj=22.663564 val_obj=22.966894 train_acc=0.1028 val_acc=0.0885
[cvx-sgd] epoch=140/200 train_loss=9.958324 val_loss=10.098418 train_obj=25.290004 val_obj=25.430098 train_acc=0.0867 val_acc=0.0825
[cvx-sgd] epoch=150/200 train_loss=5.200553 val_loss=5.269287 train_obj=14.708379 val_obj=14.777112 train_acc=0.0977 val_acc=0.0935
[cvx-sgd] epoch=160/200 train_loss=3.051342 val_loss=3.042233 train_obj=9.739843 val_obj=9.730733 train_acc=0.1553 val_acc=0.1690
[cvx-sgd] epoch=170/200 train_loss=2.513534 val_loss=2.501395 train_obj=7.903075 val_obj=7.890935 train_acc=0.1000 val_acc=0.1080
[cvx-sgd] epoch=180/200 train_loss=2.326966 val_loss=2.348970 train_obj=7.296934 val_obj=7.318939 train_acc=0.0993 val_acc=0.0950
[cvx-sgd] epoch=190/200 train_loss=2.250396 val_loss=2.258897 train_obj=6.883232 val_obj=6.891733 train_acc=0.1875 val_acc=0.1730
[cvx-sgd] epoch=200/200 train_loss=2.239093 val_loss=2.241117 train_obj=6.876099 val_obj=6.878122 train_acc=0.2682 val_acc=0.2460
[cvx-run] method=sgd beta=10 lr=0.1 bias=-0.5 batch_size=full(6000) n_train=6000
[cvx-sgd] epoch=10/200 train_loss=191.819168 val_loss=194.111496 train_obj=526.438328 val_obj=528.730656 train_acc=0.0867 val_acc=0.0825
[cvx-sgd] epoch=20/200 train_loss=154.427338 val_loss=154.315247 train_obj=422.018947 val_obj=421.906856 train_acc=0.1125 val_acc=0.1050
[cvx-sgd] epoch=30/200 train_loss=164.998352 val_loss=164.439117 train_obj=374.646644 val_obj=374.087410 train_acc=0.0993 val_acc=0.0950
[cvx-sgd] epoch=40/200 train_loss=106.460228 val_loss=104.793236 train_obj=273.513604 val_obj=271.846612 train_acc=0.0993 val_acc=0.0950
[cvx-sgd] epoch=50/200 train_loss=59.312538 val_loss=59.426800 train_obj=163.030959 val_obj=163.145221 train_acc=0.0993 val_acc=0.0950
[cvx-sgd] epoch=60/200 train_loss=47.645847 val_loss=47.379929 train_obj=127.144147 val_obj=126.878228 train_acc=0.0993 val_acc=0.0950
[cvx-sgd] epoch=70/200 train_loss=27.508167 val_loss=27.401875 train_obj=80.700874 val_obj=80.594581 train_acc=0.1425 val_acc=0.1385
[cvx-sgd] epoch=80/200 train_loss=35.455692 val_loss=34.799229 train_obj=86.156690 val_obj=85.500226 train_acc=0.0867 val_acc=0.0825
[cvx-sgd] epoch=90/200 train_loss=15.743607 val_loss=16.390278 train_obj=46.151898 val_obj=46.798569 train_acc=0.1028 val_acc=0.0885
[cvx-sgd] epoch=100/200 train_loss=11.808245 val_loss=12.364701 train_obj=31.905098 val_obj=32.461554 train_acc=0.1028 val_acc=0.0885
[cvx-sgd] epoch=110/200 train_loss=8.271151 val_loss=8.599693 train_obj=26.141606 val_obj=26.470148 train_acc=0.1707 val_acc=0.1525
[cvx-sgd] epoch=120/200 train_loss=7.603291 val_loss=7.722240 train_obj=22.675442 val_obj=22.794392 train_acc=0.1833 val_acc=0.1870
[cvx-sgd] epoch=130/200 train_loss=4.677156 val_loss=4.690224 train_obj=17.805870 val_obj=17.818937 train_acc=0.0977 val_acc=0.0935
[cvx-sgd] epoch=140/200 train_loss=4.498881 val_loss=4.383337 train_obj=16.264581 val_obj=16.149036 train_acc=0.0867 val_acc=0.0825
[cvx-sgd] epoch=150/200 train_loss=4.794761 val_loss=4.801673 train_obj=16.776214 val_obj=16.783127 train_acc=0.1028 val_acc=0.0885
[cvx-sgd] epoch=160/200 train_loss=3.770360 val_loss=3.814748 train_obj=11.631110 val_obj=11.675498 train_acc=0.1047 val_acc=0.1020
[cvx-sgd] epoch=170/200 train_loss=2.433213 val_loss=2.454302 train_obj=8.569662 val_obj=8.590751 train_acc=0.1028 val_acc=0.0885
[cvx-sgd] epoch=180/200 train_loss=2.265254 val_loss=2.270141 train_obj=7.524143 val_obj=7.529030 train_acc=0.1240 val_acc=0.1165
[cvx-sgd] epoch=190/200 train_loss=2.256916 val_loss=2.248312 train_obj=7.107923 val_obj=7.099319 train_acc=0.1317 val_acc=0.1395
[cvx-sgd] epoch=200/200 train_loss=2.238116 val_loss=2.238475 train_obj=6.962844 val_obj=6.963202 train_acc=0.2477 val_acc=0.2440
[cvx-run] method=sgd beta=10 lr=0.1 bias=0 batch_size=full(6000) n_train=6000
[cvx-sgd] epoch=10/200 train_loss=135.952423 val_loss=138.323013 train_obj=407.348396 val_obj=409.718986 train_acc=0.1227 val_acc=0.1270
[cvx-sgd] epoch=20/200 train_loss=148.692902 val_loss=149.012619 train_obj=396.038284 val_obj=396.358001 train_acc=0.0997 val_acc=0.1100
[cvx-sgd] epoch=30/200 train_loss=97.845398 val_loss=97.052216 train_obj=284.199119 val_obj=283.405937 train_acc=0.1768 val_acc=0.1860
[cvx-sgd] epoch=40/200 train_loss=109.521965 val_loss=112.053688 train_obj=291.675564 val_obj=294.207287 train_acc=0.1723 val_acc=0.1795
[cvx-sgd] epoch=50/200 train_loss=55.804363 val_loss=57.083862 train_obj=154.208503 val_obj=155.488003 train_acc=0.1607 val_acc=0.1500
[cvx-sgd] epoch=60/200 train_loss=49.710613 val_loss=50.565125 train_obj=149.542185 val_obj=150.396696 train_acc=0.1122 val_acc=0.1190
[cvx-sgd] epoch=70/200 train_loss=43.351639 val_loss=42.794640 train_obj=118.621022 val_obj=118.064023 train_acc=0.0997 val_acc=0.1100
[cvx-sgd] epoch=80/200 train_loss=24.503223 val_loss=23.600044 train_obj=76.199859 val_obj=75.296680 train_acc=0.1257 val_acc=0.1410
[cvx-sgd] epoch=90/200 train_loss=20.694359 val_loss=20.246719 train_obj=61.487780 val_obj=61.040140 train_acc=0.1045 val_acc=0.1165
[cvx-sgd] epoch=100/200 train_loss=22.808578 val_loss=21.850704 train_obj=62.175874 val_obj=61.217999 train_acc=0.1000 val_acc=0.1080
[cvx-sgd] epoch=110/200 train_loss=18.822374 val_loss=18.827339 train_obj=52.428301 val_obj=52.433266 train_acc=0.1878 val_acc=0.1740
[cvx-sgd] epoch=120/200 train_loss=18.850473 val_loss=19.072624 train_obj=50.326706 val_obj=50.548857 train_acc=0.0880 val_acc=0.0845
[cvx-sgd] epoch=130/200 train_loss=12.778502 val_loss=13.001187 train_obj=33.585735 val_obj=33.808420 train_acc=0.0993 val_acc=0.0950
[cvx-sgd] epoch=140/200 train_loss=5.363394 val_loss=5.257723 train_obj=20.958879 val_obj=20.853207 train_acc=0.1045 val_acc=0.1165
[cvx-sgd] epoch=150/200 train_loss=8.202888 val_loss=8.089855 train_obj=24.376694 val_obj=24.263660 train_acc=0.0922 val_acc=0.0990
[cvx-sgd] epoch=160/200 train_loss=4.521092 val_loss=4.428030 train_obj=13.956096 val_obj=13.863034 train_acc=0.1000 val_acc=0.1080
[cvx-sgd] epoch=170/200 train_loss=2.849696 val_loss=2.830594 train_obj=9.615019 val_obj=9.595917 train_acc=0.1045 val_acc=0.1165
[cvx-sgd] epoch=180/200 train_loss=2.554606 val_loss=2.546494 train_obj=7.995879 val_obj=7.987767 train_acc=0.0922 val_acc=0.0990
[cvx-sgd] epoch=190/200 train_loss=2.291200 val_loss=2.314961 train_obj=7.116927 val_obj=7.140688 train_acc=0.1125 val_acc=0.1050
[cvx-sgd] epoch=200/200 train_loss=2.246485 val_loss=2.255626 train_obj=6.909712 val_obj=6.918853 train_acc=0.1790 val_acc=0.1715
[cvx-run] method=sgd beta=10 lr=0.1 bias=0.5 batch_size=full(6000) n_train=6000
[cvx-sgd] epoch=10/200 train_loss=192.687958 val_loss=194.129181 train_obj=541.283852 val_obj=542.725075 train_acc=0.1000 val_acc=0.1080
[cvx-sgd] epoch=20/200 train_loss=108.872375 val_loss=111.351814 train_obj=342.583543 val_obj=345.062982 train_acc=0.0867 val_acc=0.0825
[cvx-sgd] epoch=30/200 train_loss=81.079247 val_loss=81.250389 train_obj=233.967924 val_obj=234.139066 train_acc=0.1000 val_acc=0.1080
[cvx-sgd] epoch=40/200 train_loss=101.740334 val_loss=102.732147 train_obj=261.403675 val_obj=262.395489 train_acc=0.0993 val_acc=0.0950
[cvx-sgd] epoch=50/200 train_loss=62.197792 val_loss=63.112328 train_obj=166.268121 val_obj=167.182657 train_acc=0.0993 val_acc=0.0950
[cvx-sgd] epoch=60/200 train_loss=52.973812 val_loss=52.797928 train_obj=141.997071 val_obj=141.821187 train_acc=0.1028 val_acc=0.0885
[cvx-sgd] epoch=70/200 train_loss=74.433022 val_loss=74.454231 train_obj=171.632180 val_obj=171.653389 train_acc=0.1028 val_acc=0.0885
[cvx-sgd] epoch=80/200 train_loss=47.113480 val_loss=48.555164 train_obj=129.836146 val_obj=131.277831 train_acc=0.1390 val_acc=0.1335
[cvx-sgd] epoch=90/200 train_loss=54.128139 val_loss=54.398594 train_obj=128.751359 val_obj=129.021814 train_acc=0.0993 val_acc=0.0950
[cvx-sgd] epoch=100/200 train_loss=32.412693 val_loss=32.654099 train_obj=92.579607 val_obj=92.821012 train_acc=0.1002 val_acc=0.1105
[cvx-sgd] epoch=110/200 train_loss=13.510936 val_loss=13.680103 train_obj=49.546597 val_obj=49.715764 train_acc=0.1057 val_acc=0.1010
[cvx-sgd] epoch=120/200 train_loss=19.592484 val_loss=19.190535 train_obj=53.836713 val_obj=53.434764 train_acc=0.0982 val_acc=0.0955
[cvx-sgd] epoch=130/200 train_loss=13.488170 val_loss=13.351865 train_obj=37.499352 val_obj=37.363048 train_acc=0.0867 val_acc=0.0825
[cvx-sgd] epoch=140/200 train_loss=8.420002 val_loss=8.383165 train_obj=27.761655 val_obj=27.724819 train_acc=0.0977 val_acc=0.0935
[cvx-sgd] epoch=150/200 train_loss=12.654073 val_loss=12.417505 train_obj=32.031217 val_obj=31.794649 train_acc=0.0997 val_acc=0.1100
[cvx-sgd] epoch=160/200 train_loss=11.649591 val_loss=11.655392 train_obj=28.579829 val_obj=28.585629 train_acc=0.0997 val_acc=0.1100
[cvx-sgd] epoch=170/200 train_loss=9.541717 val_loss=9.381636 train_obj=24.798610 val_obj=24.638529 train_acc=0.0993 val_acc=0.0950
[cvx-sgd] epoch=180/200 train_loss=5.170688 val_loss=5.112103 train_obj=14.181578 val_obj=14.122994 train_acc=0.0993 val_acc=0.0950
[cvx-sgd] epoch=190/200 train_loss=3.459033 val_loss=3.438169 train_obj=10.188240 val_obj=10.167375 train_acc=0.1000 val_acc=0.1080
[cvx-sgd] epoch=200/200 train_loss=2.559833 val_loss=2.587788 train_obj=7.905626 val_obj=7.933581 train_acc=0.1455 val_acc=0.1440
[cvx-run] method=sgd beta=10 lr=0.1 bias=1 batch_size=full(6000) n_train=6000
[cvx-sgd] epoch=10/200 train_loss=140.001556 val_loss=139.586868 train_obj=443.369545 val_obj=442.954857 train_acc=0.1047 val_acc=0.1020
[cvx-sgd] epoch=20/200 train_loss=96.958618 val_loss=96.754997 train_obj=319.797641 val_obj=319.594020 train_acc=0.1708 val_acc=0.1745
[cvx-sgd] epoch=30/200 train_loss=104.858521 val_loss=103.202408 train_obj=272.775636 val_obj=271.119524 train_acc=0.1030 val_acc=0.1015
[cvx-sgd] epoch=40/200 train_loss=64.425743 val_loss=65.366173 train_obj=175.150324 val_obj=176.090753 train_acc=0.1047 val_acc=0.1020
[cvx-sgd] epoch=50/200 train_loss=40.773884 val_loss=39.629940 train_obj=120.290385 val_obj=119.146441 train_acc=0.1047 val_acc=0.1020
[cvx-sgd] epoch=60/200 train_loss=42.727093 val_loss=41.197781 train_obj=116.941029 val_obj=115.411716 train_acc=0.0998 val_acc=0.1100
[cvx-sgd] epoch=70/200 train_loss=62.815804 val_loss=60.840298 train_obj=146.073164 val_obj=144.097658 train_acc=0.0997 val_acc=0.1100
[cvx-sgd] epoch=80/200 train_loss=24.952135 val_loss=24.398548 train_obj=68.610300 val_obj=68.056713 train_acc=0.0997 val_acc=0.1100
[cvx-sgd] epoch=90/200 train_loss=20.550446 val_loss=19.570156 train_obj=59.345874 val_obj=58.365585 train_acc=0.1582 val_acc=0.1755
[cvx-sgd] epoch=100/200 train_loss=11.608522 val_loss=11.116653 train_obj=35.694241 val_obj=35.202372 train_acc=0.1045 val_acc=0.1165
[cvx-sgd] epoch=110/200 train_loss=5.072131 val_loss=5.020037 train_obj=19.060212 val_obj=19.008118 train_acc=0.0867 val_acc=0.0825
[cvx-sgd] epoch=120/200 train_loss=5.613595 val_loss=5.736888 train_obj=19.225049 val_obj=19.348342 train_acc=0.1028 val_acc=0.0885
[cvx-sgd] epoch=130/200 train_loss=6.323356 val_loss=6.162273 train_obj=20.868334 val_obj=20.707251 train_acc=0.1000 val_acc=0.1080
[cvx-sgd] epoch=140/200 train_loss=3.798959 val_loss=3.714170 train_obj=11.721862 val_obj=11.637072 train_acc=0.0977 val_acc=0.0935
[cvx-sgd] epoch=150/200 train_loss=2.414368 val_loss=2.404449 train_obj=8.364103 val_obj=8.354184 train_acc=0.0867 val_acc=0.0825
[cvx-sgd] epoch=160/200 train_loss=2.294625 val_loss=2.295886 train_obj=7.492788 val_obj=7.494049 train_acc=0.1575 val_acc=0.1540
[cvx-sgd] epoch=170/200 train_loss=2.256574 val_loss=2.265347 train_obj=7.061855 val_obj=7.070628 train_acc=0.1488 val_acc=0.1355
[cvx-sgd] epoch=180/200 train_loss=2.237444 val_loss=2.239539 train_obj=6.947828 val_obj=6.949923 train_acc=0.2825 val_acc=0.2890
[cvx-sgd] epoch=190/200 train_loss=2.237669 val_loss=2.237114 train_obj=6.924349 val_obj=6.923794 train_acc=0.2817 val_acc=0.2920
[cvx-sgd] epoch=200/200 train_loss=2.261628 val_loss=2.263414 train_obj=5.697140 val_obj=5.698926 train_acc=0.3095 val_acc=0.3060
{
  "mode": "simple",
  "simple_side": "cvx_only",
  "dataset": "mnist_seq",
  "fixed_grids": {
    "beta_grid": [
      0.01,
      0.1,
      0.5,
      1.0,
      5.0,
      10.0
    ],
    "lr_grid": [
      0.001,
      0.005,
      0.01,
      0.1
    ],
    "bias_grid": [
      -1.0,
      -0.5,
      0.0,
      0.5,
      1.0
    ]
  },
  "cvx_gaussian": {
    "selected_params": {
      "lr": 0.005,
      "beta": 0.01,
      "bias": -1.0
    },
    "final_losses": {
      "train_loss": 0.2589564621448517,
      "val_loss": 0.528499186038971,
      "test_loss": 0.5518625378608704,
      "train_objective": 0.4100195706323482,
      "val_objective": 0.6795622945264674,
      "test_objective": 0.7029256463483669
    },
    "diagnostics": {
      "primal_value": 0.4100195706323482,
      "dual_value": NaN,
      "gap": NaN,
      "train_loss": 0.2589564621448517,
      "val_loss": 0.528499186038971,
      "test_loss": 0.5518625378608704
    },
    "test_last_step_acc": 0.8308
  }
}
